{
    "type": "FeatureCollection",
    "features": [
        {
            "type": "Feature",
            "geometry": {
                "type": "Point",
                "coordinates": [
                    137.0859625,
                    35.2148369
                ]
            },
            "properties": {
                "addr:city": "瀬戸市",
                "addr:province": "愛知県",
                "name": "フィール",
                "shop": "supermarket",
                "osm_type": "node",
                "osm_id": 436169752,
                "tag": "shop=supermarket"
            }
        },
        {
            "type": "Feature",
            "geometry": {
                "type": "Point",
                "coordinates": [
                    137.0653075,
                    34.9928742
                ]
            },
            "properties": {
                "addr:block_number": "1",
                "addr:city": "知立市",
                "addr:neighbourhood": "9丁目",
                "addr:postcode": "472-0011",
                "addr:province": "愛知県",
                "addr:quarter": "昭和",
                "name": "Marusu",
                "opening_hours": "Mo-Su 09:00-21:00",
                "payment:app": "yes",
                "payment:cash": "yes",
                "payment:credit_cards": "yes",
                "shop": "supermarket",
                "osm_type": "node",
                "osm_id": 439968657,
                "tag": "shop=supermarket"
            }
        },
        {
            "type": "Feature",
            "geometry": {
                "type": "Point",
                "coordinates": [
                    136.9922983,
                    35.1396412
                ]
            },
            "properties": {
                "brand": "ピアゴ",
                "brand:en": "PIAGO",
                "brand:ja": "ピアゴ",
                "brand:wikidata": "Q91014434",
                "check_date": "2026-03-31",
                "name": "ピアゴ",
                "name:en": "PIAGO",
                "name:ja": "ピアゴ",
                "shop": "supermarket",
                "osm_type": "node",
                "osm_id": 460279564,
                "tag": "shop=supermarket"
            }
        },
        {
            "type": "Feature",
            "geometry": {
                "type": "Point",
                "coordinates": [
                    136.9482027,
                    35.0519042
                ]
            },
            "properties": {
                "addr:block_number": "450",
                "addr:city": "名古屋市",
                "addr:neighbourhood": "南大高二丁目",
                "addr:province": "愛知県",
                "addr:suburb": "緑区",
                "branch": "大高店",
                "brand": "イオン",
                "brand:en": "AEON",
                "brand:ja": "イオン",
                "brand:wikidata": "Q11285951",
                "name": "イオン",
                "name:en": "AEON",
                "name:ja": "イオン",
                "shop": "supermarket",
                "osm_type": "node",
                "osm_id": 475476713,
                "tag": "shop=supermarket"
            }
        },
        {
            "type": "Feature",
            "geometry": {
                "type": "Point",
                "coordinates": [
                    136.7841862,
                    35.3059401
                ]
            },
            "properties": {
                "branch": "一宮西店",
                "brand": "バロー",
                "brand:en": "Valor",
                "brand:ja": "バロー",
                "brand:wikidata": "Q11328346",
                "brand:wikipedia": "ja:バロー (チェーンストア)",
                "name": "バロー",
                "name:en": "Valor",
                "name:ja": "バロー",
                "opening_hours": "Mo-Sa 10:00-23:00; Su 10:00-18:00",
                "shop": "supermarket",
                "source": "ortho photo",
                "osm_type": "node",
                "osm_id": 506217589,
                "tag": "shop=supermarket"
            }
        },
        {
            "type": "Feature",
            "geometry": {
                "type": "Point",
                "coordinates": [
                    137.0814124,
                    35.2217785
                ]
            },
            "properties": {
                "addr:block_number": "12",
                "addr:city": "瀬戸市",
                "addr:neighbourhood": "共栄通二丁目",
                "addr:postcode": "489-0809",
                "addr:province": "愛知県",
                "branch": "共栄店",
                "brand": "ヤマナカ",
                "brand:en": "Yamanaka",
                "brand:ja": "ヤマナカ",
                "brand:wikidata": "Q11345199",
                "name": "ヤマナカ",
                "name:en": "Yamanaka",
                "name:ja": "ヤマナカ",
                "opening_hours": "Mo-Su 09:30-21:00",
                "shop": "supermarket",
                "url": "https://www.super-yamanaka.co.jp/shop/shop036",
                "osm_type": "node",
                "osm_id": 539504360,
                "tag": "shop=supermarket"
            }
        },
        {
            "type": "Feature",
            "geometry": {
                "type": "Point",
                "coordinates": [
                    136.7446277,
                    35.4478053
                ]
            },
            "properties": {
                "brand": "イオン",
                "brand:en": "AEON",
                "brand:ja": "イオン",
                "brand:wikidata": "Q11285951",
                "name": "イオン",
                "name:en": "AEON",
                "name:ja": "イオン",
                "name:ja_rm": "Ion",
                "shop": "supermarket",
                "source": "local knowledge",
                "osm_type": "node",
                "osm_id": 569107906,
                "tag": "shop=supermarket"
            }
        },
        {
            "type": "Feature",
            "geometry": {
                "type": "Point",
                "coordinates": [
                    137.0705346,
                    35.2242587
                ]
            },
            "properties": {
                "shop": "supermarket",
                "osm_type": "node",
                "osm_id": 574790531,
                "tag": "shop=supermarket"
            }
        },
        {
            "type": "Feature",
            "geometry": {
                "type": "Point",
                "coordinates": [
                    136.7595825,
                    35.2839343
                ]
            },
            "properties": {
                "name": "アオキスーパー",
                "shop": "supermarket",
                "osm_type": "node",
                "osm_id": 671617682,
                "tag": "shop=supermarket"
            }
        },
        {
            "type": "Feature",
            "geometry": {
                "type": "Point",
                "coordinates": [
                    136.7972121,
                    35.297119
                ]
            },
            "properties": {
                "name": "スーパーカネスエ",
                "shop": "supermarket",
                "osm_type": "node",
                "osm_id": 691653852,
                "tag": "shop=supermarket"
            }
        },
        {
            "type": "Feature",
            "geometry": {
                "type": "Point",
                "coordinates": [
                    136.7617544,
                    35.3054706
                ]
            },
            "properties": {
                "name": "三心",
                "shop": "supermarket",
                "osm_type": "node",
                "osm_id": 745778778,
                "tag": "shop=supermarket"
            }
        },
        {
            "type": "Feature",
            "geometry": {
                "type": "Point",
                "coordinates": [
                    136.7898833,
                    35.3045317
                ]
            },
            "properties": {
                "name": "市場３６５　旬楽膳",
                "shop": "supermarket",
                "osm_type": "node",
                "osm_id": 756562074,
                "tag": "shop=supermarket"
            }
        },
        {
            "type": "Feature",
            "geometry": {
                "type": "Point",
                "coordinates": [
                    137.0912911,
                    35.1281113
                ]
            },
            "properties": {
                "brand": "ピアゴ",
                "brand:en": "PIAGO",
                "brand:ja": "ピアゴ",
                "brand:wikidata": "Q91014434",
                "name": "ピアゴ",
                "name:en": "PIAGO",
                "name:ja": "ピアゴ",
                "shop": "supermarket",
                "osm_type": "node",
                "osm_id": 842034323,
                "tag": "shop=supermarket"
            }
        },
        {
            "type": "Feature",
            "geometry": {
                "type": "Point",
                "coordinates": [
                    137.7867573,
                    35.0716703
                ]
            },
            "properties": {
                "name": "藤本屋",
                "shop": "supermarket",
                "osm_type": "node",
                "osm_id": 940925885,
                "tag": "shop=supermarket"
            }
        },
        {
            "type": "Feature",
            "geometry": {
                "type": "Point",
                "coordinates": [
                    137.7171655,
                    35.1462193
                ]
            },
            "properties": {
                "name": "坂口屋",
                "shop": "supermarket",
                "osm_type": "node",
                "osm_id": 946428595,
                "tag": "shop=supermarket"
            }
        },
        {
            "type": "Feature",
            "geometry": {
                "type": "Point",
                "coordinates": [
                    137.7168383,
                    35.1461447
                ]
            },
            "properties": {
                "name": "常盤屋商店",
                "shop": "supermarket",
                "osm_type": "node",
                "osm_id": 946428597,
                "tag": "shop=supermarket"
            }
        },
        {
            "type": "Feature",
            "geometry": {
                "type": "Point",
                "coordinates": [
                    136.969017,
                    35.226623
                ]
            },
            "properties": {
                "name": "コノミヤ",
                "shop": "supermarket",
                "osm_type": "node",
                "osm_id": 969587026,
                "tag": "shop=supermarket"
            }
        },
        {
            "type": "Feature",
            "geometry": {
                "type": "Point",
                "coordinates": [
                    137.5019932,
                    34.9028153
                ]
            },
            "properties": {
                "name": "スーパー金沢屋",
                "shop": "supermarket",
                "osm_type": "node",
                "osm_id": 1112560504,
                "tag": "shop=supermarket"
            }
        },
        {
            "type": "Feature",
            "geometry": {
                "type": "Point",
                "coordinates": [
                    137.5084911,
                    34.9022278
                ]
            },
            "properties": {
                "shop": "supermarket",
                "osm_type": "node",
                "osm_id": 1112663455,
                "tag": "shop=supermarket"
            }
        },
        {
            "type": "Feature",
            "geometry": {
                "type": "Point",
                "coordinates": [
                    137.4713043,
                    34.8873546
                ]
            },
            "properties": {
                "name": "マルイチ 野田店",
                "shop": "supermarket",
                "osm_type": "node",
                "osm_id": 1140171581,
                "tag": "shop=supermarket"
            }
        },
        {
            "type": "Feature",
            "geometry": {
                "type": "Point",
                "coordinates": [
                    137.0229255,
                    34.9996783
                ]
            },
            "properties": {
                "name": "ドミー知立店",
                "shop": "supermarket",
                "osm_type": "node",
                "osm_id": 1301834746,
                "tag": "shop=supermarket"
            }
        },
        {
            "type": "Feature",
            "geometry": {
                "type": "Point",
                "coordinates": [
                    137.027524,
                    35.1424596
                ]
            },
            "properties": {
                "brand": "ピアゴ",
                "brand:en": "PIAGO",
                "brand:ja": "ピアゴ",
                "brand:wikidata": "Q91014434",
                "int_name": "PIAGO",
                "name": "ピアゴ",
                "name:en": "PIAGO",
                "name:ja": "ピアゴ",
                "shop": "supermarket",
                "osm_type": "node",
                "osm_id": 1310712531,
                "tag": "shop=supermarket"
            }
        },
        {
            "type": "Feature",
            "geometry": {
                "type": "Point",
                "coordinates": [
                    137.0398137,
                    35.1726563
                ]
            },
            "properties": {
                "int_name": "Aoki Supermarket",
                "name": "アオキスーパー",
                "shop": "supermarket",
                "source": "Bing, 2004-11",
                "osm_type": "node",
                "osm_id": 1319136288,
                "tag": "shop=supermarket"
            }
        },
        {
            "type": "Feature",
            "geometry": {
                "type": "Point",
                "coordinates": [
                    137.0301124,
                    35.1621053
                ]
            },
            "properties": {
                "brand": "ピアゴ",
                "brand:en": "PIAGO",
                "brand:ja": "ピアゴ",
                "brand:wikidata": "Q91014434",
                "int_name": "PIAGO",
                "name": "ピアゴ",
                "name:en": "PIAGO",
                "name:ja": "ピアゴ",
                "shop": "supermarket",
                "source": "Bing, 2004-11",
                "osm_type": "node",
                "osm_id": 1319136449,
                "tag": "shop=supermarket"
            }
        },
        {
            "type": "Feature",
            "geometry": {
                "type": "Point",
                "coordinates": [
                    137.0371048,
                    35.1562751
                ]
            },
            "properties": {
                "int_name": "Aoki Surper",
                "name": "アオキスーパー",
                "shop": "supermarket",
                "source": "Bing, 2004-11",
                "osm_type": "node",
                "osm_id": 1319911998,
                "tag": "shop=supermarket"
            }
        },
        {
            "type": "Feature",
            "geometry": {
                "type": "Point",
                "coordinates": [
                    137.619019,
                    35.1696173
                ]
            },
            "properties": {
                "branch": "津具店",
                "name": "食彩広場",
                "shop": "supermarket",
                "osm_type": "node",
                "osm_id": 1351084665,
                "tag": "shop=supermarket"
            }
        },
        {
            "type": "Feature",
            "geometry": {
                "type": "Point",
                "coordinates": [
                    136.9090109,
                    35.0270527
                ]
            },
            "properties": {
                "name": "マックスバリュ東海荒尾店",
                "shop": "supermarket",
                "osm_type": "node",
                "osm_id": 1423988430,
                "tag": "shop=supermarket"
            }
        },
        {
            "type": "Feature",
            "geometry": {
                "type": "Point",
                "coordinates": [
                    136.8905442,
                    35.1330601
                ]
            },
            "properties": {
                "name": "サンパティークヒビノ",
                "name:en": "San Patrick Hibino",
                "opening_hours": "Mo-Sa 10:00-20:00; Su 10:00-19:00",
                "phone": "+81 52-681-4666",
                "shop": "supermarket",
                "source": "knowledge",
                "website": "https://www.facebook.com/pages/%E3%82%B5%E3%83%B3%E3%83%91%E3%83%86%E3%82%A3%E3%83%BC%E3%82%AF%E3%83%92%E3%83%93%E3%83%8E/152175951478637",
                "osm_type": "node",
                "osm_id": 1423991948,
                "tag": "shop=supermarket"
            }
        },
        {
            "type": "Feature",
            "geometry": {
                "type": "Point",
                "coordinates": [
                    137.5702237,
                    35.0932038
                ]
            },
            "properties": {
                "name": "食彩広場田口店",
                "shop": "supermarket",
                "osm_type": "node",
                "osm_id": 1431546624,
                "tag": "shop=supermarket"
            }
        },
        {
            "type": "Feature",
            "geometry": {
                "type": "Point",
                "coordinates": [
                    136.7861167,
                    35.4485423
                ]
            },
            "properties": {
                "brand": "バロー",
                "brand:en": "Valor",
                "brand:ja": "バロー",
                "brand:wikidata": "Q11328346",
                "brand:wikipedia": "ja:バロー (チェーンストア)",
                "name": "バロー",
                "name:en": "Valor",
                "name:ja": "バロー",
                "name:ja_rm": "Baro",
                "shop": "supermarket",
                "source": "local knowledge",
                "osm_type": "node",
                "osm_id": 1520680553,
                "tag": "shop=supermarket"
            }
        },
        {
            "type": "Feature",
            "geometry": {
                "type": "Point",
                "coordinates": [
                    136.690161,
                    35.0522769
                ]
            },
            "properties": {
                "name": "１号館",
                "shop": "supermarket",
                "osm_type": "node",
                "osm_id": 1540853070,
                "tag": "shop=supermarket"
            }
        },
        {
            "type": "Feature",
            "geometry": {
                "type": "Point",
                "coordinates": [
                    136.8667933,
                    35.2632326
                ]
            },
            "properties": {
                "name": "ディスカウントスーパー トップ1",
                "shop": "supermarket",
                "osm_type": "node",
                "osm_id": 1615754094,
                "tag": "shop=supermarket"
            }
        },
        {
            "type": "Feature",
            "geometry": {
                "type": "Point",
                "coordinates": [
                    137.1551013,
                    35.0874816
                ]
            },
            "properties": {
                "name": "t-FACE",
                "shop": "supermarket",
                "website": "https://www.t-face.com/",
                "osm_type": "node",
                "osm_id": 1616457035,
                "tag": "shop=supermarket"
            }
        },
        {
            "type": "Feature",
            "geometry": {
                "type": "Point",
                "coordinates": [
                    137.15729,
                    35.0877625
                ]
            },
            "properties": {
                "name": "メグリア　セントレ",
                "shop": "supermarket",
                "website": "http://www.meglia-net.jp/",
                "osm_type": "node",
                "osm_id": 1616457154,
                "tag": "shop=supermarket"
            }
        },
        {
            "type": "Feature",
            "geometry": {
                "type": "Point",
                "coordinates": [
                    136.9476822,
                    35.2324281
                ]
            },
            "properties": {
                "branch": "勝川店",
                "brand": "西友",
                "brand:en": "Seiyu",
                "brand:ja": "西友",
                "brand:wikidata": "Q3108542",
                "check_date": "2023-10-30",
                "name": "西友",
                "name:en": "Seiyu",
                "name:ja": "西友",
                "opening_hours": "24/7",
                "shop": "supermarket",
                "osm_type": "node",
                "osm_id": 1619057446,
                "tag": "shop=supermarket"
            }
        },
        {
            "type": "Feature",
            "geometry": {
                "type": "Point",
                "coordinates": [
                    137.011806,
                    35.181858
                ]
            },
            "properties": {
                "name": "トップワン食品館本郷店",
                "shop": "supermarket",
                "osm_type": "node",
                "osm_id": 1636698376,
                "tag": "shop=supermarket"
            }
        },
        {
            "type": "Feature",
            "geometry": {
                "type": "Point",
                "coordinates": [
                    137.013333,
                    35.1758647
                ]
            },
            "properties": {
                "branch": "本郷店",
                "brand": "マックスバリュ",
                "brand:en": "MaxValu",
                "brand:ja": "マックスバリュ",
                "brand:wikidata": "Q11340427",
                "brand:wikipedia": "en:MaxValu",
                "name": "マックスバリュ",
                "name:en": "MaxValu",
                "name:ja": "マックスバリュ",
                "name:ja_rm": "Pikokku Sutoa",
                "shop": "supermarket",
                "osm_type": "node",
                "osm_id": 1637352979,
                "tag": "shop=supermarket"
            }
        },
        {
            "type": "Feature",
            "geometry": {
                "type": "Point",
                "coordinates": [
                    137.0225091,
                    35.1822974
                ]
            },
            "properties": {
                "brand": "マックスバリュ",
                "brand:en": "MaxValu",
                "brand:ja": "マックスバリュ",
                "brand:wikidata": "Q11340427",
                "brand:wikipedia": "en:MaxValu",
                "name": "マックスバリュ",
                "name:en": "MaxValu",
                "name:ja": "マックスバリュ",
                "shop": "supermarket",
                "osm_type": "node",
                "osm_id": 1648219077,
                "tag": "shop=supermarket"
            }
        },
        {
            "type": "Feature",
            "geometry": {
                "type": "Point",
                "coordinates": [
                    137.0217554,
                    35.1824074
                ]
            },
            "properties": {
                "brand": "成城石井",
                "brand:en": "Seijo Ishii",
                "brand:ja": "成城石井",
                "brand:wikidata": "Q11495410",
                "brand:wikipedia": "ja:成城石井",
                "name": "成城石井",
                "name:en": "Seijo Ishii",
                "name:ja": "成城石井",
                "name:ja_rm": "Seijo Ishii",
                "shop": "supermarket",
                "osm_type": "node",
                "osm_id": 1648219086,
                "tag": "shop=supermarket"
            }
        },
        {
            "type": "Feature",
            "geometry": {
                "type": "Point",
                "coordinates": [
                    137.7037289,
                    35.0732115
                ]
            },
            "properties": {
                "name": "スパー東栄店",
                "shop": "supermarket",
                "osm_type": "node",
                "osm_id": 1653776447,
                "tag": "shop=supermarket"
            }
        },
        {
            "type": "Feature",
            "geometry": {
                "type": "Point",
                "coordinates": [
                    137.7027714,
                    35.0710207
                ]
            },
            "properties": {
                "name": "ママチェーンモミヤマ本郷店",
                "shop": "supermarket",
                "osm_type": "node",
                "osm_id": 1653881931,
                "tag": "shop=supermarket"
            }
        },
        {
            "type": "Feature",
            "geometry": {
                "type": "Point",
                "coordinates": [
                    137.5702392,
                    35.0953533
                ]
            },
            "properties": {
                "name": "スーパーおかのや",
                "shop": "supermarket",
                "osm_type": "node",
                "osm_id": 1660013732,
                "tag": "shop=supermarket"
            }
        },
        {
            "type": "Feature",
            "geometry": {
                "type": "Point",
                "coordinates": [
                    136.616574,
                    34.9686294
                ]
            },
            "properties": {
                "name": "アピタ 四日市店",
                "shop": "supermarket",
                "osm_type": "node",
                "osm_id": 1668223372,
                "tag": "shop=supermarket"
            }
        },
        {
            "type": "Feature",
            "geometry": {
                "type": "Point",
                "coordinates": [
                    136.9181783,
                    35.472583
                ]
            },
            "properties": {
                "brand": "バロー",
                "brand:en": "Valor",
                "brand:ja": "バロー",
                "brand:wikidata": "Q11328346",
                "name": "バロー",
                "name:en": "Valor",
                "name:ja": "バロー",
                "name:ja_rm": "Baro",
                "shop": "supermarket",
                "osm_type": "node",
                "osm_id": 1674750230,
                "tag": "shop=supermarket"
            }
        },
        {
            "type": "Feature",
            "geometry": {
                "type": "Point",
                "coordinates": [
                    136.9156678,
                    35.4720587
                ]
            },
            "properties": {
                "alt_name": "GENKY",
                "name": "ゲンキー",
                "shop": "supermarket",
                "osm_type": "node",
                "osm_id": 1674750234,
                "tag": "shop=supermarket"
            }
        },
        {
            "type": "Feature",
            "geometry": {
                "type": "Point",
                "coordinates": [
                    137.8404189,
                    34.7503943
                ]
            },
            "properties": {
                "name": "パレマルシェ",
                "shop": "supermarket",
                "osm_type": "node",
                "osm_id": 1683215356,
                "tag": "shop=supermarket"
            }
        },
        {
            "type": "Feature",
            "geometry": {
                "type": "Point",
                "coordinates": [
                    136.7072506,
                    35.3329719
                ]
            },
            "properties": {
                "name": "トミダヤ",
                "shop": "supermarket",
                "osm_type": "node",
                "osm_id": 1705577292,
                "tag": "shop=supermarket"
            }
        },
        {
            "type": "Feature",
            "geometry": {
                "type": "Point",
                "coordinates": [
                    136.7272939,
                    35.3641448
                ]
            },
            "properties": {
                "name": "イトーヨーカドー柳津店",
                "shop": "supermarket",
                "osm_type": "node",
                "osm_id": 1708528186,
                "tag": "shop=supermarket"
            }
        },
        {
            "type": "Feature",
            "geometry": {
                "type": "Point",
                "coordinates": [
                    136.8602084,
                    35.4564802
                ]
            },
            "properties": {
                "alt_name:en": "Co-op",
                "branch": "コープぎふ 芥見店",
                "brand": "コープ",
                "brand:en": "CO・OP",
                "brand:ja": "コープ",
                "brand:wikidata": "Q11508615",
                "name": "コープ",
                "name:en": "CO・OP",
                "name:ja": "コープ",
                "name:ja_rm": "Kopu",
                "official_name": "日本生活協同組合連合会",
                "official_name:en": "Japanese Consumers' Co-operative Union",
                "official_name:ja": "日本生活協同組合連合会",
                "operator": "コープぎふ",
                "shop": "supermarket",
                "source": "Bing",
                "osm_type": "node",
                "osm_id": 1714679117,
                "tag": "shop=supermarket"
            }
        },
        {
            "type": "Feature",
            "geometry": {
                "type": "Point",
                "coordinates": [
                    136.850944,
                    35.4560651
                ]
            },
            "properties": {
                "branch": "芥見店",
                "brand": "バロー",
                "brand:en": "Valor",
                "brand:ja": "バロー",
                "brand:wikidata": "Q11328346",
                "name": "バロー",
                "name:en": "Valor",
                "name:ja": "バロー",
                "name:ja_rm": "Baro",
                "operator": "バロー",
                "shop": "supermarket",
                "source": "Bing",
                "osm_type": "node",
                "osm_id": 1714708473,
                "tag": "shop=supermarket"
            }
        },
        {
            "type": "Feature",
            "geometry": {
                "type": "Point",
                "coordinates": [
                    136.8538515,
                    35.4604171
                ]
            },
            "properties": {
                "name": "スーパー三心 芥見店",
                "shop": "supermarket",
                "source": "Bing",
                "osm_type": "node",
                "osm_id": 1714739822,
                "tag": "shop=supermarket"
            }
        },
        {
            "type": "Feature",
            "geometry": {
                "type": "Point",
                "coordinates": [
                    136.7438584,
                    35.3672461
                ]
            },
            "properties": {
                "internet_access": "wlan",
                "name": "イオン柳津店",
                "shop": "supermarket",
                "wikidata": "Q11286284",
                "wikipedia": "ja:イオン柳津店",
                "osm_type": "node",
                "osm_id": 1715580930,
                "tag": "shop=supermarket"
            }
        },
        {
            "type": "Feature",
            "geometry": {
                "type": "Point",
                "coordinates": [
                    136.7129329,
                    35.3696188
                ]
            },
            "properties": {
                "name": "PriceCut",
                "shop": "supermarket",
                "osm_type": "node",
                "osm_id": 1715630813,
                "tag": "shop=supermarket"
            }
        },
        {
            "type": "Feature",
            "geometry": {
                "type": "Point",
                "coordinates": [
                    137.2320373,
                    34.8341929
                ]
            },
            "properties": {
                "name": "フィール",
                "shop": "supermarket",
                "osm_type": "node",
                "osm_id": 1724745788,
                "tag": "shop=supermarket"
            }
        },
        {
            "type": "Feature",
            "geometry": {
                "type": "Point",
                "coordinates": [
                    137.0795261,
                    35.092241
                ]
            },
            "properties": {
                "branch": "三好店",
                "brand": "イオン",
                "brand:en": "AEON",
                "brand:ja": "イオン",
                "brand:wikidata": "Q11285951",
                "brand:wikipedia": "ja:イオン (店舗ブランド)",
                "name": "イオン",
                "name:en": "AEON",
                "name:ja": "イオン",
                "name:pt": "AEON Miyoshi",
                "operator": "イオンリテール",
                "shop": "supermarket",
                "osm_type": "node",
                "osm_id": 1725242537,
                "tag": "shop=supermarket"
            }
        },
        {
            "type": "Feature",
            "geometry": {
                "type": "Point",
                "coordinates": [
                    136.7254735,
                    35.3373621
                ]
            },
            "properties": {
                "name": "カネスエ正木店",
                "shop": "supermarket",
                "osm_type": "node",
                "osm_id": 1726602260,
                "tag": "shop=supermarket"
            }
        },
        {
            "type": "Feature",
            "geometry": {
                "type": "Point",
                "coordinates": [
                    136.7294289,
                    35.3773982
                ]
            },
            "properties": {
                "name": "ピアゴ鶉店",
                "shop": "supermarket",
                "osm_type": "node",
                "osm_id": 1733965578,
                "tag": "shop=supermarket"
            }
        },
        {
            "type": "Feature",
            "geometry": {
                "type": "Point",
                "coordinates": [
                    136.7304832,
                    35.3822032
                ]
            },
            "properties": {
                "name": "業務スーパー 中鶉店",
                "shop": "supermarket",
                "osm_type": "node",
                "osm_id": 1735159247,
                "tag": "shop=supermarket"
            }
        },
        {
            "type": "Feature",
            "geometry": {
                "type": "Point",
                "coordinates": [
                    136.8612738,
                    35.1397035
                ]
            },
            "properties": {
                "addr:full": "愛知県名古屋市中川区吉良町138-6",
                "addr:postcode": "454-0874",
                "branch": "荒子店",
                "name": "ザ・ビッグエクスプレス",
                "opening_hours": "Mo-Su 07:00-23:00",
                "operator": "マックスバリュ中部株式会社",
                "phone": "+81 52-365-2060",
                "shop": "supermarket",
                "osm_type": "node",
                "osm_id": 1749046962,
                "tag": "shop=supermarket"
            }
        },
        {
            "type": "Feature",
            "geometry": {
                "type": "Point",
                "coordinates": [
                    136.8748329,
                    35.1294743
                ]
            },
            "properties": {
                "addr:full": "愛知県名古屋市中川区福船町2-1-1",
                "addr:postcode": "454-0836",
                "branch": "福船店",
                "brand": "マックスバリュ",
                "brand:en": "Maxvalu Tokai",
                "brand:ja": "マックスバリュ",
                "brand:wikidata": "Q1960109",
                "brand:wikipedia": "en:MaxValu",
                "name": "マックスバリュ",
                "name:en": "Maxvalu Tokai",
                "name:ja": "マックスバリュ",
                "name:ja_rm": "Makkusubaryu",
                "operator": "マックスバリュ中部株式会社",
                "phone": "+81 52-354-6700",
                "shop": "supermarket",
                "osm_type": "node",
                "osm_id": 1749046964,
                "tag": "shop=supermarket"
            }
        },
        {
            "type": "Feature",
            "geometry": {
                "type": "Point",
                "coordinates": [
                    136.877292,
                    35.138756
                ]
            },
            "properties": {
                "addr:full": "愛知県名古屋市中川区清川町2-1-1",
                "addr:postcode": "454-0049",
                "branch": "篠原橋東店",
                "brand": "マックスバリュ",
                "brand:en": "MaxValu",
                "brand:ja": "マックスバリュ",
                "brand:wikidata": "Q11340427",
                "brand:wikipedia": "en:MaxValu",
                "name": "マックスバリュ",
                "name:en": "MaxValu",
                "name:ja": "マックスバリュ",
                "name:ja_rm": "Makkusubaryu",
                "operator": "マックスバリュ中部株式会社",
                "phone": "+81 52-354-8411",
                "shop": "supermarket",
                "osm_type": "node",
                "osm_id": 1749046987,
                "tag": "shop=supermarket"
            }
        },
        {
            "type": "Feature",
            "geometry": {
                "type": "Point",
                "coordinates": [
                    136.8817745,
                    35.1448021
                ]
            },
            "properties": {
                "addr:full": "愛知県名古屋市中川区五女子町2-32",
                "addr:postcode": "454-0034",
                "branch": "五女子店",
                "name": "ザ・ビッグエクスプレス",
                "operator": "マックスバリュ中部株式会社",
                "phone": "+81 52-363-0181",
                "shop": "supermarket",
                "osm_type": "node",
                "osm_id": 1749046989,
                "tag": "shop=supermarket"
            }
        },
        {
            "type": "Feature",
            "geometry": {
                "type": "Point",
                "coordinates": [
                    136.882136,
                    35.1173838
                ]
            },
            "properties": {
                "brand": "マックスバリュ",
                "brand:en": "Maxvalu Tokai",
                "brand:ja": "マックスバリュ",
                "brand:wikidata": "Q1960109",
                "brand:wikipedia": "en:MaxValu",
                "name": "マックスバリュ",
                "name:en": "Maxvalu Tokai",
                "name:ja": "マックスバリュ",
                "name:ja_rm": "Makkusubaryu",
                "shop": "supermarket",
                "osm_type": "node",
                "osm_id": 1749066838,
                "tag": "shop=supermarket"
            }
        },
        {
            "type": "Feature",
            "geometry": {
                "type": "Point",
                "coordinates": [
                    136.8826993,
                    35.1049442
                ]
            },
            "properties": {
                "brand": "Valor",
                "name": "バロー",
                "name:en": "Valor",
                "name:ja": "バロー",
                "name:ja_rm": "Baro",
                "shop": "supermarket",
                "wheelchair": "yes",
                "osm_type": "node",
                "osm_id": 1749066928,
                "tag": "shop=supermarket"
            }
        },
        {
            "type": "Feature",
            "geometry": {
                "type": "Point",
                "coordinates": [
                    136.8666146,
                    35.1055336
                ]
            },
            "properties": {
                "name": "カネスエみなと店",
                "shop": "supermarket",
                "osm_type": "node",
                "osm_id": 1749066932,
                "tag": "shop=supermarket"
            }
        },
        {
            "type": "Feature",
            "geometry": {
                "type": "Point",
                "coordinates": [
                    136.8477325,
                    35.1499901
                ]
            },
            "properties": {
                "brand": "ヤマナカ",
                "brand:en": "Yamanaka",
                "brand:ja": "ヤマナカ",
                "brand:wikidata": "Q11345199",
                "brand:wikipedia": "ja:ヤマナカ",
                "name": "ヤマナカ",
                "name:en": "Yamanaka",
                "name:ja": "ヤマナカ",
                "shop": "supermarket",
                "osm_type": "node",
                "osm_id": 1749089420,
                "tag": "shop=supermarket"
            }
        },
        {
            "type": "Feature",
            "geometry": {
                "type": "Point",
                "coordinates": [
                    136.8476804,
                    35.1438178
                ]
            },
            "properties": {
                "name": "フィール",
                "shop": "supermarket",
                "osm_type": "node",
                "osm_id": 1749089435,
                "tag": "shop=supermarket"
            }
        },
        {
            "type": "Feature",
            "geometry": {
                "type": "Point",
                "coordinates": [
                    136.9914743,
                    35.1272456
                ]
            },
            "properties": {
                "branch": "植田店",
                "check_date": "2026-03-30",
                "name": "フィール",
                "shop": "supermarket",
                "osm_type": "node",
                "osm_id": 1766090932,
                "tag": "shop=supermarket"
            }
        },
        {
            "type": "Feature",
            "geometry": {
                "type": "Point",
                "coordinates": [
                    136.9648024,
                    35.1344933
                ]
            },
            "properties": {
                "brand": "ヤマナカ",
                "brand:en": "Yamanaka",
                "brand:ja": "ヤマナカ",
                "brand:wikidata": "Q11345199",
                "brand:wikipedia": "ja:ヤマナカ",
                "name": "ヤマナカ",
                "name:en": "Yamanaka",
                "name:ja": "ヤマナカ",
                "shop": "supermarket",
                "toilets:wheelchair": "yes",
                "wheelchair": "yes",
                "osm_type": "node",
                "osm_id": 1766090940,
                "tag": "shop=supermarket"
            }
        },
        {
            "type": "Feature",
            "geometry": {
                "type": "Point",
                "coordinates": [
                    136.7690309,
                    35.1214356
                ]
            },
            "properties": {
                "addr:postcode": "497-0044",
                "name": "アオキスーパー",
                "shop": "supermarket",
                "osm_type": "node",
                "osm_id": 1768287610,
                "tag": "shop=supermarket"
            }
        },
        {
            "type": "Feature",
            "geometry": {
                "type": "Point",
                "coordinates": [
                    136.9333726,
                    35.1374073
                ]
            },
            "properties": {
                "branch": "市大病院前店",
                "name": "クック瑞穂",
                "shop": "supermarket",
                "osm_type": "node",
                "osm_id": 1806152877,
                "tag": "shop=supermarket"
            }
        },
        {
            "type": "Feature",
            "geometry": {
                "type": "Point",
                "coordinates": [
                    137.3702587,
                    34.8261386
                ]
            },
            "properties": {
                "addr:block_number": "133",
                "addr:city": "豊川市",
                "addr:neighbourhood": "３丁目",
                "addr:province": "愛知県",
                "addr:quarter": "諏訪",
                "branch": "豊川店",
                "level": "0",
                "name": "フードマーケット マム",
                "operator": "株式会社　タカラ・エムシー",
                "phone": "+81 533 80 7680",
                "shop": "supermarket",
                "source": "knowledge",
                "osm_type": "node",
                "osm_id": 1858882514,
                "tag": "shop=supermarket"
            }
        },
        {
            "type": "Feature",
            "geometry": {
                "type": "Point",
                "coordinates": [
                    136.896879,
                    35.154597
                ]
            },
            "properties": {
                "brand": "ヤマナカ",
                "brand:en": "Yamanaka",
                "brand:ja": "ヤマナカ",
                "brand:wikidata": "Q11345199",
                "brand:wikipedia": "ja:ヤマナカ",
                "fax": "+81 52-323-3260",
                "name": "ヤマナカ",
                "name:en": "Yamanaka",
                "name:ja": "ヤマナカ",
                "note": "9.5-21:50",
                "phone": "+81 52-323-3201",
                "shop": "supermarket",
                "osm_type": "node",
                "osm_id": 1874208625,
                "tag": "shop=supermarket"
            }
        },
        {
            "type": "Feature",
            "geometry": {
                "type": "Point",
                "coordinates": [
                    136.8902569,
                    35.1522716
                ]
            },
            "properties": {
                "addr:full": "愛知県名古屋市中川区山王３丁目１２−１",
                "name": "かどや商店",
                "phone": "+81 52-321-4791",
                "shop": "supermarket",
                "source": "survey",
                "osm_type": "node",
                "osm_id": 1880814473,
                "tag": "shop=supermarket"
            }
        },
        {
            "type": "Feature",
            "geometry": {
                "type": "Point",
                "coordinates": [
                    136.8859243,
                    35.1571473
                ]
            },
            "properties": {
                "name": "山登美",
                "shop": "supermarket",
                "osm_type": "node",
                "osm_id": 1880824397,
                "tag": "shop=supermarket"
            }
        },
        {
            "type": "Feature",
            "geometry": {
                "type": "Point",
                "coordinates": [
                    136.6151905,
                    34.5813173
                ]
            },
            "properties": {
                "addr:city": "多気郡",
                "addr:country": "JP",
                "addr:neighbourhood": "1223",
                "addr:postcode": "515-0348",
                "addr:province": "三重県",
                "addr:quarter": "明和町中村",
                "branch": "明和",
                "branch:en": "Meiwa",
                "level": "1",
                "name": "イオン",
                "name:en": "AEON",
                "name:ja": "イオン",
                "name:ja_rm": "Ion",
                "shop": "supermarket",
                "osm_type": "node",
                "osm_id": 1912821556,
                "tag": "shop=supermarket"
            }
        },
        {
            "type": "Feature",
            "geometry": {
                "type": "Point",
                "coordinates": [
                    136.882282,
                    35.217591
                ]
            },
            "properties": {
                "brand": "ヤマナカ",
                "brand:en": "Yamanaka",
                "brand:ja": "ヤマナカ",
                "brand:wikidata": "Q11345199",
                "brand:wikipedia": "ja:ヤマナカ",
                "name": "ヤマナカ",
                "name:en": "Yamanaka",
                "name:ja": "ヤマナカ",
                "shop": "supermarket",
                "osm_type": "node",
                "osm_id": 1912844946,
                "tag": "shop=supermarket"
            }
        },
        {
            "type": "Feature",
            "geometry": {
                "type": "Point",
                "coordinates": [
                    136.8661902,
                    35.0901771
                ]
            },
            "properties": {
                "brand": "ベイシア",
                "brand:en": "Beisia",
                "brand:ja": "ベイシア",
                "brand:wikidata": "Q11336776",
                "brand:wikipedia": "ja:ベイシア",
                "name": "ベイシア",
                "name:en": "Beisia",
                "name:ja": "ベイシア",
                "shop": "supermarket",
                "source": "Bing 2010",
                "osm_type": "node",
                "osm_id": 1918166576,
                "tag": "shop=supermarket"
            }
        },
        {
            "type": "Feature",
            "geometry": {
                "type": "Point",
                "coordinates": [
                    137.1957306,
                    34.811241
                ]
            },
            "properties": {
                "brand": "ベイシア",
                "brand:en": "Beisia",
                "brand:ja": "ベイシア",
                "brand:wikidata": "Q11336776",
                "name": "ベイシア",
                "name:en": "Beisia",
                "name:ja": "ベイシア",
                "shop": "supermarket",
                "source": "Bing 2010",
                "osm_type": "node",
                "osm_id": 1918174778,
                "tag": "shop=supermarket"
            }
        },
        {
            "type": "Feature",
            "geometry": {
                "type": "Point",
                "coordinates": [
                    136.8940309,
                    35.1329108
                ]
            },
            "properties": {
                "brand": "ヤマナカ",
                "brand:en": "Yamanaka",
                "brand:ja": "ヤマナカ",
                "brand:wikidata": "Q11345199",
                "brand:wikipedia": "ja:ヤマナカ",
                "name": "ヤマナカ",
                "name:cs": "Jamanaka",
                "name:en": "Yamanaka",
                "name:ja": "ヤマナカ",
                "opening_hours": "Mo-Su 09:30-22:00",
                "phone": "+81 52-681-9200",
                "shop": "supermarket",
                "source": "knowledge; Bing 2010",
                "website": "https://www.super-yamanaka.co.jp/",
                "osm_type": "node",
                "osm_id": 1931573055,
                "tag": "shop=supermarket"
            }
        },
        {
            "type": "Feature",
            "geometry": {
                "type": "Point",
                "coordinates": [
                    136.8715236,
                    35.1612769
                ]
            },
            "properties": {
                "addr:full": "愛知県名古屋市中村区黄金通3-22",
                "addr:postcode": "453-0804",
                "branch": "黄金店",
                "brand": "業務スーパー",
                "brand:en": "Gyomu Super",
                "brand:ja": "業務スーパー",
                "brand:wikidata": "Q11590183",
                "brand:wikipedia": "ja:神戸物産",
                "fax": "052-459-3778",
                "name": "業務スーパー",
                "name:en": "Gyōmu sūpā",
                "name:ja": "業務スーパー",
                "name:ja_rm": "Gyomu Supa",
                "opening_hours": "Mo-Su 09:00-22:00",
                "phone": "+81 52-459-3777",
                "shop": "supermarket",
                "osm_type": "node",
                "osm_id": 1937805294,
                "tag": "shop=supermarket"
            }
        },
        {
            "type": "Feature",
            "geometry": {
                "type": "Point",
                "coordinates": [
                    137.7086289,
                    34.718749
                ]
            },
            "properties": {
                "addr:block_number": "209",
                "addr:city": "浜松市",
                "addr:housenumber": "120",
                "addr:neighbourhood": "富塚町",
                "addr:postcode": "432-8002",
                "addr:suburb": "中央区",
                "branch": "富塚店",
                "name": "遠鉄ストア",
                "phone": "+81 53 455 0505",
                "shop": "supermarket",
                "source": "http://www.entstore.co.jp/shop/tomitsuka.html",
                "osm_type": "node",
                "osm_id": 1945284651,
                "tag": "shop=supermarket"
            }
        },
        {
            "type": "Feature",
            "geometry": {
                "type": "Point",
                "coordinates": [
                    136.8459206,
                    35.114531
                ]
            },
            "properties": {
                "name": "ナフコ",
                "shop": "supermarket",
                "osm_type": "node",
                "osm_id": 1950350023,
                "tag": "shop=supermarket"
            }
        },
        {
            "type": "Feature",
            "geometry": {
                "type": "Point",
                "coordinates": [
                    136.8428596,
                    34.8868549
                ]
            },
            "properties": {
                "name": "バロー常滑店",
                "shop": "supermarket",
                "osm_type": "node",
                "osm_id": 1950605621,
                "tag": "shop=supermarket"
            }
        },
        {
            "type": "Feature",
            "geometry": {
                "type": "Point",
                "coordinates": [
                    136.941278,
                    35.065701
                ]
            },
            "properties": {
                "name": "アオキスーパー",
                "shop": "supermarket",
                "osm_type": "node",
                "osm_id": 1951969581,
                "tag": "shop=supermarket"
            }
        },
        {
            "type": "Feature",
            "geometry": {
                "type": "Point",
                "coordinates": [
                    136.9022948,
                    35.2038795
                ]
            },
            "properties": {
                "name": "Feel",
                "shop": "supermarket",
                "osm_type": "node",
                "osm_id": 1964126973,
                "tag": "shop=supermarket"
            }
        },
        {
            "type": "Feature",
            "geometry": {
                "type": "Point",
                "coordinates": [
                    136.9091308,
                    35.1573817
                ]
            },
            "properties": {
                "name": "サンエース",
                "name:en": "Sun Ace",
                "name:ja": "サンエース",
                "opening_hours": "Mo-Sa 09:30-22:00",
                "payment:cash": "yes",
                "payment:credit_cards": "yes",
                "phone": "+81 52 259 2305",
                "shop": "supermarket",
                "website": "https://www.sunace.jp.net/shop/shop_kinenbashi.php",
                "wheelchair": "no",
                "osm_type": "node",
                "osm_id": 1966057480,
                "tag": "shop=supermarket"
            }
        },
        {
            "type": "Feature",
            "geometry": {
                "type": "Point",
                "coordinates": [
                    136.9019973,
                    35.1579168
                ]
            },
            "properties": {
                "addr:full": "愛知県名古屋市中区大須3-39-8",
                "addr:postcode": "460-0011",
                "branch": "大須店",
                "fax": "+81 52-259-3951",
                "name": "アミカ",
                "opening_hours": "Mo-Su 09:30-20:00",
                "phone": "+81 52-259-3955",
                "shop": "supermarket",
                "osm_type": "node",
                "osm_id": 1980880865,
                "tag": "shop=supermarket"
            }
        },
        {
            "type": "Feature",
            "geometry": {
                "type": "Point",
                "coordinates": [
                    137.820069,
                    34.709453
                ]
            },
            "properties": {
                "name": "アミカ",
                "shop": "supermarket",
                "osm_type": "node",
                "osm_id": 1996340875,
                "tag": "shop=supermarket"
            }
        },
        {
            "type": "Feature",
            "geometry": {
                "type": "Point",
                "coordinates": [
                    136.8815345,
                    35.1659121
                ]
            },
            "properties": {
                "branch": "太閤店",
                "brand": "マックスバリュ",
                "brand:en": "MaxValu",
                "brand:ja": "マックスバリュ",
                "brand:wikidata": "Q11340427",
                "brand:wikipedia": "en:MaxValu",
                "name": "マックスバリュ",
                "name:en": "MaxValu",
                "name:ja": "マックスバリュ",
                "name:ja_rm": "Makkusubaryu",
                "opening_hours": "24/7",
                "phone": "+81 52-459-3880",
                "shop": "supermarket",
                "website": "https://www.aeon.jp/maxvalu/taiko",
                "osm_type": "node",
                "osm_id": 1998203629,
                "tag": "shop=supermarket"
            }
        },
        {
            "type": "Feature",
            "geometry": {
                "type": "Point",
                "coordinates": [
                    137.7189836,
                    34.7452786
                ]
            },
            "properties": {
                "name": "フードワン泉店",
                "operator": "遠鉄ストア",
                "shop": "supermarket",
                "osm_type": "node",
                "osm_id": 1999863241,
                "tag": "shop=supermarket"
            }
        },
        {
            "type": "Feature",
            "geometry": {
                "type": "Point",
                "coordinates": [
                    137.6500842,
                    34.6965286
                ]
            },
            "properties": {
                "branch": "浜松志都呂店",
                "brand": "AEON",
                "brand:wikidata": "Q11285951",
                "fax": "+81 53 415 1580",
                "name": "イオン",
                "name:en": "AEON",
                "phone": "+81 53 415 1100",
                "shop": "supermarket",
                "osm_type": "node",
                "osm_id": 2000878040,
                "tag": "shop=supermarket"
            }
        },
        {
            "type": "Feature",
            "geometry": {
                "type": "Point",
                "coordinates": [
                    137.7325084,
                    34.8172185
                ]
            },
            "properties": {
                "name": "ベイシアフードセンター浜松都田テクノ店",
                "shop": "supermarket",
                "osm_type": "node",
                "osm_id": 2003830844,
                "tag": "shop=supermarket"
            }
        },
        {
            "type": "Feature",
            "geometry": {
                "type": "Point",
                "coordinates": [
                    137.7910097,
                    34.7694521
                ]
            },
            "properties": {
                "name": "遠鉄ストア",
                "shop": "supermarket",
                "osm_type": "node",
                "osm_id": 2003989073,
                "tag": "shop=supermarket"
            }
        },
        {
            "type": "Feature",
            "geometry": {
                "type": "Point",
                "coordinates": [
                    137.751186,
                    34.7072621
                ]
            },
            "properties": {
                "name": "遠鉄ストア 向宿店",
                "shop": "supermarket",
                "osm_type": "node",
                "osm_id": 2005929648,
                "tag": "shop=supermarket"
            }
        },
        {
            "type": "Feature",
            "geometry": {
                "type": "Point",
                "coordinates": [
                    137.7264287,
                    34.6970084
                ]
            },
            "properties": {
                "branch": "上浅田店",
                "brand": "SEIYU",
                "brand:wikidata": "Q3108542",
                "name": "西友",
                "name:en": "Seiyu",
                "opening_hours": "24/7",
                "shop": "supermarket",
                "osm_type": "node",
                "osm_id": 2010093169,
                "tag": "shop=supermarket"
            }
        },
        {
            "type": "Feature",
            "geometry": {
                "type": "Point",
                "coordinates": [
                    137.6760453,
                    34.689218
                ]
            },
            "properties": {
                "addr:block_number": "4888",
                "addr:city": "浜松市",
                "addr:housenumber": "11",
                "addr:neighbourhood": "高塚町",
                "addr:postcode": "432-8065",
                "addr:province": "静岡県",
                "addr:suburb": "中央区",
                "branch": "高塚店",
                "brand": "Valor",
                "name": "バロー",
                "name:en": "Valor",
                "phone": "+81 53 449 0811",
                "shop": "supermarket",
                "osm_type": "node",
                "osm_id": 2010172320,
                "tag": "shop=supermarket"
            }
        },
        {
            "type": "Feature",
            "geometry": {
                "type": "Point",
                "coordinates": [
                    137.7173449,
                    34.764554
                ]
            },
            "properties": {
                "name": "エブリデイビッグデー姫街道店",
                "shop": "supermarket",
                "osm_type": "node",
                "osm_id": 2022390804,
                "tag": "shop=supermarket"
            }
        },
        {
            "type": "Feature",
            "geometry": {
                "type": "Point",
                "coordinates": [
                    137.7074502,
                    34.7580228
                ]
            },
            "properties": {
                "branch": "高丘東店",
                "name": "フードマーケット マム",
                "shop": "supermarket",
                "osm_type": "node",
                "osm_id": 2022412762,
                "tag": "shop=supermarket"
            }
        },
        {
            "type": "Feature",
            "geometry": {
                "type": "Point",
                "coordinates": [
                    137.706667,
                    34.7683703
                ]
            },
            "properties": {
                "branch": "浜松葵西店",
                "brand": "マックスバリュ",
                "brand:en": "MaxValu",
                "brand:ja": "マックスバリュ",
                "brand:wikidata": "Q11340427",
                "name": "マックスバリュ",
                "name:en": "MaxValu",
                "name:ja": "マックスバリュ",
                "shop": "supermarket",
                "osm_type": "node",
                "osm_id": 2022484590,
                "tag": "shop=supermarket"
            }
        },
        {
            "type": "Feature",
            "geometry": {
                "type": "Point",
                "coordinates": [
                    137.7320943,
                    34.7248752
                ]
            },
            "properties": {
                "name": "遠鉄ストアフードワン高林店",
                "shop": "supermarket",
                "osm_type": "node",
                "osm_id": 2027234774,
                "tag": "shop=supermarket"
            }
        },
        {
            "type": "Feature",
            "geometry": {
                "type": "Point",
                "coordinates": [
                    136.872181,
                    35.17488
                ]
            },
            "properties": {
                "brand": "ヤマナカ",
                "brand:en": "Yamanaka",
                "brand:ja": "ヤマナカ",
                "brand:wikidata": "Q11345199",
                "brand:wikipedia": "ja:ヤマナカ",
                "name": "ヤマナカ",
                "name:en": "Yamanaka",
                "name:ja": "ヤマナカ",
                "opening_hours": "Mo-Su 09:30-21:30",
                "shop": "supermarket",
                "osm_type": "node",
                "osm_id": 2028048382,
                "tag": "shop=supermarket"
            }
        },
        {
            "type": "Feature",
            "geometry": {
                "type": "Point",
                "coordinates": [
                    137.7790373,
                    34.798769
                ]
            },
            "properties": {
                "branch": "浜北店",
                "brand": "アピタ",
                "brand:en": "APITA",
                "brand:ja": "アピタ",
                "brand:wikidata": "Q55384637",
                "name": "アピタ",
                "name:en": "APITA",
                "name:ja": "アピタ",
                "operator": "ユニー（株）",
                "shop": "supermarket",
                "osm_type": "node",
                "osm_id": 2033337176,
                "tag": "shop=supermarket"
            }
        },
        {
            "type": "Feature",
            "geometry": {
                "type": "Point",
                "coordinates": [
                    136.8658504,
                    35.1709238
                ]
            },
            "properties": {
                "addr:full": "愛知県名古屋市中村区大門町27番地",
                "branch": "中村店",
                "brand": "ピアゴ",
                "brand:en": "PIAGO",
                "brand:ja": "ピアゴ",
                "brand:wikidata": "Q91014434",
                "name": "ピアゴ",
                "name:en": "PIAGO",
                "name:ja": "ピアゴ",
                "opening_hours": "Mo-Su 10:00-20:00",
                "phone": "+81 52-481-7111",
                "shop": "supermarket",
                "osm_type": "node",
                "osm_id": 2034714669,
                "tag": "shop=supermarket"
            }
        },
        {
            "type": "Feature",
            "geometry": {
                "type": "Point",
                "coordinates": [
                    136.9920899,
                    35.1766366
                ]
            },
            "properties": {
                "name": "アオキスーパー",
                "shop": "supermarket",
                "osm_type": "node",
                "osm_id": 2037386969,
                "tag": "shop=supermarket"
            }
        },
        {
            "type": "Feature",
            "geometry": {
                "type": "Point",
                "coordinates": [
                    136.8070107,
                    35.1463786
                ]
            },
            "properties": {
                "addr:full": "愛知県名古屋市中川区戸田明正2-110",
                "addr:postcode": "454-0961",
                "atm": "yes",
                "branch": "スーパーストアバロー戸田店",
                "brand": "バロー",
                "brand:en": "Valor",
                "brand:ja": "バロー",
                "brand:wikidata": "Q11328346",
                "fax": "052-439-5350",
                "name": "バロー",
                "name:en": "Valor",
                "name:ja": "バロー",
                "name:ja_rm": "Baro",
                "opening_hours": "Mo-Su 10:00-22:00",
                "phone": "+81 52-439-5330",
                "shop": "supermarket",
                "source": "Bing 2010",
                "osm_type": "node",
                "osm_id": 2038140751,
                "tag": "shop=supermarket"
            }
        },
        {
            "type": "Feature",
            "geometry": {
                "type": "Point",
                "coordinates": [
                    136.878769,
                    35.189908
                ]
            },
            "properties": {
                "addr:full": "愛知県名古屋市西区名西2丁目33-8",
                "name": "ヨシヅヤ",
                "opening_hours": "Mo-Su 09:45-21:00",
                "phone": "+81 52 528 4811",
                "shop": "supermarket",
                "osm_type": "node",
                "osm_id": 2045646332,
                "tag": "shop=supermarket"
            }
        },
        {
            "type": "Feature",
            "geometry": {
                "type": "Point",
                "coordinates": [
                    136.9626877,
                    35.1369495
                ]
            },
            "properties": {
                "branch": "八事店",
                "brand": "イオン",
                "brand:en": "AEON",
                "brand:ja": "イオン",
                "brand:wikidata": "Q11285951",
                "brand:wikipedia": "ja:イオン (店舗ブランド)",
                "name": "イオン",
                "name:en": "AEON",
                "name:ja": "イオン",
                "shop": "supermarket",
                "source": "Bing 2010",
                "wikidata": "Q11286227",
                "wikimedia_commons": "Category:AEON Yagoto",
                "wikipedia": "ja:イオン八事店",
                "osm_type": "node",
                "osm_id": 2045677747,
                "tag": "shop=supermarket"
            }
        },
        {
            "type": "Feature",
            "geometry": {
                "type": "Point",
                "coordinates": [
                    136.9733199,
                    35.0868442
                ]
            },
            "properties": {
                "brand": "バロー",
                "brand:en": "Valor",
                "brand:ja": "バロー",
                "brand:wikidata": "Q11328346",
                "brand:wikipedia": "ja:バロー (チェーンストア)",
                "name": "バロー",
                "name:en": "Valor",
                "name:ja": "バロー",
                "name:ja_rm": "Baro",
                "shop": "supermarket",
                "osm_type": "node",
                "osm_id": 2049122390,
                "tag": "shop=supermarket"
            }
        },
        {
            "type": "Feature",
            "geometry": {
                "type": "Point",
                "coordinates": [
                    136.9784218,
                    35.0870387
                ]
            },
            "properties": {
                "name": "コノミヤ",
                "shop": "supermarket",
                "osm_type": "node",
                "osm_id": 2049122401,
                "tag": "shop=supermarket"
            }
        },
        {
            "type": "Feature",
            "geometry": {
                "type": "Point",
                "coordinates": [
                    137.7114319,
                    34.7047042
                ]
            },
            "properties": {
                "name": "遠鉄ストア",
                "shop": "supermarket",
                "osm_type": "node",
                "osm_id": 2049256856,
                "tag": "shop=supermarket"
            }
        },
        {
            "type": "Feature",
            "geometry": {
                "type": "Point",
                "coordinates": [
                    137.7289381,
                    34.7504836
                ]
            },
            "properties": {
                "alt_name:en": "Co-op",
                "branch": "ミオクチーナ 小豆餅店",
                "brand": "コープ",
                "brand:en": "CO・OP",
                "brand:ja": "コープ",
                "brand:wikidata": "Q11508615",
                "name": "コープ",
                "name:en": "CO・OP",
                "name:ja": "コープ",
                "official_name": "日本生活協同組合連合会",
                "official_name:en": "Japanese Consumers' Co-operative Union",
                "official_name:ja": "日本生活協同組合連合会",
                "operator": "生活協同組合ユーコープ",
                "shop": "supermarket",
                "osm_type": "node",
                "osm_id": 2050820557,
                "tag": "shop=supermarket"
            }
        },
        {
            "type": "Feature",
            "geometry": {
                "type": "Point",
                "coordinates": [
                    137.737929,
                    34.746622
                ]
            },
            "properties": {
                "atm": "yes",
                "branch": "浜松萩丘店",
                "brand": "ザ・ビッグ",
                "brand:en": "THE BIG",
                "brand:ja": "ザ・ビッグ",
                "brand:wikidata": "Q11306676",
                "name": "ザ・ビッグ",
                "name:en": "THE BIG",
                "name:ja": "ザ・ビッグ",
                "shop": "supermarket",
                "osm_type": "node",
                "osm_id": 2050878742,
                "tag": "shop=supermarket"
            }
        },
        {
            "type": "Feature",
            "geometry": {
                "type": "Point",
                "coordinates": [
                    137.7639516,
                    34.7350022
                ]
            },
            "properties": {
                "name": "遠鉄ストア (Entetsu Store)",
                "shop": "supermarket",
                "osm_type": "node",
                "osm_id": 2052454853,
                "tag": "shop=supermarket"
            }
        },
        {
            "type": "Feature",
            "geometry": {
                "type": "Point",
                "coordinates": [
                    137.7443237,
                    34.7162864
                ]
            },
            "properties": {
                "brand": "西友",
                "brand:en": "Seiyu",
                "brand:ja": "西友",
                "brand:wikidata": "Q3108542",
                "name": "西友",
                "name:en": "Seiyu",
                "name:ja": "西友",
                "name:ja_rm": "Seiyu",
                "shop": "supermarket",
                "osm_type": "node",
                "osm_id": 2053675311,
                "tag": "shop=supermarket"
            }
        },
        {
            "type": "Feature",
            "geometry": {
                "type": "Point",
                "coordinates": [
                    137.7779801,
                    34.7216034
                ]
            },
            "properties": {
                "name": "マックスバリュEX (MaxValuEX)",
                "shop": "supermarket",
                "osm_type": "node",
                "osm_id": 2059494561,
                "tag": "shop=supermarket"
            }
        },
        {
            "type": "Feature",
            "geometry": {
                "type": "Point",
                "coordinates": [
                    137.7762822,
                    34.7164269
                ]
            },
            "properties": {
                "brand": "MaxValu",
                "name": "マックスバリュ",
                "name:en": "MaxValu",
                "name:ja": "マックスバリュ",
                "name:ja_rm": "Makkusubaryu",
                "shop": "supermarket",
                "osm_type": "node",
                "osm_id": 2059494589,
                "tag": "shop=supermarket"
            }
        },
        {
            "type": "Feature",
            "geometry": {
                "type": "Point",
                "coordinates": [
                    136.8680178,
                    35.1347102
                ]
            },
            "properties": {
                "addr:full": "愛知県名古屋市中川区宮脇町2丁目11番地",
                "branch": "太平通り店",
                "name": "ヨシヅヤ",
                "opening_hours": "Mo-Su 10:00-20:00",
                "phone": "+81 52-354-8211",
                "shop": "supermarket",
                "osm_type": "node",
                "osm_id": 2062588189,
                "tag": "shop=supermarket"
            }
        },
        {
            "type": "Feature",
            "geometry": {
                "type": "Point",
                "coordinates": [
                    137.1772053,
                    34.8777263
                ]
            },
            "properties": {
                "name": "憩の農園",
                "shop": "supermarket",
                "osm_type": "node",
                "osm_id": 2071095702,
                "tag": "shop=supermarket"
            }
        },
        {
            "type": "Feature",
            "geometry": {
                "type": "Point",
                "coordinates": [
                    137.6582592,
                    34.7323417
                ]
            },
            "properties": {
                "addr:block_number": "3367",
                "addr:city": "浜松市",
                "addr:housenumber": "1",
                "addr:neighbourhood": "大人見町",
                "addr:postcode": "431-1112",
                "addr:province": "静岡県",
                "addr:suburb": "中央区",
                "branch": "大人見店",
                "brand": "遠鉄ストア",
                "brand:wikidata": "Q11642444",
                "fax": "+81 53 485 7312",
                "name": "遠鉄ストア",
                "name:en": "Entetsu Store",
                "opening_hours": "Mo-Su 10:00-21:00",
                "phone": "+81 53 485 7311",
                "shop": "supermarket",
                "osm_type": "node",
                "osm_id": 2072474306,
                "tag": "shop=supermarket"
            }
        },
        {
            "type": "Feature",
            "geometry": {
                "type": "Point",
                "coordinates": [
                    137.172225,
                    34.8628016
                ]
            },
            "properties": {
                "name": "ドミー幸田店",
                "shop": "supermarket",
                "osm_type": "node",
                "osm_id": 2074163272,
                "tag": "shop=supermarket"
            }
        },
        {
            "type": "Feature",
            "geometry": {
                "type": "Point",
                "coordinates": [
                    136.9100541,
                    35.1530428
                ]
            },
            "properties": {
                "branch": "千代田店",
                "brand": "マックスバリュ",
                "brand:en": "Maxvalu Tokai",
                "brand:ja": "マックスバリュ",
                "brand:wikidata": "Q1960109",
                "brand:wikipedia": "en:MaxValu",
                "name": "マックスバリュ",
                "name:en": "Maxvalu Tokai",
                "name:ja": "マックスバリュ",
                "shop": "supermarket",
                "osm_type": "node",
                "osm_id": 2076819867,
                "tag": "shop=supermarket"
            }
        },
        {
            "type": "Feature",
            "geometry": {
                "type": "Point",
                "coordinates": [
                    137.7226766,
                    34.7397148
                ]
            },
            "properties": {
                "addr:block_number": "6",
                "addr:city": "浜松市",
                "addr:housenumber": "1",
                "addr:neighbourhood": "泉一丁目",
                "addr:province": "静岡県",
                "name": "MEGAドン・キホーテUNY浜松泉町店",
                "opening_hours": "Mo-Su 09:00-21:00",
                "operator": "ユニーグループホールディング",
                "phone": "053 472 9111",
                "shop": "supermarket",
                "wikidata": "Q17222726",
                "wikipedia": "ja:MEGAドン・キホーテUNY浜松泉町店",
                "osm_type": "node",
                "osm_id": 2079384591,
                "tag": "shop=supermarket"
            }
        },
        {
            "type": "Feature",
            "geometry": {
                "type": "Point",
                "coordinates": [
                    136.8976538,
                    35.1561326
                ]
            },
            "properties": {
                "addr:full": "愛知県名古屋市中区松原２－９－１６吉田ビル１F",
                "name": "祥和",
                "phone": "+81 52-331-8168",
                "shop": "supermarket",
                "osm_type": "node",
                "osm_id": 2082020369,
                "tag": "shop=supermarket"
            }
        },
        {
            "type": "Feature",
            "geometry": {
                "type": "Point",
                "coordinates": [
                    136.8712258,
                    35.1055896
                ]
            },
            "properties": {
                "addr:full": "愛知県名古屋市港区築盛町120番地",
                "branch": "みなと店",
                "fax": "+81 52-661-5441",
                "name": "タチヤ",
                "opening_hours": "Mo-Su 10:00-18:00; We off",
                "phone": "+81 52-661-5440",
                "shop": "supermarket",
                "osm_type": "node",
                "osm_id": 2084080777,
                "tag": "shop=supermarket"
            }
        },
        {
            "type": "Feature",
            "geometry": {
                "type": "Point",
                "coordinates": [
                    136.9191982,
                    35.1297763
                ]
            },
            "properties": {
                "name": "アミカ",
                "shop": "supermarket",
                "source": "gps",
                "osm_type": "node",
                "osm_id": 2090850505,
                "tag": "shop=supermarket"
            }
        },
        {
            "type": "Feature",
            "geometry": {
                "type": "Point",
                "coordinates": [
                    137.1657355,
                    34.9239605
                ]
            },
            "properties": {
                "name": "ヘルシーメイト",
                "name:en": "Healthy Mate",
                "opening_hours": "Mo-Fr 10:00-19:00; Su 10:30-18:30",
                "organic": "only",
                "phone": "+81 564 52 7000",
                "shop": "supermarket",
                "osm_type": "node",
                "osm_id": 2107663697,
                "tag": "shop=supermarket"
            }
        },
        {
            "type": "Feature",
            "geometry": {
                "type": "Point",
                "coordinates": [
                    136.870401,
                    35.167546
                ]
            },
            "properties": {
                "addr:full": "愛知県名古屋市中村区太閤通４丁目５０",
                "addr:postcode": "453-0811",
                "branch": "太閤通店",
                "name": "ヤオキスーパー",
                "phone": "+81 52-481-1151",
                "shop": "supermarket",
                "osm_type": "node",
                "osm_id": 2108157417,
                "tag": "shop=supermarket"
            }
        },
        {
            "type": "Feature",
            "geometry": {
                "type": "Point",
                "coordinates": [
                    136.8545724,
                    35.1687112
                ]
            },
            "properties": {
                "addr:full": "愛知県名古屋市中村区鳥居西通一丁目１番地",
                "addr:postcode": "453-0054",
                "branch": "中村店",
                "fax": "+81 52-419-1535",
                "name": "アオキスーパー",
                "opening_hours": "Mo-Su 09:00-23:00",
                "phone": "+81 52-412-4029",
                "shop": "supermarket",
                "osm_type": "node",
                "osm_id": 2118764721,
                "tag": "shop=supermarket"
            }
        },
        {
            "type": "Feature",
            "geometry": {
                "type": "Point",
                "coordinates": [
                    136.8781471,
                    35.4112107
                ]
            },
            "properties": {
                "shop": "supermarket",
                "osm_type": "node",
                "osm_id": 2140053433,
                "tag": "shop=supermarket"
            }
        },
        {
            "type": "Feature",
            "geometry": {
                "type": "Point",
                "coordinates": [
                    136.7265594,
                    35.4315864
                ]
            },
            "properties": {
                "shop": "supermarket",
                "osm_type": "node",
                "osm_id": 2140145427,
                "tag": "shop=supermarket"
            }
        },
        {
            "type": "Feature",
            "geometry": {
                "type": "Point",
                "coordinates": [
                    137.3828914,
                    34.8391417
                ]
            },
            "properties": {
                "name": "ヤマトストアー本野町店",
                "shop": "supermarket",
                "osm_type": "node",
                "osm_id": 2146066291,
                "tag": "shop=supermarket"
            }
        },
        {
            "type": "Feature",
            "geometry": {
                "type": "Point",
                "coordinates": [
                    136.775751,
                    35.184875
                ]
            },
            "properties": {
                "addr:full": "愛知県津島市蛭間町字新田376-1",
                "addr:postcode": "496-0004",
                "branch": "神守店",
                "brand": "ヤマナカ",
                "brand:en": "Yamanaka",
                "brand:ja": "ヤマナカ",
                "brand:wikidata": "Q11345199",
                "brand:wikipedia": "ja:ヤマナカ",
                "fax": "+81 567 23 3663",
                "name": "ヤマナカ",
                "name:en": "Yamanaka",
                "name:ja": "ヤマナカ",
                "opening_hours": "Mo-Su 09:00-23:00",
                "phone": "+81 567 23 3661",
                "shop": "supermarket",
                "osm_type": "node",
                "osm_id": 2150013966,
                "tag": "shop=supermarket"
            }
        },
        {
            "type": "Feature",
            "geometry": {
                "type": "Point",
                "coordinates": [
                    136.6314905,
                    35.2492506
                ]
            },
            "properties": {
                "addr:full": "岐阜県海津市平田町今尾1617",
                "branch": "海津平田店",
                "name": "ヨシヅヤ",
                "opening_hours": "Mo-Sa 10:00-20:00; Su 09:00-20:00",
                "phone": "0584-66-4311",
                "shop": "supermarket",
                "osm_type": "node",
                "osm_id": 2158616785,
                "tag": "shop=supermarket"
            }
        },
        {
            "type": "Feature",
            "geometry": {
                "type": "Point",
                "coordinates": [
                    136.6778424,
                    35.3701358
                ]
            },
            "properties": {
                "name": "PLANT6",
                "shop": "supermarket",
                "osm_type": "node",
                "osm_id": 2162269752,
                "tag": "shop=supermarket"
            }
        },
        {
            "type": "Feature",
            "geometry": {
                "type": "Point",
                "coordinates": [
                    136.908075,
                    34.8467579
                ]
            },
            "properties": {
                "shop": "supermarket",
                "osm_type": "node",
                "osm_id": 2167230888,
                "tag": "shop=supermarket"
            }
        },
        {
            "type": "Feature",
            "geometry": {
                "type": "Point",
                "coordinates": [
                    136.9098211,
                    34.8599843
                ]
            },
            "properties": {
                "name": "イシハラフーズ",
                "shop": "supermarket",
                "osm_type": "node",
                "osm_id": 2167429579,
                "tag": "shop=supermarket"
            }
        },
        {
            "type": "Feature",
            "geometry": {
                "type": "Point",
                "coordinates": [
                    136.9008464,
                    34.8515411
                ]
            },
            "properties": {
                "name": "ひらのや",
                "shop": "supermarket",
                "osm_type": "node",
                "osm_id": 2167429600,
                "tag": "shop=supermarket"
            }
        },
        {
            "type": "Feature",
            "geometry": {
                "type": "Point",
                "coordinates": [
                    136.9119454,
                    34.8593988
                ]
            },
            "properties": {
                "shop": "supermarket",
                "osm_type": "node",
                "osm_id": 2167429694,
                "tag": "shop=supermarket"
            }
        },
        {
            "type": "Feature",
            "geometry": {
                "type": "Point",
                "coordinates": [
                    136.9113338,
                    34.8681645
                ]
            },
            "properties": {
                "name": "アオキスーパー武豊店",
                "shop": "supermarket",
                "osm_type": "node",
                "osm_id": 2167458298,
                "tag": "shop=supermarket"
            }
        },
        {
            "type": "Feature",
            "geometry": {
                "type": "Point",
                "coordinates": [
                    136.9159399,
                    34.8479516
                ]
            },
            "properties": {
                "brand": "ピアゴ",
                "brand:en": "PIAGO",
                "brand:ja": "ピアゴ",
                "brand:wikidata": "Q91014434",
                "name": "ピアゴ",
                "name:en": "PIAGO",
                "name:ja": "ピアゴ",
                "shop": "supermarket",
                "osm_type": "node",
                "osm_id": 2168302863,
                "tag": "shop=supermarket"
            }
        },
        {
            "type": "Feature",
            "geometry": {
                "type": "Point",
                "coordinates": [
                    136.9115027,
                    34.8462873
                ]
            },
            "properties": {
                "name": "JA",
                "shop": "supermarket",
                "osm_type": "node",
                "osm_id": 2170809391,
                "tag": "shop=supermarket"
            }
        },
        {
            "type": "Feature",
            "geometry": {
                "type": "Point",
                "coordinates": [
                    136.9093598,
                    35.2866258
                ]
            },
            "properties": {
                "name": "ホームセンターコーナン小牧店",
                "shop": "supermarket",
                "osm_type": "node",
                "osm_id": 2172229044,
                "tag": "shop=supermarket"
            }
        },
        {
            "type": "Feature",
            "geometry": {
                "type": "Point",
                "coordinates": [
                    136.9084586,
                    35.2864243
                ]
            },
            "properties": {
                "name": "マックスバリュ小牧堀の内店",
                "shop": "supermarket",
                "osm_type": "node",
                "osm_id": 2172244372,
                "tag": "shop=supermarket"
            }
        },
        {
            "type": "Feature",
            "geometry": {
                "type": "Point",
                "coordinates": [
                    137.3465632,
                    34.8027584
                ]
            },
            "properties": {
                "addr:block_number": "23",
                "addr:city": "豊川市",
                "addr:housenumber": "194",
                "addr:neighbourhood": "慶応",
                "addr:quarter": "伊奈町",
                "branch": "小坂井店",
                "name": "ドミー",
                "name:ja": "ドミー",
                "opening_hours": "10:00-20:00",
                "phone": "+81 533 73 3535",
                "shop": "supermarket",
                "website": "https://www.domy.co.jp/shop_list/area04/kosakai.html",
                "osm_type": "node",
                "osm_id": 2187887877,
                "tag": "shop=supermarket"
            }
        },
        {
            "type": "Feature",
            "geometry": {
                "type": "Point",
                "coordinates": [
                    136.9991806,
                    35.0944168
                ]
            },
            "properties": {
                "branch": "ラ フーズコア 徳重店",
                "branch:en": "La:Foods Core Tokushige",
                "branch:ja": "ラ フーズコア 徳重店",
                "brand": "ピアゴ",
                "brand:en": "PIAGO",
                "brand:ja": "ピアゴ",
                "brand:wikidata": "Q91014434",
                "name": "ピアゴ",
                "name:en": "PIAGO",
                "name:ja": "ピアゴ",
                "shop": "supermarket",
                "osm_type": "node",
                "osm_id": 2207769417,
                "tag": "shop=supermarket"
            }
        },
        {
            "type": "Feature",
            "geometry": {
                "type": "Point",
                "coordinates": [
                    137.0082916,
                    35.0893714
                ]
            },
            "properties": {
                "addr:city": "名古屋市",
                "addr:housenumber": "1102番地",
                "addr:neighbourhood": "3丁目",
                "addr:postcode": "4580801",
                "addr:province": "愛知県",
                "addr:quarter": "鶴が沢",
                "addr:suburb": "緑区",
                "branch": "徳重店",
                "name": "カネスエ",
                "opening_hours": "Mo-Su 08:00-20:00",
                "shop": "supermarket",
                "osm_type": "node",
                "osm_id": 2207769419,
                "tag": "shop=supermarket"
            }
        },
        {
            "type": "Feature",
            "geometry": {
                "type": "Point",
                "coordinates": [
                    136.9043491,
                    35.1161513
                ]
            },
            "properties": {
                "brand": "バロー",
                "brand:en": "Valor",
                "brand:ja": "バロー",
                "brand:wikidata": "Q11328346",
                "brand:wikipedia": "ja:バロー (チェーンストア)",
                "name": "バロー",
                "name:en": "Valor",
                "name:ja": "バロー",
                "name:ja_rm": "Baro",
                "shop": "supermarket",
                "osm_type": "node",
                "osm_id": 2266637132,
                "tag": "shop=supermarket"
            }
        },
        {
            "type": "Feature",
            "geometry": {
                "type": "Point",
                "coordinates": [
                    136.9300694,
                    35.1243468
                ]
            },
            "properties": {
                "name": "フードパークウオダイ",
                "shop": "supermarket",
                "osm_type": "node",
                "osm_id": 2272159107,
                "tag": "shop=supermarket"
            }
        },
        {
            "type": "Feature",
            "geometry": {
                "type": "Point",
                "coordinates": [
                    136.9245012,
                    35.1209046
                ]
            },
            "properties": {
                "name": "FEEL 堀田店",
                "shop": "supermarket",
                "osm_type": "node",
                "osm_id": 2272173562,
                "tag": "shop=supermarket"
            }
        },
        {
            "type": "Feature",
            "geometry": {
                "type": "Point",
                "coordinates": [
                    136.9356379,
                    35.1145972
                ]
            },
            "properties": {
                "branch": "新瑞橋店",
                "brand": "イオン",
                "brand:en": "AEON",
                "brand:ja": "イオン",
                "brand:wikidata": "Q11285951",
                "brand:wikipedia": "ja:イオン (店舗ブランド)",
                "name": "イオン",
                "name:en": "AEON",
                "name:ja": "イオン",
                "shop": "supermarket",
                "osm_type": "node",
                "osm_id": 2272184990,
                "tag": "shop=supermarket"
            }
        },
        {
            "type": "Feature",
            "geometry": {
                "type": "Point",
                "coordinates": [
                    137.1820037,
                    35.1226584
                ]
            },
            "properties": {
                "name": "メグリア",
                "shop": "supermarket",
                "source": "Bing;survey,2013-04",
                "osm_type": "node",
                "osm_id": 2287991400,
                "tag": "shop=supermarket"
            }
        },
        {
            "type": "Feature",
            "geometry": {
                "type": "Point",
                "coordinates": [
                    136.8235826,
                    35.1835368
                ]
            },
            "properties": {
                "brand": "ピアゴ",
                "brand:en": "PIAGO",
                "brand:ja": "ピアゴ",
                "brand:wikidata": "Q91014434",
                "name": "ピアゴ",
                "name:en": "PIAGO",
                "name:ja": "ピアゴ",
                "shop": "supermarket",
                "osm_type": "node",
                "osm_id": 2301016501,
                "tag": "shop=supermarket"
            }
        },
        {
            "type": "Feature",
            "geometry": {
                "type": "Point",
                "coordinates": [
                    136.8035865,
                    35.1371976
                ]
            },
            "properties": {
                "name": "アオキスーパー",
                "shop": "supermarket",
                "osm_type": "node",
                "osm_id": 2310863104,
                "tag": "shop=supermarket"
            }
        },
        {
            "type": "Feature",
            "geometry": {
                "type": "Point",
                "coordinates": [
                    136.8066215,
                    35.1570616
                ]
            },
            "properties": {
                "name": "アオキスーパー",
                "shop": "supermarket",
                "osm_type": "node",
                "osm_id": 2310863108,
                "tag": "shop=supermarket"
            }
        },
        {
            "type": "Feature",
            "geometry": {
                "type": "Point",
                "coordinates": [
                    136.7808902,
                    35.1318948
                ]
            },
            "properties": {
                "brand": "ピアゴ",
                "brand:en": "PIAGO",
                "brand:ja": "ピアゴ",
                "brand:wikidata": "Q91014434",
                "name": "ピアゴ",
                "name:en": "PIAGO",
                "name:ja": "ピアゴ",
                "shop": "supermarket",
                "osm_type": "node",
                "osm_id": 2320620743,
                "tag": "shop=supermarket"
            }
        },
        {
            "type": "Feature",
            "geometry": {
                "type": "Point",
                "coordinates": [
                    137.0079395,
                    34.9894934
                ]
            },
            "properties": {
                "addr:city": "刈谷市",
                "addr:province": "愛知県",
                "brand": "バロー",
                "brand:en": "Valor",
                "brand:ja": "バロー",
                "brand:wikidata": "Q11328346",
                "brand:wikipedia": "ja:バロー (チェーンストア)",
                "name": "バロー",
                "name:en": "Valor",
                "name:ja": "バロー",
                "shop": "supermarket",
                "osm_type": "node",
                "osm_id": 2328917105,
                "tag": "shop=supermarket"
            }
        },
        {
            "type": "Feature",
            "geometry": {
                "type": "Point",
                "coordinates": [
                    136.8652774,
                    35.1621307
                ]
            },
            "properties": {
                "name": "ナフコ",
                "shop": "supermarket",
                "osm_type": "node",
                "osm_id": 2337949209,
                "tag": "shop=supermarket"
            }
        },
        {
            "type": "Feature",
            "geometry": {
                "type": "Point",
                "coordinates": [
                    136.8288949,
                    35.3454905
                ]
            },
            "properties": {
                "name": "カネスエ",
                "shop": "supermarket",
                "osm_type": "node",
                "osm_id": 2339028768,
                "tag": "shop=supermarket"
            }
        },
        {
            "type": "Feature",
            "geometry": {
                "type": "Point",
                "coordinates": [
                    136.9105503,
                    35.0652132
                ]
            },
            "properties": {
                "name": "アミカ",
                "shop": "supermarket",
                "osm_type": "node",
                "osm_id": 2365435293,
                "tag": "shop=supermarket"
            }
        },
        {
            "type": "Feature",
            "geometry": {
                "type": "Point",
                "coordinates": [
                    136.9106764,
                    35.0764663
                ]
            },
            "properties": {
                "brand": "ピアゴ",
                "brand:en": "PIAGO",
                "brand:ja": "ピアゴ",
                "brand:wikidata": "Q91014434",
                "name": "ピアゴ",
                "name:en": "PIAGO",
                "name:ja": "ピアゴ",
                "shop": "supermarket",
                "survey:date": "2019-09-28",
                "osm_type": "node",
                "osm_id": 2365435303,
                "tag": "shop=supermarket"
            }
        },
        {
            "type": "Feature",
            "geometry": {
                "type": "Point",
                "coordinates": [
                    136.8414179,
                    35.1467249
                ]
            },
            "properties": {
                "name": "アオキスーパー",
                "shop": "supermarket",
                "osm_type": "node",
                "osm_id": 2366705663,
                "tag": "shop=supermarket"
            }
        },
        {
            "type": "Feature",
            "geometry": {
                "type": "Point",
                "coordinates": [
                    137.0531745,
                    35.2141128
                ]
            },
            "properties": {
                "brand": "ヤマナカ",
                "brand:en": "Yamanaka",
                "brand:ja": "ヤマナカ",
                "brand:wikidata": "Q11345199",
                "brand:wikipedia": "ja:ヤマナカ",
                "name": "ヤマナカ",
                "name:en": "Yamanaka",
                "name:ja": "ヤマナカ",
                "shop": "supermarket",
                "osm_type": "node",
                "osm_id": 2398078463,
                "tag": "shop=supermarket"
            }
        },
        {
            "type": "Feature",
            "geometry": {
                "type": "Point",
                "coordinates": [
                    136.8977261,
                    35.1126032
                ]
            },
            "properties": {
                "name": "EQVO!",
                "shop": "supermarket",
                "osm_type": "node",
                "osm_id": 2407513928,
                "tag": "shop=supermarket"
            }
        },
        {
            "type": "Feature",
            "geometry": {
                "type": "Point",
                "coordinates": [
                    136.8736494,
                    35.2790704
                ]
            },
            "properties": {
                "name": "スーパーマーケットバロー",
                "shop": "supermarket",
                "osm_type": "node",
                "osm_id": 2407699882,
                "tag": "shop=supermarket"
            }
        },
        {
            "type": "Feature",
            "geometry": {
                "type": "Point",
                "coordinates": [
                    137.0083209,
                    35.4018711
                ]
            },
            "properties": {
                "brand": "バロー",
                "brand:en": "Valor",
                "brand:ja": "バロー",
                "brand:wikidata": "Q11328346",
                "name": "バロー西可児店",
                "name:en": "Valor",
                "name:ja": "バロー",
                "shop": "supermarket",
                "osm_type": "node",
                "osm_id": 2407819904,
                "tag": "shop=supermarket"
            }
        },
        {
            "type": "Feature",
            "geometry": {
                "type": "Point",
                "coordinates": [
                    137.0111962,
                    35.4041273
                ]
            },
            "properties": {
                "name": "パルマルシェ",
                "shop": "supermarket",
                "osm_type": "node",
                "osm_id": 2407819921,
                "tag": "shop=supermarket"
            }
        },
        {
            "type": "Feature",
            "geometry": {
                "type": "Point",
                "coordinates": [
                    136.879925,
                    35.2874361
                ]
            },
            "properties": {
                "name": "カネスエ",
                "shop": "supermarket",
                "osm_type": "node",
                "osm_id": 2408397661,
                "tag": "shop=supermarket"
            }
        },
        {
            "type": "Feature",
            "geometry": {
                "type": "Point",
                "coordinates": [
                    136.8825106,
                    35.2935005
                ]
            },
            "properties": {
                "branch": "八剱店",
                "brand": "ピアゴ",
                "brand:en": "PIAGO",
                "brand:ja": "ピアゴ",
                "brand:wikidata": "Q91014434",
                "name": "ピアゴ",
                "name:en": "PIAGO",
                "name:ja": "ピアゴ",
                "shop": "supermarket",
                "osm_type": "node",
                "osm_id": 2408397670,
                "tag": "shop=supermarket"
            }
        },
        {
            "type": "Feature",
            "geometry": {
                "type": "Point",
                "coordinates": [
                    137.0394569,
                    35.4436625
                ]
            },
            "properties": {
                "branch": "美濃加茂店",
                "brand": "ドン・キホーテ",
                "brand:en": "Don Quijote",
                "brand:ja": "ドン・キホーテ",
                "brand:wikidata": "Q1185381",
                "name": "MEGAドン・キホーテUNY",
                "name:en": "MEGA Don Quijote UNY",
                "name:ja": "MEGAドン・キホーテUNY",
                "opening_hours": "Mo-Su 08:00-23:00",
                "operator": "UDリテール",
                "operator:en": "UD Retail",
                "operator:ja": "UDリテール",
                "operator:wikidata": "Q65232987",
                "phone": "0574275811",
                "shop": "supermarket",
                "short_name": "MEGAドンキ",
                "short_name:en": "MegaDonki",
                "short_name:ja": "MEGAドンキ",
                "website": "https://www.donki.com/store/shop_detail.php?shop_id=521",
                "osm_type": "node",
                "osm_id": 2409435249,
                "tag": "shop=supermarket"
            }
        },
        {
            "type": "Feature",
            "geometry": {
                "type": "Point",
                "coordinates": [
                    136.8702627,
                    35.2716247
                ]
            },
            "properties": {
                "name": "やまひこ",
                "shop": "supermarket",
                "osm_type": "node",
                "osm_id": 2411597660,
                "tag": "shop=supermarket"
            }
        },
        {
            "type": "Feature",
            "geometry": {
                "type": "Point",
                "coordinates": [
                    136.8833588,
                    35.2809784
                ]
            },
            "properties": {
                "name": "ナフコ",
                "shop": "supermarket",
                "osm_type": "node",
                "osm_id": 2417575859,
                "tag": "shop=supermarket"
            }
        },
        {
            "type": "Feature",
            "geometry": {
                "type": "Point",
                "coordinates": [
                    136.8423899,
                    35.2637332
                ]
            },
            "properties": {
                "shop": "supermarket",
                "osm_type": "node",
                "osm_id": 2418590133,
                "tag": "shop=supermarket"
            }
        },
        {
            "type": "Feature",
            "geometry": {
                "type": "Point",
                "coordinates": [
                    136.945039,
                    35.362767
                ]
            },
            "properties": {
                "name": "Mikawaya",
                "shop": "supermarket",
                "osm_type": "node",
                "osm_id": 2419428722,
                "tag": "shop=supermarket"
            }
        },
        {
            "type": "Feature",
            "geometry": {
                "type": "Point",
                "coordinates": [
                    136.9536179,
                    35.2392739
                ]
            },
            "properties": {
                "branch": "勝川店",
                "check_date": "2025-08-25",
                "name": "ナフコ",
                "opening_hours": "09:30-20:00",
                "shop": "supermarket",
                "osm_type": "node",
                "osm_id": 2422757615,
                "tag": "shop=supermarket"
            }
        },
        {
            "type": "Feature",
            "geometry": {
                "type": "Point",
                "coordinates": [
                    136.8893175,
                    35.1241718
                ]
            },
            "properties": {
                "name": "ナフコ",
                "shop": "supermarket",
                "osm_type": "node",
                "osm_id": 2431023970,
                "tag": "shop=supermarket"
            }
        },
        {
            "type": "Feature",
            "geometry": {
                "type": "Point",
                "coordinates": [
                    137.0503822,
                    35.4147181
                ]
            },
            "properties": {
                "name": "パティオ ヨシヅヤ",
                "shop": "supermarket",
                "osm_type": "node",
                "osm_id": 2434620971,
                "tag": "shop=supermarket"
            }
        },
        {
            "type": "Feature",
            "geometry": {
                "type": "Point",
                "coordinates": [
                    137.0391107,
                    35.4311831
                ]
            },
            "properties": {
                "brand": "ロピア",
                "brand:en": "Lopia",
                "brand:ja": "ロピア",
                "brand:wikidata": "Q11350624",
                "name": "ロピア",
                "name:en": "Lopia",
                "name:ja": "ロピア",
                "name:ja_rm": "Baro",
                "shop": "supermarket",
                "osm_type": "node",
                "osm_id": 2447777849,
                "tag": "shop=supermarket"
            }
        },
        {
            "type": "Feature",
            "geometry": {
                "type": "Point",
                "coordinates": [
                    137.0639151,
                    35.4271604
                ]
            },
            "properties": {
                "brand": "ドン・キホーテ",
                "brand:en": "Don Quijote",
                "brand:ja": "ドン・キホーテ",
                "brand:wikidata": "Q1185381",
                "name": "ドン・キホーテUNY",
                "name:en": "Don Quijote UNY",
                "name:ja": "ドン・キホーテUNY",
                "opening_hours": "24/7",
                "operator": "UDリテール",
                "operator:en": "UD Retail",
                "operator:ja": "UDリテール",
                "operator:wikidata": "Q65232987",
                "phone": "0574632611",
                "shop": "supermarket",
                "short_name": "ドンキ",
                "short_name:en": "Donki",
                "short_name:ja": "ドンキ",
                "website": "https://www.donki.com/store/shop_detail.php?shop_id=478",
                "osm_type": "node",
                "osm_id": 2456429629,
                "tag": "shop=supermarket"
            }
        },
        {
            "type": "Feature",
            "geometry": {
                "type": "Point",
                "coordinates": [
                    137.0600418,
                    35.4162132
                ]
            },
            "properties": {
                "name": "スーパーマーケットバロー",
                "shop": "supermarket",
                "osm_type": "node",
                "osm_id": 2456466776,
                "tag": "shop=supermarket"
            }
        },
        {
            "type": "Feature",
            "geometry": {
                "type": "Point",
                "coordinates": [
                    136.7975721,
                    35.3027923
                ]
            },
            "properties": {
                "brand": "成城石井",
                "brand:en": "Seijo Ishii",
                "brand:ja": "成城石井",
                "brand:wikidata": "Q11495410",
                "brand:wikipedia": "ja:成城石井",
                "name": "成城石井",
                "name:en": "Seijo Ishii",
                "name:ja": "成城石井",
                "name:ja_rm": "Seijo Ishii",
                "shop": "supermarket",
                "osm_type": "node",
                "osm_id": 2458993191,
                "tag": "shop=supermarket"
            }
        },
        {
            "type": "Feature",
            "geometry": {
                "type": "Point",
                "coordinates": [
                    136.8737467,
                    35.3547444
                ]
            },
            "properties": {
                "brand": "ドン・キホーテ",
                "brand:en": "Don Quijote",
                "brand:ja": "ドン・キホーテ",
                "brand:wikidata": "Q1185381",
                "name": "MEGAドン・キホーテ",
                "name:en": "MEGA Don Quijote",
                "name:ja": "MEGAドン・キホーテ",
                "opening_hours": "24/7",
                "shop": "supermarket",
                "short_name": "MEGAドンキ",
                "short_name:en": "MegaDonki",
                "short_name:ja": "MEGAドンキ",
                "osm_type": "node",
                "osm_id": 2488963122,
                "tag": "shop=supermarket"
            }
        },
        {
            "type": "Feature",
            "geometry": {
                "type": "Point",
                "coordinates": [
                    136.8712754,
                    35.3445134
                ]
            },
            "properties": {
                "name": "大阪屋ショップ",
                "shop": "supermarket",
                "osm_type": "node",
                "osm_id": 2488973623,
                "tag": "shop=supermarket"
            }
        },
        {
            "type": "Feature",
            "geometry": {
                "type": "Point",
                "coordinates": [
                    137.0285251,
                    35.4389598
                ]
            },
            "properties": {
                "name": "ゲンキー",
                "shop": "supermarket",
                "osm_type": "node",
                "osm_id": 2507927216,
                "tag": "shop=supermarket"
            }
        },
        {
            "type": "Feature",
            "geometry": {
                "type": "Point",
                "coordinates": [
                    136.8201057,
                    35.1364135
                ]
            },
            "properties": {
                "name": "Feel",
                "shop": "supermarket",
                "osm_type": "node",
                "osm_id": 2519454408,
                "tag": "shop=supermarket"
            }
        },
        {
            "type": "Feature",
            "geometry": {
                "type": "Point",
                "coordinates": [
                    136.8245349,
                    35.3917467
                ]
            },
            "properties": {
                "addr:housenumber": "各務原市那加萱場町３丁目８",
                "name": "イオンモール各務原",
                "shop": "supermarket",
                "wheelchair": "yes",
                "wikidata": "Q11286098",
                "wikipedia": "ja:イオンモール各務原",
                "osm_type": "node",
                "osm_id": 2519732869,
                "tag": "shop=supermarket"
            }
        },
        {
            "type": "Feature",
            "geometry": {
                "type": "Point",
                "coordinates": [
                    136.8180713,
                    35.3147245
                ]
            },
            "properties": {
                "name": "スーパー三心",
                "shop": "supermarket",
                "osm_type": "node",
                "osm_id": 2520490918,
                "tag": "shop=supermarket"
            }
        },
        {
            "type": "Feature",
            "geometry": {
                "type": "Point",
                "coordinates": [
                    136.8225535,
                    35.2975381
                ]
            },
            "properties": {
                "name": "アミカ",
                "shop": "supermarket",
                "osm_type": "node",
                "osm_id": 2521858924,
                "tag": "shop=supermarket"
            }
        },
        {
            "type": "Feature",
            "geometry": {
                "type": "Point",
                "coordinates": [
                    136.8148322,
                    35.428401
                ]
            },
            "properties": {
                "name": "平和堂",
                "shop": "supermarket",
                "osm_type": "node",
                "osm_id": 2532520036,
                "tag": "shop=supermarket"
            }
        },
        {
            "type": "Feature",
            "geometry": {
                "type": "Point",
                "coordinates": [
                    136.8704604,
                    35.1286213
                ]
            },
            "properties": {
                "name": "ザ・チャレンジハウス",
                "shop": "supermarket",
                "osm_type": "node",
                "osm_id": 2558202392,
                "tag": "shop=supermarket"
            }
        },
        {
            "type": "Feature",
            "geometry": {
                "type": "Point",
                "coordinates": [
                    136.952597,
                    35.1659
                ]
            },
            "properties": {
                "addr:block_number": "1",
                "addr:city": "名古屋市",
                "addr:housenumber": "39",
                "addr:postcode": "464-0837",
                "addr:province": "愛知県",
                "addr:quarter": "丘上町",
                "addr:suburb": "千種区",
                "name": "Kakuouzan Frante",
                "operator": "ヤマナカ",
                "shop": "supermarket",
                "wheelchair": "可",
                "osm_type": "node",
                "osm_id": 2604182978,
                "tag": "shop=supermarket"
            }
        },
        {
            "type": "Feature",
            "geometry": {
                "type": "Point",
                "coordinates": [
                    136.9123567,
                    35.2007311
                ]
            },
            "properties": {
                "brand": "ピアゴ",
                "brand:en": "PIAGO",
                "brand:ja": "ピアゴ",
                "brand:wikidata": "Q91014434",
                "name": "ピアゴ",
                "name:en": "PIAGO",
                "name:ja": "ピアゴ",
                "shop": "supermarket",
                "source": "bing",
                "osm_type": "node",
                "osm_id": 2634781631,
                "tag": "shop=supermarket"
            }
        },
        {
            "type": "Feature",
            "geometry": {
                "type": "Point",
                "coordinates": [
                    136.8887656,
                    35.1300545
                ]
            },
            "properties": {
                "addr:postcode": "456-0086",
                "name": "ピアゴラフーズコア",
                "name:en": "Piago La Foods Core",
                "opening_hours": "Mo-Su 09:00-21:00",
                "phone": "+81 52-683-9011",
                "shop": "supermarket",
                "website": "https://www.uny.co.jp/shop/230/index.html",
                "osm_type": "node",
                "osm_id": 2639464478,
                "tag": "shop=supermarket"
            }
        },
        {
            "type": "Feature",
            "geometry": {
                "type": "Point",
                "coordinates": [
                    137.5502963,
                    34.8050326
                ]
            },
            "properties": {
                "name": "食鮮館タイヨー",
                "operator": "JAみっかび",
                "phone": "053 525 1040",
                "shop": "supermarket",
                "osm_type": "node",
                "osm_id": 2641763763,
                "tag": "shop=supermarket"
            }
        },
        {
            "type": "Feature",
            "geometry": {
                "type": "Point",
                "coordinates": [
                    137.6635212,
                    34.8004748
                ]
            },
            "properties": {
                "addr:block_number": "5819",
                "addr:city": "浜松市",
                "addr:housenumber": "1",
                "addr:neighbourhood": "細江町中川",
                "addr:province": "静岡県",
                "addr:suburb": "浜名区",
                "name": "マックスバリュ",
                "operator": "マックスバリュー東海",
                "shop": "supermarket",
                "osm_type": "node",
                "osm_id": 2641972412,
                "tag": "shop=supermarket"
            }
        },
        {
            "type": "Feature",
            "geometry": {
                "type": "Point",
                "coordinates": [
                    137.6737694,
                    34.8315917
                ]
            },
            "properties": {
                "addr:block_number": "2067",
                "addr:city": "浜松市",
                "addr:housenumber": "1",
                "addr:neighbourhood": "引佐町井伊谷",
                "addr:postcode": "431-2212",
                "addr:province": "静岡県",
                "addr:suburb": "浜名区",
                "name": "Ａコープいなさ店",
                "name:en": "A Co-Op",
                "operator": "とぴあサービス",
                "shop": "supermarket",
                "osm_type": "node",
                "osm_id": 2642041598,
                "tag": "shop=supermarket"
            }
        },
        {
            "type": "Feature",
            "geometry": {
                "type": "Point",
                "coordinates": [
                    137.6797421,
                    34.8173591
                ]
            },
            "properties": {
                "name": "バロー　引佐店",
                "shop": "supermarket",
                "osm_type": "node",
                "osm_id": 2642074914,
                "tag": "shop=supermarket"
            }
        },
        {
            "type": "Feature",
            "geometry": {
                "type": "Point",
                "coordinates": [
                    137.5570474,
                    34.7118261
                ]
            },
            "properties": {
                "branch": "湖西店",
                "brand": "ザ・ビッグ",
                "name": "ザ・ビッグ",
                "shop": "supermarket",
                "osm_type": "node",
                "osm_id": 2642316768,
                "tag": "shop=supermarket"
            }
        },
        {
            "type": "Feature",
            "geometry": {
                "type": "Point",
                "coordinates": [
                    137.5506262,
                    34.8099152
                ]
            },
            "properties": {
                "addr:block_number": "110",
                "addr:city": "浜松市",
                "addr:neighbourhood": "三ヶ日町三ヶ日",
                "addr:postcode": "431-1414",
                "addr:province": "静岡県",
                "addr:suburb": "浜名区",
                "name": "遠鉄ストア　三ヶ日店",
                "phone": "053-525-2300",
                "shop": "supermarket",
                "osm_type": "node",
                "osm_id": 2643817912,
                "tag": "shop=supermarket"
            }
        },
        {
            "type": "Feature",
            "geometry": {
                "type": "Point",
                "coordinates": [
                    137.7488228,
                    34.7343534
                ]
            },
            "properties": {
                "branch": "浜松早出店",
                "name": "マックスバリュエクスプレス",
                "shop": "supermarket",
                "osm_type": "node",
                "osm_id": 2649238826,
                "tag": "shop=supermarket"
            }
        },
        {
            "type": "Feature",
            "geometry": {
                "type": "Point",
                "coordinates": [
                    137.670771,
                    34.7710221
                ]
            },
            "properties": {
                "branch": "桜台店",
                "brand": "遠鉄ストア",
                "brand:wikidata": "Q11642444",
                "name": "遠鉄ストア",
                "name:en": "Entetsu Store",
                "shop": "supermarket",
                "osm_type": "node",
                "osm_id": 2651188863,
                "tag": "shop=supermarket"
            }
        },
        {
            "type": "Feature",
            "geometry": {
                "type": "Point",
                "coordinates": [
                    137.7177134,
                    34.7712838
                ]
            },
            "properties": {
                "addr:block_number": "1255",
                "addr:city": "浜松市",
                "addr:housenumber": "2",
                "addr:neighbourhood": "初生町",
                "addr:province": "静岡県",
                "addr:suburb": "中央区",
                "name": "ウエルシア 浜松初生店",
                "opening_hours": "09:00-24:00",
                "operator": "ウェルシア薬局（株）",
                "shop": "supermarket",
                "website": "http://as.chizumaru.com/welcia/detailMap?account=welcia&accmd=3&bid=2318&adr=22135&x=495628.573&y=125220.771&lscl=24994&lrot=0&pgret=1&kkw002=1%2C2",
                "osm_type": "node",
                "osm_id": 2661252975,
                "tag": "shop=supermarket"
            }
        },
        {
            "type": "Feature",
            "geometry": {
                "type": "Point",
                "coordinates": [
                    137.7037304,
                    34.7927176
                ]
            },
            "properties": {
                "landuse": "retail",
                "name": "ファーマーズマーケット 三方原店",
                "operator": "とぴあ浜松農業協同組合",
                "shop": "supermarket",
                "osm_type": "node",
                "osm_id": 2661446964,
                "tag": "shop=supermarket"
            }
        },
        {
            "type": "Feature",
            "geometry": {
                "type": "Point",
                "coordinates": [
                    137.7735712,
                    34.741205
                ]
            },
            "properties": {
                "name": "エブリィビッグデー笠井街道店",
                "operator": "株式会社ビッグ富士",
                "shop": "supermarket",
                "osm_type": "node",
                "osm_id": 2662817590,
                "tag": "shop=supermarket"
            }
        },
        {
            "type": "Feature",
            "geometry": {
                "type": "Point",
                "coordinates": [
                    137.7719349,
                    34.7336396
                ]
            },
            "properties": {
                "name": "フードマーケットマム天王店",
                "shop": "supermarket",
                "osm_type": "node",
                "osm_id": 2663205555,
                "tag": "shop=supermarket"
            }
        },
        {
            "type": "Feature",
            "geometry": {
                "type": "Point",
                "coordinates": [
                    137.7003763,
                    34.6838952
                ]
            },
            "properties": {
                "branch": "新橋店",
                "brand": "遠鉄ストア",
                "brand:wikidata": "Q11642444",
                "name": "遠鉄ストア",
                "name:en": "Entetsu Store",
                "shop": "supermarket",
                "osm_type": "node",
                "osm_id": 2664432076,
                "tag": "shop=supermarket"
            }
        },
        {
            "type": "Feature",
            "geometry": {
                "type": "Point",
                "coordinates": [
                    137.7714585,
                    34.6819937
                ]
            },
            "properties": {
                "name": "遠鉄ストア 立野店",
                "shop": "supermarket",
                "osm_type": "node",
                "osm_id": 2670017075,
                "tag": "shop=supermarket"
            }
        },
        {
            "type": "Feature",
            "geometry": {
                "type": "Point",
                "coordinates": [
                    136.8621936,
                    35.1152476
                ]
            },
            "properties": {
                "brand": "ピアゴ",
                "brand:en": "PIAGO",
                "brand:ja": "ピアゴ",
                "brand:wikidata": "Q91014434",
                "name": "ピアゴ",
                "name:en": "PIAGO",
                "name:ja": "ピアゴ",
                "shop": "supermarket",
                "osm_type": "node",
                "osm_id": 2686289167,
                "tag": "shop=supermarket"
            }
        },
        {
            "type": "Feature",
            "geometry": {
                "type": "Point",
                "coordinates": [
                    137.7922466,
                    34.8094709
                ]
            },
            "properties": {
                "name": "マム 浜北店",
                "shop": "supermarket",
                "osm_type": "node",
                "osm_id": 2688323901,
                "tag": "shop=supermarket"
            }
        },
        {
            "type": "Feature",
            "geometry": {
                "type": "Point",
                "coordinates": [
                    137.8049069,
                    34.8100657
                ]
            },
            "properties": {
                "name": "遠鉄ストア",
                "shop": "supermarket",
                "osm_type": "node",
                "osm_id": 2688323915,
                "tag": "shop=supermarket"
            }
        },
        {
            "type": "Feature",
            "geometry": {
                "type": "Point",
                "coordinates": [
                    137.8356187,
                    34.8100046
                ]
            },
            "properties": {
                "name": "ベイシア",
                "shop": "supermarket",
                "osm_type": "node",
                "osm_id": 2688326311,
                "tag": "shop=supermarket"
            }
        },
        {
            "type": "Feature",
            "geometry": {
                "type": "Point",
                "coordinates": [
                    137.8350519,
                    34.8079023
                ]
            },
            "properties": {
                "name": "採れたて元気村",
                "shop": "supermarket",
                "osm_type": "node",
                "osm_id": 2688329581,
                "tag": "shop=supermarket"
            }
        },
        {
            "type": "Feature",
            "geometry": {
                "type": "Point",
                "coordinates": [
                    136.7440391,
                    35.1155154
                ]
            },
            "properties": {
                "brand": "ピアゴ",
                "brand:en": "PIAGO",
                "brand:ja": "ピアゴ",
                "brand:wikidata": "Q91014434",
                "name": "ピアゴ",
                "name:en": "PIAGO",
                "name:ja": "ピアゴ",
                "shop": "supermarket",
                "osm_type": "node",
                "osm_id": 2697750504,
                "tag": "shop=supermarket"
            }
        },
        {
            "type": "Feature",
            "geometry": {
                "type": "Point",
                "coordinates": [
                    136.9632131,
                    35.1642301
                ]
            },
            "properties": {
                "branch": "本山店",
                "brand": "マックスバリュ",
                "brand:en": "Maxvalu Tokai",
                "brand:ja": "マックスバリュ",
                "brand:wikidata": "Q1960109",
                "brand:wikipedia": "en:MaxValu",
                "name": "マックスバリュ",
                "name:en": "Maxvalu Tokai",
                "name:ja": "マックスバリュ",
                "shop": "supermarket",
                "osm_type": "node",
                "osm_id": 2702175357,
                "tag": "shop=supermarket"
            }
        },
        {
            "type": "Feature",
            "geometry": {
                "type": "Point",
                "coordinates": [
                    136.975742,
                    35.179221
                ]
            },
            "properties": {
                "branch": "富士見台店",
                "name": "フランテ",
                "shop": "supermarket",
                "osm_type": "node",
                "osm_id": 2702840265,
                "tag": "shop=supermarket"
            }
        },
        {
            "type": "Feature",
            "geometry": {
                "type": "Point",
                "coordinates": [
                    136.9671886,
                    35.1757804
                ]
            },
            "properties": {
                "branch": "自由ヶ丘店",
                "brand": "マックスバリュ",
                "brand:en": "Maxvalu Tokai",
                "brand:ja": "マックスバリュ",
                "brand:wikidata": "Q1960109",
                "brand:wikipedia": "en:MaxValu",
                "name": "マックスバリュ",
                "name:en": "Maxvalu Tokai",
                "name:ja": "マックスバリュ",
                "name:ja_rm": "Makkusubaryu",
                "shop": "supermarket",
                "osm_type": "node",
                "osm_id": 2702840266,
                "tag": "shop=supermarket"
            }
        },
        {
            "type": "Feature",
            "geometry": {
                "type": "Point",
                "coordinates": [
                    136.7425669,
                    35.2688385
                ]
            },
            "properties": {
                "shop": "supermarket",
                "osm_type": "node",
                "osm_id": 2717215287,
                "tag": "shop=supermarket"
            }
        },
        {
            "type": "Feature",
            "geometry": {
                "type": "Point",
                "coordinates": [
                    136.9256809,
                    35.1964752
                ]
            },
            "properties": {
                "branch": "若葉通店",
                "brand": "マックスバリュ",
                "brand:en": "Maxvalu Tokai",
                "brand:ja": "マックスバリュ",
                "brand:wikidata": "Q1960109",
                "brand:wikipedia": "en:MaxValu",
                "name": "マックスバリュ",
                "name:en": "Maxvalu Tokai",
                "name:ja": "マックスバリュ",
                "shop": "supermarket",
                "osm_type": "node",
                "osm_id": 2733548143,
                "tag": "shop=supermarket"
            }
        },
        {
            "type": "Feature",
            "geometry": {
                "type": "Point",
                "coordinates": [
                    136.8506584,
                    35.1606283
                ]
            },
            "properties": {
                "addr:block_number": "5",
                "addr:city": "名古屋市",
                "addr:neighbourhood": "26丁目",
                "addr:postcode": "453-0837",
                "addr:province": "愛知県",
                "addr:quarter": "二瀬町",
                "addr:suburb": "中村区",
                "branch": "中村二瀬店",
                "name": "アルビス",
                "opening_hours": "Mo-Su 09:00-21:45",
                "phone": "+81 52-413-3620",
                "shop": "supermarket",
                "osm_type": "node",
                "osm_id": 2751406306,
                "tag": "shop=supermarket"
            }
        },
        {
            "type": "Feature",
            "geometry": {
                "type": "Point",
                "coordinates": [
                    136.8482373,
                    35.1610066
                ]
            },
            "properties": {
                "name": "Pare Marche",
                "shop": "supermarket",
                "osm_type": "node",
                "osm_id": 2751406311,
                "tag": "shop=supermarket"
            }
        },
        {
            "type": "Feature",
            "geometry": {
                "type": "Point",
                "coordinates": [
                    137.1526033,
                    35.0847045
                ]
            },
            "properties": {
                "addr:street": "T-Face Mall",
                "name": "Satoshi Mart",
                "operator": "www.satoshimart.wordpress.com",
                "shop": "supermarket",
                "osm_type": "node",
                "osm_id": 2756624054,
                "tag": "shop=supermarket"
            }
        },
        {
            "type": "Feature",
            "geometry": {
                "type": "Point",
                "coordinates": [
                    136.630523,
                    35.3653057
                ]
            },
            "properties": {
                "branch": "大垣東店",
                "brand": "マックスバリュ",
                "brand:en": "Maxvalu Tokai",
                "brand:ja": "マックスバリュ",
                "brand:wikidata": "Q1960109",
                "brand:wikipedia": "en:MaxValu",
                "name": "マックスバリュ",
                "name:en": "Maxvalu Tokai",
                "name:ja": "マックスバリュ",
                "name:ja_rm": "Makkusubaryu",
                "operator": "イオン",
                "shop": "supermarket",
                "osm_type": "node",
                "osm_id": 2785305688,
                "tag": "shop=supermarket"
            }
        },
        {
            "type": "Feature",
            "geometry": {
                "type": "Point",
                "coordinates": [
                    137.0508463,
                    35.4237839
                ]
            },
            "properties": {
                "alt_name:en": "Co-op",
                "brand": "コープ",
                "brand:en": "CO・OP",
                "brand:ja": "コープ",
                "brand:wikidata": "Q11508615",
                "name": "コープ",
                "name:en": "CO・OP",
                "name:ja": "コープ",
                "official_name": "日本生活協同組合連合会",
                "official_name:en": "Japanese Consumers' Co-operative Union",
                "official_name:ja": "日本生活協同組合連合会",
                "shop": "supermarket",
                "osm_type": "node",
                "osm_id": 2822594939,
                "tag": "shop=supermarket"
            }
        },
        {
            "type": "Feature",
            "geometry": {
                "type": "Point",
                "coordinates": [
                    137.0286963,
                    35.432732
                ]
            },
            "properties": {
                "name": "スーパー三心",
                "shop": "supermarket",
                "osm_type": "node",
                "osm_id": 2822736630,
                "tag": "shop=supermarket"
            }
        },
        {
            "type": "Feature",
            "geometry": {
                "type": "Point",
                "coordinates": [
                    136.649544,
                    35.2926457
                ]
            },
            "properties": {
                "name": "ザ・ビッグ輪之内店",
                "shop": "supermarket",
                "osm_type": "node",
                "osm_id": 2865665363,
                "tag": "shop=supermarket"
            }
        },
        {
            "type": "Feature",
            "geometry": {
                "type": "Point",
                "coordinates": [
                    136.8559161,
                    35.1563682
                ]
            },
            "properties": {
                "name": "アオキスーパー",
                "shop": "supermarket",
                "osm_type": "node",
                "osm_id": 2879482399,
                "tag": "shop=supermarket"
            }
        },
        {
            "type": "Feature",
            "geometry": {
                "type": "Point",
                "coordinates": [
                    136.6130911,
                    35.3392436
                ]
            },
            "properties": {
                "branch": "大垣南店",
                "brand": "バロー",
                "brand:en": "Valor",
                "brand:ja": "バロー",
                "brand:wikidata": "Q11328346",
                "brand:wikipedia": "ja:バロー (チェーンストア)",
                "name": "バロー",
                "name:en": "Valor",
                "name:ja": "バロー",
                "shop": "supermarket",
                "osm_type": "node",
                "osm_id": 2905316532,
                "tag": "shop=supermarket"
            }
        },
        {
            "type": "Feature",
            "geometry": {
                "type": "Point",
                "coordinates": [
                    136.868173,
                    34.738768
                ]
            },
            "properties": {
                "name": "ヤナギ内海店",
                "shop": "supermarket",
                "wheelchair": "yes",
                "osm_type": "node",
                "osm_id": 3086925109,
                "tag": "shop=supermarket"
            }
        },
        {
            "type": "Feature",
            "geometry": {
                "type": "Point",
                "coordinates": [
                    137.0140324,
                    34.7943103
                ]
            },
            "properties": {
                "name": "一色さかな広場",
                "shop": "supermarket",
                "osm_type": "node",
                "osm_id": 3100172739,
                "tag": "shop=supermarket"
            }
        },
        {
            "type": "Feature",
            "geometry": {
                "type": "Point",
                "coordinates": [
                    136.982669,
                    35.1799781
                ]
            },
            "properties": {
                "branch": "千代が丘店",
                "name": "アオキスーパー",
                "shop": "supermarket",
                "osm_type": "node",
                "osm_id": 3131730666,
                "tag": "shop=supermarket"
            }
        },
        {
            "type": "Feature",
            "geometry": {
                "type": "Point",
                "coordinates": [
                    136.9467888,
                    35.1671831
                ]
            },
            "properties": {
                "branch": "池下店",
                "name": "パレマルシェ",
                "operator": "オークワ",
                "shop": "supermarket",
                "osm_type": "node",
                "osm_id": 3131828034,
                "tag": "shop=supermarket"
            }
        },
        {
            "type": "Feature",
            "geometry": {
                "type": "Point",
                "coordinates": [
                    136.9328873,
                    35.0531146
                ]
            },
            "properties": {
                "alt_name:en": "Co-op",
                "brand": "コープ",
                "brand:en": "CO・OP",
                "brand:ja": "コープ",
                "brand:wikidata": "Q11508615",
                "brand:wikipedia": "ja:日本生活協同組合連合会",
                "name": "コープ",
                "name:en": "CO・OP",
                "name:ja": "コープ",
                "official_name": "日本生活協同組合連合会",
                "official_name:en": "Japanese Consumers' Co-operative Union",
                "shop": "supermarket",
                "osm_type": "node",
                "osm_id": 3138117370,
                "tag": "shop=supermarket"
            }
        },
        {
            "type": "Feature",
            "geometry": {
                "type": "Point",
                "coordinates": [
                    136.9005995,
                    35.1007275
                ]
            },
            "properties": {
                "name": "ザ・チャレンジハウス",
                "shop": "supermarket",
                "wheelchair": "limited",
                "osm_type": "node",
                "osm_id": 3153646531,
                "tag": "shop=supermarket"
            }
        },
        {
            "type": "Feature",
            "geometry": {
                "type": "Point",
                "coordinates": [
                    137.1513602,
                    34.9246786
                ]
            },
            "properties": {
                "name": "フィール",
                "shop": "supermarket",
                "toilets:wheelchair": "yes",
                "wheelchair": "yes",
                "osm_type": "node",
                "osm_id": 3175442239,
                "tag": "shop=supermarket"
            }
        },
        {
            "type": "Feature",
            "geometry": {
                "type": "Point",
                "coordinates": [
                    137.1436072,
                    34.9236439
                ]
            },
            "properties": {
                "name": "Mag Food",
                "shop": "supermarket",
                "osm_type": "node",
                "osm_id": 3175443582,
                "tag": "shop=supermarket"
            }
        },
        {
            "type": "Feature",
            "geometry": {
                "type": "Point",
                "coordinates": [
                    137.21526,
                    34.618545
                ]
            },
            "properties": {
                "name": "大石ショッピングセンター",
                "shop": "supermarket",
                "osm_type": "node",
                "osm_id": 3266572961,
                "tag": "shop=supermarket"
            }
        },
        {
            "type": "Feature",
            "geometry": {
                "type": "Point",
                "coordinates": [
                    136.7286728,
                    35.2043161
                ]
            },
            "properties": {
                "name": "ヨシヅヤ平和店",
                "shop": "supermarket",
                "osm_type": "node",
                "osm_id": 3284033165,
                "tag": "shop=supermarket"
            }
        },
        {
            "type": "Feature",
            "geometry": {
                "type": "Point",
                "coordinates": [
                    136.8446008,
                    35.1687454
                ]
            },
            "properties": {
                "brand": "ヤマナカ",
                "brand:en": "Yamanaka",
                "brand:ja": "ヤマナカ",
                "brand:wikidata": "Q11345199",
                "brand:wikipedia": "ja:ヤマナカ",
                "name": "ヤマナカ",
                "name:en": "Yamanaka",
                "name:ja": "ヤマナカ",
                "shop": "supermarket",
                "osm_type": "node",
                "osm_id": 3313357956,
                "tag": "shop=supermarket"
            }
        },
        {
            "type": "Feature",
            "geometry": {
                "type": "Point",
                "coordinates": [
                    137.7314712,
                    34.752605
                ]
            },
            "properties": {
                "addr:block_number": "14",
                "addr:city": "浜松市",
                "addr:housenumber": "31",
                "addr:neighbourhood": "小豆餅四丁目",
                "addr:province": "静岡県",
                "addr:suburb": "中央区",
                "name": "FEEL",
                "opening_hours": "09:30-21:00",
                "shop": "supermarket",
                "source": "Survey",
                "osm_type": "node",
                "osm_id": 3351282493,
                "tag": "shop=supermarket"
            }
        },
        {
            "type": "Feature",
            "geometry": {
                "type": "Point",
                "coordinates": [
                    136.9488858,
                    35.3777358
                ]
            },
            "properties": {
                "name": "コープあいち　コープいぬやま",
                "shop": "supermarket",
                "osm_type": "node",
                "osm_id": 3393522240,
                "tag": "shop=supermarket"
            }
        },
        {
            "type": "Feature",
            "geometry": {
                "type": "Point",
                "coordinates": [
                    137.7374398,
                    34.7794158
                ]
            },
            "properties": {
                "branch": "浜松三方原店",
                "brand": "ドン・キホーテ",
                "brand:en": "Don Quijote",
                "brand:ja": "ドン・キホーテ",
                "brand:wikidata": "Q1185381",
                "name": "MEGAドン・キホーテ",
                "name:en": "MEGA Don Quijote",
                "name:ja": "MEGAドン・キホーテ",
                "opening_hours": "24/7",
                "shop": "supermarket",
                "short_name": "MEGAドンキ",
                "short_name:en": "MegaDonki",
                "short_name:ja": "MEGAドンキ",
                "source": "Survey",
                "osm_type": "node",
                "osm_id": 3397778593,
                "tag": "shop=supermarket"
            }
        },
        {
            "type": "Feature",
            "geometry": {
                "type": "Point",
                "coordinates": [
                    137.743439,
                    34.681449
                ]
            },
            "properties": {
                "name": "ファーマーズマーケット",
                "shop": "supermarket",
                "source": "Survey",
                "osm_type": "node",
                "osm_id": 3412167593,
                "tag": "shop=supermarket"
            }
        },
        {
            "type": "Feature",
            "geometry": {
                "type": "Point",
                "coordinates": [
                    136.9465775,
                    35.1538401
                ]
            },
            "properties": {
                "branch": "安田店",
                "brand": "ヤマナカ",
                "brand:en": "Yamanaka",
                "brand:ja": "ヤマナカ",
                "brand:wikidata": "Q11345199",
                "brand:wikipedia": "ja:ヤマナカ",
                "name": "ヤマナカ",
                "name:en": "Yamanaka",
                "name:ja": "ヤマナカ",
                "opening_hours": "Mo-Su,PH 09:30-21:50",
                "shop": "supermarket",
                "osm_type": "node",
                "osm_id": 3598219284,
                "tag": "shop=supermarket"
            }
        },
        {
            "type": "Feature",
            "geometry": {
                "type": "Point",
                "coordinates": [
                    137.730038,
                    34.7948654
                ]
            },
            "properties": {
                "name": "JA三方原開拓 土の市直売場",
                "operator": "JA三方原開拓",
                "shop": "supermarket",
                "source": "Survey",
                "osm_type": "node",
                "osm_id": 3606447312,
                "tag": "shop=supermarket"
            }
        },
        {
            "type": "Feature",
            "geometry": {
                "type": "Point",
                "coordinates": [
                    136.7302156,
                    35.1476178
                ]
            },
            "properties": {
                "brand": "ピアゴ",
                "brand:en": "PIAGO",
                "brand:ja": "ピアゴ",
                "brand:wikidata": "Q91014434",
                "name": "ピアゴ",
                "name:en": "PIAGO",
                "name:ja": "ピアゴ",
                "opening_hours": "Mo-Su 09:30-20:00",
                "operator": "ユニー",
                "shop": "supermarket",
                "osm_type": "node",
                "osm_id": 3656752108,
                "tag": "shop=supermarket"
            }
        },
        {
            "type": "Feature",
            "geometry": {
                "type": "Point",
                "coordinates": [
                    136.7179647,
                    35.1510082
                ]
            },
            "properties": {
                "branch": "佐屋店",
                "brand": "ヨシヅヤ",
                "brand:wikidata": "Q11346057",
                "name": "ヨシヅヤ",
                "name:en": "Yoshizuya",
                "shop": "supermarket",
                "osm_type": "node",
                "osm_id": 3656900516,
                "tag": "shop=supermarket"
            }
        },
        {
            "type": "Feature",
            "geometry": {
                "type": "Point",
                "coordinates": [
                    136.7288588,
                    35.1650475
                ]
            },
            "properties": {
                "brand": "オークワ",
                "brand:en": "Okuwa",
                "brand:ja": "オークワ",
                "brand:wikidata": "Q11293166",
                "brand:wikipedia": "ja:オークワ",
                "name": "オークワ",
                "name:en": "Okuwa",
                "name:ja": "オークワ",
                "shop": "supermarket",
                "osm_type": "node",
                "osm_id": 3657403155,
                "tag": "shop=supermarket"
            }
        },
        {
            "type": "Feature",
            "geometry": {
                "type": "Point",
                "coordinates": [
                    136.8172507,
                    35.1686728
                ]
            },
            "properties": {
                "name": "アオキスーパー",
                "shop": "supermarket",
                "osm_type": "node",
                "osm_id": 3692883002,
                "tag": "shop=supermarket"
            }
        },
        {
            "type": "Feature",
            "geometry": {
                "type": "Point",
                "coordinates": [
                    137.152667,
                    34.9749342
                ]
            },
            "properties": {
                "name": "アピタ岡崎北店",
                "shop": "supermarket",
                "osm_type": "node",
                "osm_id": 3710879515,
                "tag": "shop=supermarket"
            }
        },
        {
            "type": "Feature",
            "geometry": {
                "type": "Point",
                "coordinates": [
                    137.3612815,
                    34.7986231
                ]
            },
            "properties": {
                "branch": "小坂井支店",
                "name": "JAひまわり",
                "shop": "supermarket",
                "osm_type": "node",
                "osm_id": 3716191975,
                "tag": "shop=supermarket"
            }
        },
        {
            "type": "Feature",
            "geometry": {
                "type": "Point",
                "coordinates": [
                    136.7470536,
                    35.1754205
                ]
            },
            "properties": {
                "addr:city": "津島市",
                "addr:country": "JP",
                "addr:neighbourhood": "351",
                "addr:province": "愛知県",
                "addr:quarter": "津島北新開",
                "branch": "津島本店",
                "branch:en": "Tsushima Honten",
                "brand": "ヨシヅヤ",
                "name": "ヨシヅヤ",
                "name:en": "Yoshizuya",
                "name:ja": "ヨシヅヤ",
                "name:ja-Hira": "ヨシヅヤ",
                "name:ja-Latn": "Yoshizuya",
                "name:ja_rm": "Yoshizuya",
                "shop": "supermarket",
                "website": "https://www.yoshizuya.com/",
                "wikidata": "Q11346057",
                "wikimedia_commons": "Category:Yoshizuya",
                "wikipedia": "ja:ヨシヅヤ",
                "osm_type": "node",
                "osm_id": 3727655597,
                "tag": "shop=supermarket"
            }
        },
        {
            "type": "Feature",
            "geometry": {
                "type": "Point",
                "coordinates": [
                    136.8284768,
                    35.144637
                ]
            },
            "properties": {
                "name": "Feel",
                "shop": "supermarket",
                "osm_type": "node",
                "osm_id": 3741249854,
                "tag": "shop=supermarket"
            }
        },
        {
            "type": "Feature",
            "geometry": {
                "type": "Point",
                "coordinates": [
                    136.8303256,
                    35.1313484
                ]
            },
            "properties": {
                "name": "アオキスーパー",
                "shop": "supermarket",
                "osm_type": "node",
                "osm_id": 3816516425,
                "tag": "shop=supermarket"
            }
        },
        {
            "type": "Feature",
            "geometry": {
                "type": "Point",
                "coordinates": [
                    136.7518976,
                    35.3817533
                ]
            },
            "properties": {
                "name": "アミカ",
                "shop": "supermarket",
                "osm_type": "node",
                "osm_id": 3825558037,
                "tag": "shop=supermarket"
            }
        },
        {
            "type": "Feature",
            "geometry": {
                "type": "Point",
                "coordinates": [
                    136.904681,
                    35.1587369
                ]
            },
            "properties": {
                "branch": "万松寺店",
                "name": "生鮮食品館 サノヤ",
                "shop": "supermarket",
                "osm_type": "node",
                "osm_id": 3833928185,
                "tag": "shop=supermarket"
            }
        },
        {
            "type": "Feature",
            "geometry": {
                "type": "Point",
                "coordinates": [
                    137.3361431,
                    34.8399298
                ]
            },
            "properties": {
                "addr:postcode": "442-0857",
                "name": "フレッシュマートマルイチ 八幡店",
                "shop": "supermarket",
                "osm_type": "node",
                "osm_id": 3835630162,
                "tag": "shop=supermarket"
            }
        },
        {
            "type": "Feature",
            "geometry": {
                "type": "Point",
                "coordinates": [
                    136.9852192,
                    34.8716176
                ]
            },
            "properties": {
                "name": "あかのれん",
                "shop": "supermarket",
                "osm_type": "node",
                "osm_id": 3861750360,
                "tag": "shop=supermarket"
            }
        },
        {
            "type": "Feature",
            "geometry": {
                "type": "Point",
                "coordinates": [
                    136.9880619,
                    34.8883408
                ]
            },
            "properties": {
                "name": "ピアゴ碧南店",
                "shop": "supermarket",
                "source": "bing",
                "osm_type": "node",
                "osm_id": 3864915225,
                "tag": "shop=supermarket"
            }
        },
        {
            "type": "Feature",
            "geometry": {
                "type": "Point",
                "coordinates": [
                    136.8727817,
                    35.2759237
                ]
            },
            "properties": {
                "addr:city": "岩倉市",
                "addr:housenumber": "25番地",
                "addr:neighbourhood": "一丁目",
                "addr:postcode": "4820024",
                "addr:province": "愛知県",
                "addr:quarter": "旭町",
                "branch": "岩倉店",
                "brand": "アピタ",
                "brand:en": "APITA",
                "brand:ja": "アピタ",
                "brand:wikidata": "Q55384637",
                "level": "3",
                "name": "アピタ",
                "name:en": "APITA",
                "name:ja": "アピタ",
                "opening_hours": "9:00-21:00",
                "shop": "supermarket",
                "website": "https://www.uny.co.jp/shop/116/index.html",
                "wikidata": "Q48751830",
                "wikipedia": "ja:アピタ岩倉店",
                "osm_type": "node",
                "osm_id": 3912482743,
                "tag": "shop=supermarket"
            }
        },
        {
            "type": "Feature",
            "geometry": {
                "type": "Point",
                "coordinates": [
                    137.3728739,
                    34.8157154
                ]
            },
            "properties": {
                "level": "0",
                "name": "遠鉄ストア",
                "shop": "supermarket",
                "source": "survey",
                "osm_type": "node",
                "osm_id": 3912538076,
                "tag": "shop=supermarket"
            }
        },
        {
            "type": "Feature",
            "geometry": {
                "type": "Point",
                "coordinates": [
                    137.827935,
                    34.669569
                ]
            },
            "properties": {
                "name": "古田食品店",
                "shop": "supermarket",
                "source": "Survey ",
                "osm_type": "node",
                "osm_id": 3923006257,
                "tag": "shop=supermarket"
            }
        },
        {
            "type": "Feature",
            "geometry": {
                "type": "Point",
                "coordinates": [
                    136.8719871,
                    35.4852095
                ]
            },
            "properties": {
                "addr:city": "関市",
                "addr:housenumber": "1630",
                "addr:postcode": "501-3941",
                "addr:street": "大字小屋名字竹之腰",
                "branch": "関店",
                "check_date": "2026-05-04",
                "name": "ベイシア",
                "name:ja": "ベイシア",
                "opening_hours": "9:30-20:00",
                "phone": "0575-27-1011",
                "shop": "supermarket",
                "website": "https://www.beisia.co.jp/",
                "osm_type": "node",
                "osm_id": 3928652863,
                "tag": "shop=supermarket"
            }
        },
        {
            "type": "Feature",
            "geometry": {
                "type": "Point",
                "coordinates": [
                    136.6811378,
                    35.0712835
                ]
            },
            "properties": {
                "addr:city": "桑名市",
                "addr:full": "三重県桑名市大字東方字中折399-4",
                "name": "1号館",
                "shop": "supermarket",
                "osm_type": "node",
                "osm_id": 3939112135,
                "tag": "shop=supermarket"
            }
        },
        {
            "type": "Feature",
            "geometry": {
                "type": "Point",
                "coordinates": [
                    136.7290131,
                    35.1798639
                ]
            },
            "properties": {
                "name": "フィール　津島店",
                "shop": "supermarket",
                "osm_type": "node",
                "osm_id": 3959743082,
                "tag": "shop=supermarket"
            }
        },
        {
            "type": "Feature",
            "geometry": {
                "type": "Point",
                "coordinates": [
                    136.7266532,
                    35.1837383
                ]
            },
            "properties": {
                "name": "ヨシヅヤ　津島北テラス店",
                "shop": "supermarket",
                "osm_type": "node",
                "osm_id": 3959743098,
                "tag": "shop=supermarket"
            }
        },
        {
            "type": "Feature",
            "geometry": {
                "type": "Point",
                "coordinates": [
                    137.1361556,
                    34.9526418
                ]
            },
            "properties": {
                "name": "ローソン",
                "name:ko": "로손",
                "shop": "supermarket",
                "osm_type": "node",
                "osm_id": 3968657071,
                "tag": "shop=supermarket"
            }
        },
        {
            "type": "Feature",
            "geometry": {
                "type": "Point",
                "coordinates": [
                    137.1435846,
                    34.9582464
                ]
            },
            "properties": {
                "name": "ローソンストア100",
                "name:ko": "로손 스토어 100",
                "shop": "supermarket",
                "osm_type": "node",
                "osm_id": 3968663157,
                "tag": "shop=supermarket"
            }
        },
        {
            "type": "Feature",
            "geometry": {
                "type": "Point",
                "coordinates": [
                    137.1311785,
                    34.9497426
                ]
            },
            "properties": {
                "name": "ミニストップ",
                "name:ko": "미니스톱",
                "shop": "supermarket",
                "osm_type": "node",
                "osm_id": 3974953733,
                "tag": "shop=supermarket"
            }
        },
        {
            "type": "Feature",
            "geometry": {
                "type": "Point",
                "coordinates": [
                    137.1364918,
                    34.9494249
                ]
            },
            "properties": {
                "name": "ファミリーマート",
                "shop": "supermarket",
                "osm_type": "node",
                "osm_id": 3974953734,
                "tag": "shop=supermarket"
            }
        },
        {
            "type": "Feature",
            "geometry": {
                "type": "Point",
                "coordinates": [
                    136.9396174,
                    35.4771186
                ]
            },
            "properties": {
                "branch": "関店",
                "brand": "オークワ",
                "brand:en": "Okuwa",
                "brand:ja": "オークワ",
                "brand:wikidata": "Q11293166",
                "brand:wikipedia": "ja:オークワ",
                "name": "オークワ",
                "name:en": "Okuwa",
                "name:ja": "オークワ",
                "shop": "supermarket",
                "osm_type": "node",
                "osm_id": 3979475870,
                "tag": "shop=supermarket"
            }
        },
        {
            "type": "Feature",
            "geometry": {
                "type": "Point",
                "coordinates": [
                    137.0834585,
                    34.985131
                ]
            },
            "properties": {
                "disused:shop": "yes",
                "name": "イトーヨーカドー　安城店",
                "shop": "supermarket",
                "wikidata": "Q97170957",
                "wikipedia": "ja:イトーヨーカドー安城店",
                "osm_type": "node",
                "osm_id": 3989497245,
                "tag": "shop=supermarket"
            }
        },
        {
            "type": "Feature",
            "geometry": {
                "type": "Point",
                "coordinates": [
                    137.3798926,
                    34.7394271
                ]
            },
            "properties": {
                "branch": "豊橋橋良店",
                "brand": "マックスバリュ",
                "brand:en": "Maxvalu Tokai",
                "brand:ja": "マックスバリュ",
                "brand:wikidata": "Q1960109",
                "brand:wikipedia": "en:MaxValu",
                "name": "マックスバリュ",
                "name:en": "Maxvalu Tokai",
                "name:ja": "マックスバリュ",
                "name:ja-Hira": "まっくすばりゅ",
                "name:ja-Latn": "Makkusubaryu",
                "operator": "マックスバリュ",
                "shop": "supermarket",
                "osm_type": "node",
                "osm_id": 3989525923,
                "tag": "shop=supermarket"
            }
        },
        {
            "type": "Feature",
            "geometry": {
                "type": "Point",
                "coordinates": [
                    136.8795932,
                    35.1577723
                ]
            },
            "properties": {
                "brand": "業務スーパー",
                "brand:en": "Gyomu Super",
                "brand:ja": "業務スーパー",
                "brand:ja-Latn": "Gyōmu sūpā",
                "brand:wikidata": "Q11590183",
                "brand:wikipedia": "ja:神戸物産",
                "name": "業務スーパー",
                "name:en": "Gyomu Super",
                "name:ja": "業務スーパー",
                "name:ja-Latn": "Gyōmu sūpā",
                "shop": "supermarket",
                "osm_type": "node",
                "osm_id": 3991627299,
                "tag": "shop=supermarket"
            }
        },
        {
            "type": "Feature",
            "geometry": {
                "type": "Point",
                "coordinates": [
                    137.3629501,
                    34.7498085
                ]
            },
            "properties": {
                "name": "パワーズ 東脇店",
                "shop": "supermarket",
                "osm_type": "node",
                "osm_id": 4005771345,
                "tag": "shop=supermarket"
            }
        },
        {
            "type": "Feature",
            "geometry": {
                "type": "Point",
                "coordinates": [
                    137.3735627,
                    34.7696712
                ]
            },
            "properties": {
                "name": "フィール",
                "shop": "supermarket",
                "osm_type": "node",
                "osm_id": 4008123204,
                "tag": "shop=supermarket"
            }
        },
        {
            "type": "Feature",
            "geometry": {
                "type": "Point",
                "coordinates": [
                    137.3768818,
                    34.736959
                ]
            },
            "properties": {
                "name": "フランテ館",
                "shop": "supermarket",
                "osm_type": "node",
                "osm_id": 4008153889,
                "tag": "shop=supermarket"
            }
        },
        {
            "type": "Feature",
            "geometry": {
                "type": "Point",
                "coordinates": [
                    137.3584766,
                    34.7493978
                ]
            },
            "properties": {
                "name": "マルマサ",
                "shop": "supermarket",
                "osm_type": "node",
                "osm_id": 4008163702,
                "tag": "shop=supermarket"
            }
        },
        {
            "type": "Feature",
            "geometry": {
                "type": "Point",
                "coordinates": [
                    137.0784482,
                    34.979204
                ]
            },
            "properties": {
                "name": "フィール 新安城店",
                "shop": "supermarket",
                "osm_type": "node",
                "osm_id": 4032775238,
                "tag": "shop=supermarket"
            }
        },
        {
            "type": "Feature",
            "geometry": {
                "type": "Point",
                "coordinates": [
                    137.1459587,
                    34.9337072
                ]
            },
            "properties": {
                "name": "ケーズデンキ",
                "name:pt": "KS \"Okazaki\"",
                "shop": "supermarket",
                "osm_type": "node",
                "osm_id": 4067086395,
                "tag": "shop=supermarket"
            }
        },
        {
            "type": "Feature",
            "geometry": {
                "type": "Point",
                "coordinates": [
                    136.864543,
                    35.1236995
                ]
            },
            "properties": {
                "brand": "マックスバリュ",
                "brand:en": "Maxvalu Tokai",
                "brand:ja": "マックスバリュ",
                "brand:wikidata": "Q1960109",
                "brand:wikipedia": "en:MaxValu",
                "name": "マックスバリュ",
                "name:en": "Maxvalu Tokai",
                "name:ja": "マックスバリュ",
                "shop": "supermarket",
                "osm_type": "node",
                "osm_id": 4074816907,
                "tag": "shop=supermarket"
            }
        },
        {
            "type": "Feature",
            "geometry": {
                "type": "Point",
                "coordinates": [
                    137.1120602,
                    34.9062536
                ]
            },
            "properties": {
                "name": "ときわや",
                "shop": "supermarket",
                "osm_type": "node",
                "osm_id": 4083228872,
                "tag": "shop=supermarket"
            }
        },
        {
            "type": "Feature",
            "geometry": {
                "type": "Point",
                "coordinates": [
                    137.381912,
                    34.7579121
                ]
            },
            "properties": {
                "name": "山安",
                "shop": "supermarket",
                "osm_type": "node",
                "osm_id": 4083341429,
                "tag": "shop=supermarket"
            }
        },
        {
            "type": "Feature",
            "geometry": {
                "type": "Point",
                "coordinates": [
                    137.3560489,
                    34.7706314
                ]
            },
            "properties": {
                "name": "ドミー",
                "shop": "supermarket",
                "osm_type": "node",
                "osm_id": 4083341436,
                "tag": "shop=supermarket"
            }
        },
        {
            "type": "Feature",
            "geometry": {
                "type": "Point",
                "coordinates": [
                    137.3628523,
                    34.7691195
                ]
            },
            "properties": {
                "name": "ヤマト",
                "shop": "supermarket",
                "osm_type": "node",
                "osm_id": 4083341437,
                "tag": "shop=supermarket"
            }
        },
        {
            "type": "Feature",
            "geometry": {
                "type": "Point",
                "coordinates": [
                    137.3867342,
                    34.7231971
                ]
            },
            "properties": {
                "name": "サンヨネ",
                "shop": "supermarket",
                "osm_type": "node",
                "osm_id": 4083342590,
                "tag": "shop=supermarket"
            }
        },
        {
            "type": "Feature",
            "geometry": {
                "type": "Point",
                "coordinates": [
                    137.4020136,
                    34.7255699
                ]
            },
            "properties": {
                "name": "フィール",
                "shop": "supermarket",
                "osm_type": "node",
                "osm_id": 4083344742,
                "tag": "shop=supermarket"
            }
        },
        {
            "type": "Feature",
            "geometry": {
                "type": "Point",
                "coordinates": [
                    137.3716974,
                    34.7607045
                ]
            },
            "properties": {
                "brand": "ヤマナカ",
                "brand:en": "Yamanaka",
                "brand:ja": "ヤマナカ",
                "brand:wikidata": "Q11345199",
                "brand:wikipedia": "ja:ヤマナカ",
                "name": "ヤマナカ",
                "name:en": "Yamanaka",
                "name:ja": "ヤマナカ",
                "shop": "supermarket",
                "osm_type": "node",
                "osm_id": 4104651848,
                "tag": "shop=supermarket"
            }
        },
        {
            "type": "Feature",
            "geometry": {
                "type": "Point",
                "coordinates": [
                    136.8410696,
                    35.1221943
                ]
            },
            "properties": {
                "brand": "バロー",
                "brand:en": "Valor",
                "brand:ja": "バロー",
                "brand:wikidata": "Q11328346",
                "brand:wikipedia": "ja:バロー (チェーンストア)",
                "name": "バロー",
                "name:en": "Valor",
                "name:ja": "バロー",
                "shop": "supermarket",
                "osm_type": "node",
                "osm_id": 4111417802,
                "tag": "shop=supermarket"
            }
        },
        {
            "type": "Feature",
            "geometry": {
                "type": "Point",
                "coordinates": [
                    137.3830639,
                    34.7622285
                ]
            },
            "properties": {
                "name": "KALDI",
                "shop": "supermarket",
                "wheelchair": "yes",
                "osm_type": "node",
                "osm_id": 4123677643,
                "tag": "shop=supermarket"
            }
        },
        {
            "type": "Feature",
            "geometry": {
                "type": "Point",
                "coordinates": [
                    136.8091879,
                    35.2866243
                ]
            },
            "properties": {
                "name": "平和堂",
                "shop": "supermarket",
                "osm_type": "node",
                "osm_id": 4132101154,
                "tag": "shop=supermarket"
            }
        },
        {
            "type": "Feature",
            "geometry": {
                "type": "Point",
                "coordinates": [
                    136.8486734,
                    35.2654578
                ]
            },
            "properties": {
                "brand": "バロー",
                "brand:en": "Valor",
                "brand:ja": "バロー",
                "brand:wikidata": "Q11328346",
                "name": "バロー",
                "name:en": "Valor",
                "name:ja": "バロー",
                "shop": "supermarket",
                "osm_type": "node",
                "osm_id": 4132140643,
                "tag": "shop=supermarket"
            }
        },
        {
            "type": "Feature",
            "geometry": {
                "type": "Point",
                "coordinates": [
                    137.6539165,
                    34.8064898
                ]
            },
            "properties": {
                "name": "Seria生活良品館",
                "shop": "supermarket",
                "osm_type": "node",
                "osm_id": 4181930340,
                "tag": "shop=supermarket"
            }
        },
        {
            "type": "Feature",
            "geometry": {
                "type": "Point",
                "coordinates": [
                    137.6546941,
                    34.8065751
                ]
            },
            "properties": {
                "name": "スーパーキムラ",
                "shop": "supermarket",
                "osm_type": "node",
                "osm_id": 4181930352,
                "tag": "shop=supermarket"
            }
        },
        {
            "type": "Feature",
            "geometry": {
                "type": "Point",
                "coordinates": [
                    136.63811,
                    35.346164
                ]
            },
            "properties": {
                "name": "ファーマーズ大垣店",
                "shop": "supermarket",
                "osm_type": "node",
                "osm_id": 4204146296,
                "tag": "shop=supermarket"
            }
        },
        {
            "type": "Feature",
            "geometry": {
                "type": "Point",
                "coordinates": [
                    136.61807,
                    35.380764
                ]
            },
            "properties": {
                "name": "ファーマーズ中川店",
                "shop": "supermarket",
                "osm_type": "node",
                "osm_id": 4204151319,
                "tag": "shop=supermarket"
            }
        },
        {
            "type": "Feature",
            "geometry": {
                "type": "Point",
                "coordinates": [
                    136.6080508,
                    35.3755661
                ]
            },
            "properties": {
                "name": "トミダヤ宿地店",
                "shop": "supermarket",
                "osm_type": "node",
                "osm_id": 4204163792,
                "tag": "shop=supermarket"
            }
        },
        {
            "type": "Feature",
            "geometry": {
                "type": "Point",
                "coordinates": [
                    136.6053226,
                    35.3800705
                ]
            },
            "properties": {
                "branch": "大垣店",
                "name": "アミーゴス",
                "opening_hours": "Mo-Su 09:30-21:00",
                "phone": "0584832100",
                "shop": "supermarket",
                "website": "https://www.the-amigos.com/",
                "osm_type": "node",
                "osm_id": 4211714289,
                "tag": "shop=supermarket"
            }
        },
        {
            "type": "Feature",
            "geometry": {
                "type": "Point",
                "coordinates": [
                    137.1076986,
                    34.626144
                ]
            },
            "properties": {
                "name": "フードオアシス",
                "shop": "supermarket",
                "osm_type": "node",
                "osm_id": 4226048573,
                "tag": "shop=supermarket"
            }
        },
        {
            "type": "Feature",
            "geometry": {
                "type": "Point",
                "coordinates": [
                    137.3559915,
                    34.6994715
                ]
            },
            "properties": {
                "brand": "マックスバリュ",
                "brand:en": "MaxValu",
                "brand:ja": "マックスバリュ",
                "brand:wikidata": "Q11340427",
                "name": "マックスバリュ",
                "name:en": "MaxValu",
                "name:ja": "マックスバリュ",
                "shop": "supermarket",
                "osm_type": "node",
                "osm_id": 4226137240,
                "tag": "shop=supermarket"
            }
        },
        {
            "type": "Feature",
            "geometry": {
                "type": "Point",
                "coordinates": [
                    137.0328765,
                    34.8058042
                ]
            },
            "properties": {
                "name": "ドミー",
                "shop": "supermarket",
                "osm_type": "node",
                "osm_id": 4235493893,
                "tag": "shop=supermarket"
            }
        },
        {
            "type": "Feature",
            "geometry": {
                "type": "Point",
                "coordinates": [
                    137.0051352,
                    35.1743684
                ]
            },
            "properties": {
                "name": "CO.OP上社店",
                "shop": "supermarket",
                "osm_type": "node",
                "osm_id": 4289879598,
                "tag": "shop=supermarket"
            }
        },
        {
            "type": "Feature",
            "geometry": {
                "type": "Point",
                "coordinates": [
                    136.9434533,
                    35.2078361
                ]
            },
            "properties": {
                "brand": "バロー",
                "brand:en": "Valor",
                "brand:ja": "バロー",
                "brand:wikidata": "Q11328346",
                "brand:wikipedia": "ja:バロー (チェーンストア)",
                "name": "バロー",
                "name:en": "Valor",
                "name:ja": "バロー",
                "shop": "supermarket",
                "osm_type": "node",
                "osm_id": 4305632264,
                "tag": "shop=supermarket"
            }
        },
        {
            "type": "Feature",
            "geometry": {
                "type": "Point",
                "coordinates": [
                    136.9634286,
                    35.198259
                ]
            },
            "properties": {
                "brand": "ピアゴ",
                "brand:en": "PIAGO",
                "brand:ja": "ピアゴ",
                "brand:wikidata": "Q91014434",
                "name": "ピアゴ",
                "name:en": "PIAGO",
                "name:ja": "ピアゴ",
                "shop": "supermarket",
                "osm_type": "node",
                "osm_id": 4306839959,
                "tag": "shop=supermarket"
            }
        },
        {
            "type": "Feature",
            "geometry": {
                "type": "Point",
                "coordinates": [
                    136.964714,
                    35.2240807
                ]
            },
            "properties": {
                "name": "SEIYU",
                "shop": "supermarket",
                "osm_type": "node",
                "osm_id": 4309143760,
                "tag": "shop=supermarket"
            }
        },
        {
            "type": "Feature",
            "geometry": {
                "type": "Point",
                "coordinates": [
                    137.1389288,
                    34.9680125
                ]
            },
            "properties": {
                "name": "業務スーパー 中園店",
                "shop": "supermarket",
                "osm_type": "node",
                "osm_id": 4329629678,
                "tag": "shop=supermarket"
            }
        },
        {
            "type": "Feature",
            "geometry": {
                "type": "Point",
                "coordinates": [
                    136.8928668,
                    35.0216609
                ]
            },
            "properties": {
                "name": "ピアゴ太田川店",
                "shop": "supermarket",
                "osm_type": "node",
                "osm_id": 4338379690,
                "tag": "shop=supermarket"
            }
        },
        {
            "type": "Feature",
            "geometry": {
                "type": "Point",
                "coordinates": [
                    136.9630732,
                    35.1871116
                ]
            },
            "properties": {
                "addr:full": "愛知県名古屋市東区砂田橋4丁目1番52号",
                "branch": "砂田橋店",
                "name": "コノミヤ",
                "operator": "株式会社コノミヤ",
                "shop": "supermarket",
                "osm_type": "node",
                "osm_id": 4340715115,
                "tag": "shop=supermarket"
            }
        },
        {
            "type": "Feature",
            "geometry": {
                "type": "Point",
                "coordinates": [
                    136.9692704,
                    35.1870391
                ]
            },
            "properties": {
                "brand": "アピタ",
                "brand:en": "APITA",
                "brand:ja": "アピタ",
                "brand:wikidata": "Q55384637",
                "name": "アピタ",
                "name:en": "APITA",
                "name:ja": "アピタ",
                "shop": "supermarket",
                "osm_type": "node",
                "osm_id": 4369702815,
                "tag": "shop=supermarket"
            }
        },
        {
            "type": "Feature",
            "geometry": {
                "type": "Point",
                "coordinates": [
                    136.9782033,
                    35.2101741
                ]
            },
            "properties": {
                "name": "ナフコ",
                "shop": "supermarket",
                "osm_type": "node",
                "osm_id": 4371185291,
                "tag": "shop=supermarket"
            }
        },
        {
            "type": "Feature",
            "geometry": {
                "type": "Point",
                "coordinates": [
                    136.6323881,
                    35.2247534
                ]
            },
            "properties": {
                "brand": "業務スーパー",
                "brand:en": "Gyomu Super",
                "brand:ja": "業務スーパー",
                "brand:ja-Latn": "Gyōmu sūpā",
                "brand:wikidata": "Q11590183",
                "name": "業務スーパー",
                "name:en": "Gyomu Super",
                "name:ja": "業務スーパー",
                "name:ja-Latn": "Gyōmu sūpā",
                "shop": "supermarket",
                "osm_type": "node",
                "osm_id": 4383020842,
                "tag": "shop=supermarket"
            }
        },
        {
            "type": "Feature",
            "geometry": {
                "type": "Point",
                "coordinates": [
                    137.019632,
                    35.1212782
                ]
            },
            "properties": {
                "branch": "赤池店",
                "name": "ピアゴ ラ フーズ",
                "shop": "supermarket",
                "osm_type": "node",
                "osm_id": 4421409670,
                "tag": "shop=supermarket"
            }
        },
        {
            "type": "Feature",
            "geometry": {
                "type": "Point",
                "coordinates": [
                    137.0251876,
                    35.1262376
                ]
            },
            "properties": {
                "branch:ja": "浅田店",
                "name": "カネスエ",
                "name:ja": "カネスエ",
                "shop": "supermarket",
                "osm_type": "node",
                "osm_id": 4423048701,
                "tag": "shop=supermarket"
            }
        },
        {
            "type": "Feature",
            "geometry": {
                "type": "Point",
                "coordinates": [
                    137.3706572,
                    34.7313212
                ]
            },
            "properties": {
                "name": "JA豊橋グリーンセンター",
                "shop": "supermarket",
                "osm_type": "node",
                "osm_id": 4426053744,
                "tag": "shop=supermarket"
            }
        },
        {
            "type": "Feature",
            "geometry": {
                "type": "Point",
                "coordinates": [
                    137.0495442,
                    35.1164658
                ]
            },
            "properties": {
                "branch": "日進店",
                "name": "フィール",
                "shop": "supermarket",
                "osm_type": "node",
                "osm_id": 4437141181,
                "tag": "shop=supermarket"
            }
        },
        {
            "type": "Feature",
            "geometry": {
                "type": "Point",
                "coordinates": [
                    137.0132702,
                    35.2062265
                ]
            },
            "properties": {
                "name": "ユーストア印場店",
                "shop": "supermarket",
                "osm_type": "node",
                "osm_id": 4438736098,
                "tag": "shop=supermarket"
            }
        },
        {
            "type": "Feature",
            "geometry": {
                "type": "Point",
                "coordinates": [
                    137.0131731,
                    35.2050516
                ]
            },
            "properties": {
                "name": "アロス",
                "shop": "supermarket",
                "osm_type": "node",
                "osm_id": 4438736106,
                "tag": "shop=supermarket"
            }
        },
        {
            "type": "Feature",
            "geometry": {
                "type": "Point",
                "coordinates": [
                    137.1654128,
                    34.9315883
                ]
            },
            "properties": {
                "brand": "西友",
                "brand:en": "Seiyu",
                "brand:ja": "西友",
                "brand:wikidata": "Q3108542",
                "name": "西友",
                "name:en": "Seiyu",
                "name:ja": "西友",
                "shop": "supermarket",
                "toilets:wheelchair": "yes",
                "wheelchair": "yes",
                "osm_type": "node",
                "osm_id": 4475152149,
                "tag": "shop=supermarket"
            }
        },
        {
            "type": "Feature",
            "geometry": {
                "type": "Point",
                "coordinates": [
                    137.3823357,
                    34.7579896
                ]
            },
            "properties": {
                "name": "山安",
                "shop": "supermarket",
                "osm_type": "node",
                "osm_id": 4483050143,
                "tag": "shop=supermarket"
            }
        },
        {
            "type": "Feature",
            "geometry": {
                "type": "Point",
                "coordinates": [
                    137.0912681,
                    34.9494313
                ]
            },
            "properties": {
                "name": "フランテ",
                "shop": "supermarket",
                "osm_type": "node",
                "osm_id": 4483065710,
                "tag": "shop=supermarket"
            }
        },
        {
            "type": "Feature",
            "geometry": {
                "type": "Point",
                "coordinates": [
                    137.0916635,
                    34.9544595
                ]
            },
            "properties": {
                "branch": "安城日の出店",
                "brand": "バロー",
                "brand:en": "Valor",
                "brand:ja": "バロー",
                "brand:wikidata": "Q11328346",
                "brand:wikipedia": "ja:バロー (チェーンストア)",
                "name": "バロー",
                "name:en": "Valor",
                "name:ja": "バロー",
                "shop": "supermarket",
                "osm_type": "node",
                "osm_id": 4483067189,
                "tag": "shop=supermarket"
            }
        },
        {
            "type": "Feature",
            "geometry": {
                "type": "Point",
                "coordinates": [
                    136.8720545,
                    35.2447972
                ]
            },
            "properties": {
                "branch": "西春店",
                "name": "ヨシヅヤYストア",
                "shop": "supermarket",
                "osm_type": "node",
                "osm_id": 4483326250,
                "tag": "shop=supermarket"
            }
        },
        {
            "type": "Feature",
            "geometry": {
                "type": "Point",
                "coordinates": [
                    136.9323409,
                    35.403882
                ]
            },
            "properties": {
                "name": "平和堂",
                "name:ja": "平和堂",
                "shop": "supermarket",
                "osm_type": "node",
                "osm_id": 4483763690,
                "tag": "shop=supermarket"
            }
        },
        {
            "type": "Feature",
            "geometry": {
                "type": "Point",
                "coordinates": [
                    136.9244381,
                    35.1912442
                ]
            },
            "properties": {
                "branch": "杉栄店",
                "name": "ナフコ",
                "shop": "supermarket",
                "osm_type": "node",
                "osm_id": 4497652899,
                "tag": "shop=supermarket"
            }
        },
        {
            "type": "Feature",
            "geometry": {
                "type": "Point",
                "coordinates": [
                    136.9794311,
                    35.2286389
                ]
            },
            "properties": {
                "name": "ナフコ",
                "shop": "supermarket",
                "osm_type": "node",
                "osm_id": 4511473448,
                "tag": "shop=supermarket"
            }
        },
        {
            "type": "Feature",
            "geometry": {
                "type": "Point",
                "coordinates": [
                    136.8751979,
                    35.1031508
                ]
            },
            "properties": {
                "name": "Big Live",
                "shop": "supermarket",
                "osm_type": "node",
                "osm_id": 4537350166,
                "tag": "shop=supermarket"
            }
        },
        {
            "type": "Feature",
            "geometry": {
                "type": "Point",
                "coordinates": [
                    137.3691398,
                    34.8224646
                ]
            },
            "properties": {
                "contact:phone": "+81 533 84 6821",
                "contact:website": "http://www.coop-aichi.jp/office/shoplist/suwa/",
                "name": "コープ諏訪",
                "name:en": "Co-op Suwa",
                "name:ja": "コープ諏訪",
                "name:ja-Hira": "こーぷすわ",
                "name:ja-Latn": "Kōpu Suwa",
                "opening_hours": "Mo-Su 10:00-19:00; We off",
                "operator": "生活協同組合コープあいち",
                "shop": "supermarket",
                "osm_type": "node",
                "osm_id": 4543893499,
                "tag": "shop=supermarket"
            }
        },
        {
            "type": "Feature",
            "geometry": {
                "type": "Point",
                "coordinates": [
                    137.3679892,
                    34.821515
                ]
            },
            "properties": {
                "addr:full": "愛知県豊川市萩山町2丁目7番地",
                "addr:postcode": "442-0879",
                "branch": "諏訪店",
                "brand": "クックマート",
                "contact:fax": "+81 533 89 7165",
                "contact:phone": "+81 533 89 7155",
                "contact:website": "http://www.cookmart.co.jp/shop08.html",
                "name": "クックマート",
                "name:en": "Cook Mart",
                "name:ja": "クックマート",
                "name:ja-Hira": "くっくまーと",
                "name:ja-Latn": "Kōpu Suwa",
                "opening_hours": "Mo-Su 09:30-20:00",
                "operator": "デライト",
                "shop": "supermarket",
                "osm_type": "node",
                "osm_id": 4545428655,
                "tag": "shop=supermarket"
            }
        },
        {
            "type": "Feature",
            "geometry": {
                "type": "Point",
                "coordinates": [
                    137.3048901,
                    35.1312259
                ]
            },
            "properties": {
                "name": "パレット",
                "name:ja": "パレット",
                "shop": "supermarket",
                "osm_type": "node",
                "osm_id": 4567759498,
                "tag": "shop=supermarket"
            }
        },
        {
            "type": "Feature",
            "geometry": {
                "type": "Point",
                "coordinates": [
                    136.9209536,
                    35.2784971
                ]
            },
            "properties": {
                "branch": "小牧店",
                "name": "清水屋",
                "shop": "supermarket",
                "osm_type": "node",
                "osm_id": 4577276850,
                "tag": "shop=supermarket"
            }
        },
        {
            "type": "Feature",
            "geometry": {
                "type": "Point",
                "coordinates": [
                    137.152478,
                    34.9262712
                ]
            },
            "properties": {
                "name": "フェルナ柱店",
                "shop": "supermarket",
                "toilets:wheelchair": "no",
                "wheelchair": "yes",
                "osm_type": "node",
                "osm_id": 4581907012,
                "tag": "shop=supermarket"
            }
        },
        {
            "type": "Feature",
            "geometry": {
                "type": "Point",
                "coordinates": [
                    137.1114298,
                    34.8838848
                ]
            },
            "properties": {
                "name": "マグフーズ 中島店",
                "shop": "supermarket",
                "osm_type": "node",
                "osm_id": 4581992423,
                "tag": "shop=supermarket"
            }
        },
        {
            "type": "Feature",
            "geometry": {
                "type": "Point",
                "coordinates": [
                    137.1733481,
                    35.1231093
                ]
            },
            "properties": {
                "name": "フェルナ",
                "name:en": "Felna",
                "shop": "supermarket",
                "source": "survey",
                "osm_type": "node",
                "osm_id": 4586499351,
                "tag": "shop=supermarket"
            }
        },
        {
            "type": "Feature",
            "geometry": {
                "type": "Point",
                "coordinates": [
                    137.1664384,
                    35.11878
                ]
            },
            "properties": {
                "level": "0",
                "name": "やまのぶ",
                "shop": "supermarket",
                "osm_type": "node",
                "osm_id": 4586499367,
                "tag": "shop=supermarket"
            }
        },
        {
            "type": "Feature",
            "geometry": {
                "type": "Point",
                "coordinates": [
                    137.0368464,
                    35.2545599
                ]
            },
            "properties": {
                "brand": "バロー",
                "brand:en": "Valor",
                "brand:ja": "バロー",
                "brand:wikidata": "Q11328346",
                "brand:wikipedia": "ja:バロー (チェーンストア)",
                "name": "バロー",
                "name:en": "Valor",
                "name:ja": "バロー",
                "shop": "supermarket",
                "osm_type": "node",
                "osm_id": 4597665695,
                "tag": "shop=supermarket"
            }
        },
        {
            "type": "Feature",
            "geometry": {
                "type": "Point",
                "coordinates": [
                    137.1669838,
                    34.935998
                ]
            },
            "properties": {
                "brand": "ドン・キホーテ",
                "brand:en": "Don Quijote",
                "brand:ja": "ドン・キホーテ",
                "brand:wikidata": "Q1185381",
                "brand:wikipedia": "ja:ドン・キホーテ (企業)",
                "name": "MEGAドン・キホーテ",
                "name:en": "MEGA Don Quijote",
                "name:ja": "MEGAドン・キホーテ",
                "opening_hours": "24/7",
                "shop": "supermarket",
                "short_name": "MEGAドンキ",
                "short_name:en": "MegaDonki",
                "short_name:ja": "MEGAドンキ",
                "toilets:wheelchair": "yes",
                "wheelchair": "yes",
                "osm_type": "node",
                "osm_id": 4607325299,
                "tag": "shop=supermarket"
            }
        },
        {
            "type": "Feature",
            "geometry": {
                "type": "Point",
                "coordinates": [
                    136.7449536,
                    35.448233
                ]
            },
            "properties": {
                "name": "マーサ21",
                "shop": "supermarket",
                "osm_type": "node",
                "osm_id": 4608733699,
                "tag": "shop=supermarket"
            }
        },
        {
            "type": "Feature",
            "geometry": {
                "type": "Point",
                "coordinates": [
                    137.1361514,
                    34.9771967
                ]
            },
            "properties": {
                "name": "スーパーやまのぶ",
                "shop": "supermarket",
                "osm_type": "node",
                "osm_id": 4638883785,
                "tag": "shop=supermarket"
            }
        },
        {
            "type": "Feature",
            "geometry": {
                "type": "Point",
                "coordinates": [
                    136.8571539,
                    35.116675
                ]
            },
            "properties": {
                "name": "EQVO!",
                "shop": "supermarket",
                "osm_type": "node",
                "osm_id": 4716118500,
                "tag": "shop=supermarket"
            }
        },
        {
            "type": "Feature",
            "geometry": {
                "type": "Point",
                "coordinates": [
                    137.0571219,
                    34.8589486
                ]
            },
            "properties": {
                "name": "いつも",
                "shop": "supermarket",
                "osm_type": "node",
                "osm_id": 4718237240,
                "tag": "shop=supermarket"
            }
        },
        {
            "type": "Feature",
            "geometry": {
                "type": "Point",
                "coordinates": [
                    136.9005707,
                    35.1448987
                ]
            },
            "properties": {
                "brand": "イオン",
                "brand:en": "AEON",
                "brand:ja": "イオン",
                "brand:wikidata": "Q11285951",
                "brand:wikipedia": "ja:イオン (店舗ブランド)",
                "name": "イオン",
                "name:en": "AEON",
                "name:ja": "イオン",
                "shop": "supermarket",
                "wheelchair": "yes",
                "osm_type": "node",
                "osm_id": 4744271989,
                "tag": "shop=supermarket"
            }
        },
        {
            "type": "Feature",
            "geometry": {
                "type": "Point",
                "coordinates": [
                    136.7329191,
                    35.1932705
                ]
            },
            "properties": {
                "name": "ハッピーさおり",
                "shop": "supermarket",
                "osm_type": "node",
                "osm_id": 4754017983,
                "tag": "shop=supermarket"
            }
        },
        {
            "type": "Feature",
            "geometry": {
                "type": "Point",
                "coordinates": [
                    136.8374157,
                    34.9030928
                ]
            },
            "properties": {
                "branch": "常滑店",
                "brand": "ベイシア",
                "brand:en": "Beisia",
                "brand:ja": "ベイシア",
                "brand:wikidata": "Q11336776",
                "brand:wikipedia": "ja:ベイシア",
                "name": "ベイシア",
                "name:en": "Beisia",
                "name:ja": "ベイシア",
                "shop": "supermarket",
                "osm_type": "node",
                "osm_id": 4775984284,
                "tag": "shop=supermarket"
            }
        },
        {
            "type": "Feature",
            "geometry": {
                "type": "Point",
                "coordinates": [
                    137.2013021,
                    34.9228853
                ]
            },
            "properties": {
                "name": "マグフーズ",
                "name:ja": "マグフーズ",
                "shop": "supermarket",
                "osm_type": "node",
                "osm_id": 4796185721,
                "tag": "shop=supermarket"
            }
        },
        {
            "type": "Feature",
            "geometry": {
                "type": "Point",
                "coordinates": [
                    136.8007038,
                    35.298374
                ]
            },
            "properties": {
                "name": "吉野屋",
                "shop": "supermarket",
                "osm_type": "node",
                "osm_id": 4843073764,
                "tag": "shop=supermarket"
            }
        },
        {
            "type": "Feature",
            "geometry": {
                "type": "Point",
                "coordinates": [
                    137.0437104,
                    35.2813115
                ]
            },
            "properties": {
                "addr:block_number": "2番地",
                "addr:city": "春日井市",
                "addr:full": "愛知県春日井市岩成台七丁目2番地",
                "addr:neighbourhood": "岩成台七丁目",
                "addr:postcode": "487-0033",
                "addr:province": "愛知県",
                "name": "コープあいちコープ高蔵寺ニュータウン",
                "operator": "コープあいち",
                "shop": "supermarket",
                "osm_type": "node",
                "osm_id": 4844789871,
                "tag": "shop=supermarket"
            }
        },
        {
            "type": "Feature",
            "geometry": {
                "type": "Point",
                "coordinates": [
                    136.9440833,
                    35.3798054
                ]
            },
            "properties": {
                "name": "V-drag",
                "shop": "supermarket",
                "osm_type": "node",
                "osm_id": 4852866892,
                "tag": "shop=supermarket"
            }
        },
        {
            "type": "Feature",
            "geometry": {
                "type": "Point",
                "coordinates": [
                    136.9466,
                    35.3814036
                ]
            },
            "properties": {
                "name": "ヨシズヤ",
                "shop": "supermarket",
                "osm_type": "node",
                "osm_id": 4852979161,
                "tag": "shop=supermarket"
            }
        },
        {
            "type": "Feature",
            "geometry": {
                "type": "Point",
                "coordinates": [
                    136.94002,
                    35.3757882
                ]
            },
            "properties": {
                "name": "スギ薬局",
                "shop": "supermarket",
                "osm_type": "node",
                "osm_id": 4852983966,
                "tag": "shop=supermarket"
            }
        },
        {
            "type": "Feature",
            "geometry": {
                "type": "Point",
                "coordinates": [
                    136.9505944,
                    35.3791709
                ]
            },
            "properties": {
                "branch": "犬山店",
                "name": "100円ショップセリア",
                "shop": "supermarket",
                "osm_type": "node",
                "osm_id": 4853151511,
                "tag": "shop=supermarket"
            }
        },
        {
            "type": "Feature",
            "geometry": {
                "type": "Point",
                "coordinates": [
                    137.0815233,
                    34.9513988
                ]
            },
            "properties": {
                "name": "ファミリーマート",
                "shop": "supermarket",
                "osm_type": "node",
                "osm_id": 4853248954,
                "tag": "shop=supermarket"
            }
        },
        {
            "type": "Feature",
            "geometry": {
                "type": "Point",
                "coordinates": [
                    137.0838085,
                    34.9515549
                ]
            },
            "properties": {
                "name": "西松屋",
                "shop": "supermarket",
                "osm_type": "node",
                "osm_id": 4853248955,
                "tag": "shop=supermarket"
            }
        },
        {
            "type": "Feature",
            "geometry": {
                "type": "Point",
                "coordinates": [
                    137.0779678,
                    34.9532184
                ]
            },
            "properties": {
                "name": "TSUTAYA",
                "shop": "supermarket",
                "website": "http://store-tsutaya.tsite.jp/storelocator/detail/4430.html",
                "osm_type": "node",
                "osm_id": 4853248959,
                "tag": "shop=supermarket"
            }
        },
        {
            "type": "Feature",
            "geometry": {
                "type": "Point",
                "coordinates": [
                    136.8621237,
                    35.3167365
                ]
            },
            "properties": {
                "operator": "ローソン五明店",
                "shop": "supermarket",
                "osm_type": "node",
                "osm_id": 4859915053,
                "tag": "shop=supermarket"
            }
        },
        {
            "type": "Feature",
            "geometry": {
                "type": "Point",
                "coordinates": [
                    136.8626133,
                    35.3207413
                ]
            },
            "properties": {
                "name": "セブンイレブン五明天王店",
                "shop": "supermarket",
                "osm_type": "node",
                "osm_id": 4859915058,
                "tag": "shop=supermarket"
            }
        },
        {
            "type": "Feature",
            "geometry": {
                "type": "Point",
                "coordinates": [
                    136.9506606,
                    35.250002
                ]
            },
            "properties": {
                "name": "フィールネットワーク店",
                "shop": "supermarket",
                "osm_type": "node",
                "osm_id": 4864098977,
                "tag": "shop=supermarket"
            }
        },
        {
            "type": "Feature",
            "geometry": {
                "type": "Point",
                "coordinates": [
                    136.8165488,
                    35.1163847
                ]
            },
            "properties": {
                "addr:block_number": "330",
                "addr:city": "名古屋市",
                "addr:neighbourhood": "1丁目",
                "addr:postcode": "455-0873",
                "addr:province": "愛知県",
                "addr:quarter": "春田野",
                "addr:suburb": "港区",
                "name": "イオン南陽店",
                "shop": "supermarket",
                "wikidata": "Q11286238",
                "wikimedia_commons": "Category:JUSCO City Nanyo",
                "wikipedia": "ja:イオン南陽店",
                "osm_type": "node",
                "osm_id": 4887666145,
                "tag": "shop=supermarket"
            }
        },
        {
            "type": "Feature",
            "geometry": {
                "type": "Point",
                "coordinates": [
                    136.9801409,
                    35.2918576
                ]
            },
            "properties": {
                "addr:city": "小牧市",
                "addr:province": "愛知県",
                "branch": "桃花台店",
                "name": "ナフコ不二屋",
                "shop": "supermarket",
                "osm_type": "node",
                "osm_id": 4889010247,
                "tag": "shop=supermarket"
            }
        },
        {
            "type": "Feature",
            "geometry": {
                "type": "Point",
                "coordinates": [
                    136.991899,
                    35.0018148
                ]
            },
            "properties": {
                "name": "ヤオスズポケット",
                "shop": "supermarket",
                "osm_type": "node",
                "osm_id": 4916183672,
                "tag": "shop=supermarket"
            }
        },
        {
            "type": "Feature",
            "geometry": {
                "type": "Point",
                "coordinates": [
                    136.8222262,
                    35.1733589
                ]
            },
            "properties": {
                "name": "アオキスーパー",
                "shop": "supermarket",
                "osm_type": "node",
                "osm_id": 4921468286,
                "tag": "shop=supermarket"
            }
        },
        {
            "type": "Feature",
            "geometry": {
                "type": "Point",
                "coordinates": [
                    136.9681448,
                    35.0975324
                ]
            },
            "properties": {
                "brand": "マックスバリュ",
                "brand:en": "Maxvalu Tokai",
                "brand:ja": "マックスバリュ",
                "brand:wikidata": "Q1960109",
                "brand:wikipedia": "en:MaxValu",
                "name": "マックスバリュ",
                "name:en": "Maxvalu Tokai",
                "name:ja": "マックスバリュ",
                "shop": "supermarket",
                "osm_type": "node",
                "osm_id": 4960625623,
                "tag": "shop=supermarket"
            }
        },
        {
            "type": "Feature",
            "geometry": {
                "type": "Point",
                "coordinates": [
                    137.825084,
                    35.5147472
                ]
            },
            "properties": {
                "name": "なみきマーケット",
                "opening_hours": "09:30-19:30",
                "shop": "supermarket",
                "source": "survey",
                "website": "https://www.matsuzawa.gr.jp/namiki-market/",
                "osm_type": "node",
                "osm_id": 4961053464,
                "tag": "shop=supermarket"
            }
        },
        {
            "type": "Feature",
            "geometry": {
                "type": "Point",
                "coordinates": [
                    136.8413156,
                    35.3185739
                ]
            },
            "properties": {
                "name": "キシショッピングセンター西成店",
                "shop": "supermarket",
                "osm_type": "node",
                "osm_id": 4966618165,
                "tag": "shop=supermarket"
            }
        },
        {
            "type": "Feature",
            "geometry": {
                "type": "Point",
                "coordinates": [
                    136.8473862,
                    35.3987922
                ]
            },
            "properties": {
                "brand": "ピアゴ",
                "brand:en": "PIAGO",
                "brand:ja": "ピアゴ",
                "brand:wikidata": "Q91014434",
                "name": "ピアゴ",
                "name:en": "PIAGO",
                "name:ja": "ピアゴ",
                "shop": "supermarket",
                "osm_type": "node",
                "osm_id": 4990170722,
                "tag": "shop=supermarket"
            }
        },
        {
            "type": "Feature",
            "geometry": {
                "type": "Point",
                "coordinates": [
                    136.9301052,
                    35.1938831
                ]
            },
            "properties": {
                "branch": "大曽根店",
                "name": "アミカ",
                "shop": "supermarket",
                "osm_type": "node",
                "osm_id": 5035018698,
                "tag": "shop=supermarket"
            }
        },
        {
            "type": "Feature",
            "geometry": {
                "type": "Point",
                "coordinates": [
                    136.950521,
                    35.15322
                ]
            },
            "properties": {
                "name": "MaxValu",
                "shop": "supermarket",
                "osm_type": "node",
                "osm_id": 5059411925,
                "tag": "shop=supermarket"
            }
        },
        {
            "type": "Feature",
            "geometry": {
                "type": "Point",
                "coordinates": [
                    137.1071919,
                    34.8813165
                ]
            },
            "properties": {
                "name": "フェルナ",
                "name:ja": "フェルナ",
                "shop": "supermarket",
                "osm_type": "node",
                "osm_id": 5059526623,
                "tag": "shop=supermarket"
            }
        },
        {
            "type": "Feature",
            "geometry": {
                "type": "Point",
                "coordinates": [
                    137.1440301,
                    34.900347
                ]
            },
            "properties": {
                "name": "フェルナ",
                "name:ja": "フェルナ",
                "name:pt": "felna",
                "shop": "supermarket",
                "osm_type": "node",
                "osm_id": 5059526624,
                "tag": "shop=supermarket"
            }
        },
        {
            "type": "Feature",
            "geometry": {
                "type": "Point",
                "coordinates": [
                    137.1480649,
                    34.9039683
                ]
            },
            "properties": {
                "name": "ドミー",
                "shop": "supermarket",
                "osm_type": "node",
                "osm_id": 5059526626,
                "tag": "shop=supermarket"
            }
        },
        {
            "type": "Feature",
            "geometry": {
                "type": "Point",
                "coordinates": [
                    137.1516709,
                    34.9077507
                ]
            },
            "properties": {
                "name": "イオン　ビック（Mami)",
                "name:ja": "イオン　ビック（Mami)",
                "name:pt": "big aeon",
                "shop": "supermarket",
                "osm_type": "node",
                "osm_id": 5059533921,
                "tag": "shop=supermarket"
            }
        },
        {
            "type": "Feature",
            "geometry": {
                "type": "Point",
                "coordinates": [
                    137.148288,
                    34.9000149
                ]
            },
            "properties": {
                "brand": "バロー",
                "brand:en": "Valor",
                "brand:ja": "バロー",
                "brand:wikidata": "Q11328346",
                "brand:wikipedia": "ja:バロー (チェーンストア)",
                "name": "バロー",
                "name:en": "Valor",
                "name:ja": "バロー",
                "opening_hours": "Mo-Su 09:00-21:00",
                "shop": "supermarket",
                "osm_type": "node",
                "osm_id": 5059534121,
                "tag": "shop=supermarket"
            }
        },
        {
            "type": "Feature",
            "geometry": {
                "type": "Point",
                "coordinates": [
                    137.1157504,
                    35.0671706
                ]
            },
            "properties": {
                "name": "フェルナ",
                "name:ja": "フェルナ",
                "shop": "supermarket",
                "osm_type": "node",
                "osm_id": 5080236422,
                "tag": "shop=supermarket"
            }
        },
        {
            "type": "Feature",
            "geometry": {
                "type": "Point",
                "coordinates": [
                    137.1226263,
                    35.0773149
                ]
            },
            "properties": {
                "name": "フィール　RISTA",
                "name:ja": "フィール　RISTA",
                "shop": "supermarket",
                "osm_type": "node",
                "osm_id": 5102805722,
                "tag": "shop=supermarket"
            }
        },
        {
            "type": "Feature",
            "geometry": {
                "type": "Point",
                "coordinates": [
                    137.1249931,
                    35.0781701
                ]
            },
            "properties": {
                "brand": "バロー",
                "brand:en": "Valor",
                "brand:ja": "バロー",
                "brand:wikidata": "Q11328346",
                "brand:wikipedia": "ja:バロー (チェーンストア)",
                "level": "0",
                "name": "バロー",
                "name:en": "Valor",
                "name:ja": "バロー",
                "shop": "supermarket",
                "osm_type": "node",
                "osm_id": 5102806721,
                "tag": "shop=supermarket"
            }
        },
        {
            "type": "Feature",
            "geometry": {
                "type": "Point",
                "coordinates": [
                    136.9173593,
                    35.0753043
                ]
            },
            "properties": {
                "name:vi": "siêu thị",
                "shop": "supermarket",
                "osm_type": "node",
                "osm_id": 5139508431,
                "tag": "shop=supermarket"
            }
        },
        {
            "type": "Feature",
            "geometry": {
                "type": "Point",
                "coordinates": [
                    137.162008,
                    35.0634332
                ]
            },
            "properties": {
                "name": "フィール",
                "shop": "supermarket",
                "osm_type": "node",
                "osm_id": 5141165323,
                "tag": "shop=supermarket"
            }
        },
        {
            "type": "Feature",
            "geometry": {
                "type": "Point",
                "coordinates": [
                    136.8912887,
                    35.1174132
                ]
            },
            "properties": {
                "brand": "西友",
                "brand:en": "Seiyu",
                "brand:wikidata": "Q3108542",
                "brand:wikipedia": "en:Seiyu Group",
                "name": "西友",
                "name:en": "Seiyu",
                "shop": "supermarket",
                "osm_type": "node",
                "osm_id": 5149025723,
                "tag": "shop=supermarket"
            }
        },
        {
            "type": "Feature",
            "geometry": {
                "type": "Point",
                "coordinates": [
                    137.7333343,
                    34.7024071
                ]
            },
            "properties": {
                "addr:block_number": "323",
                "addr:city": "浜松市",
                "addr:housenumber": "5",
                "addr:neighbourhood": "砂山町",
                "addr:postcode": "430-0926",
                "addr:province": "静岡県",
                "addr:suburb": "中央区",
                "fee": "yes",
                "name": "セルヴィツー（輸入食品ショップ＆ブラジル料理店）",
                "opening_hours": "Mo-Su 10:00-21:00",
                "operator": "セルヴィツー",
                "park_ride": "no",
                "parking": "multi-storey",
                "shop": "supermarket",
                "surface": "asphalt",
                "website": "https://servitu2013.jimdo.com/",
                "osm_type": "node",
                "osm_id": 5151187260,
                "tag": "shop=supermarket"
            }
        },
        {
            "type": "Feature",
            "geometry": {
                "type": "Point",
                "coordinates": [
                    137.7166218,
                    34.7678176
                ]
            },
            "properties": {
                "addr:block_number": "707",
                "addr:city": "浜松市",
                "addr:housenumber": "1",
                "addr:neighbourhood": "初生町",
                "addr:postcode": "433-8112",
                "addr:province": "静岡県",
                "addr:suburb": "中央区",
                "name": "フィール初生店",
                "opening_hours": "Mo-Su 09:30-21:00",
                "operator": "（株）フィールコーポレーション",
                "shop": "supermarket",
                "website": "https://feel-corp.jp/store/shizuoka/store-1285.html",
                "osm_type": "node",
                "osm_id": 5151366936,
                "tag": "shop=supermarket"
            }
        },
        {
            "type": "Feature",
            "geometry": {
                "type": "Point",
                "coordinates": [
                    136.6009664,
                    35.0000073
                ]
            },
            "properties": {
                "name": "一号館 坂部店",
                "shop": "supermarket",
                "osm_type": "node",
                "osm_id": 5151800212,
                "tag": "shop=supermarket"
            }
        },
        {
            "type": "Feature",
            "geometry": {
                "type": "Point",
                "coordinates": [
                    137.0346798,
                    34.9772078
                ]
            },
            "properties": {
                "name": "ピアゴ東刈谷店",
                "shop": "supermarket",
                "osm_type": "node",
                "osm_id": 5152690897,
                "tag": "shop=supermarket"
            }
        },
        {
            "type": "Feature",
            "geometry": {
                "type": "Point",
                "coordinates": [
                    136.8963325,
                    35.1204304
                ]
            },
            "properties": {
                "name": "フェルナ　一番町店",
                "opening_hours": "Mo-Su 09:00-21:00",
                "shop": "supermarket",
                "osm_type": "node",
                "osm_id": 5160528022,
                "tag": "shop=supermarket"
            }
        },
        {
            "type": "Feature",
            "geometry": {
                "type": "Point",
                "coordinates": [
                    136.9618273,
                    35.2284184
                ]
            },
            "properties": {
                "addr:block_number": "1",
                "addr:city": "春日井市",
                "addr:housenumber": "1",
                "addr:neighbourhood": "2",
                "addr:province": "愛知県",
                "addr:quarter": "小野町",
                "branch": "勝川店",
                "brand": "バロー",
                "brand:en": "Valor",
                "brand:ja": "バロー",
                "brand:wikidata": "Q11328346",
                "brand:wikipedia": "ja:バロー (チェーンストア)",
                "check_date": "2023-11-05",
                "name": "バロー",
                "name:en": "Valor",
                "name:ja": "バロー",
                "opening_hours": "Mo-Su 09:30-21:00",
                "operator": "バロー",
                "shop": "supermarket",
                "osm_type": "node",
                "osm_id": 5166614626,
                "tag": "shop=supermarket"
            }
        },
        {
            "type": "Feature",
            "geometry": {
                "type": "Point",
                "coordinates": [
                    137.0850228,
                    34.9881574
                ]
            },
            "properties": {
                "name:pt": "Brazilian Foods/Anjo",
                "shop": "supermarket",
                "osm_type": "node",
                "osm_id": 5169940324,
                "tag": "shop=supermarket"
            }
        },
        {
            "type": "Feature",
            "geometry": {
                "type": "Point",
                "coordinates": [
                    136.9845017,
                    35.2481393
                ]
            },
            "properties": {
                "name": "ナフコ T-ONE",
                "shop": "supermarket",
                "osm_type": "node",
                "osm_id": 5205666042,
                "tag": "shop=supermarket"
            }
        },
        {
            "type": "Feature",
            "geometry": {
                "type": "Point",
                "coordinates": [
                    136.9975537,
                    35.2597491
                ]
            },
            "properties": {
                "brand": "ピアゴ",
                "brand:en": "PIAGO",
                "brand:ja": "ピアゴ",
                "brand:wikidata": "Q91014434",
                "name": "ピアゴ",
                "name:en": "PIAGO",
                "name:ja": "ピアゴ",
                "shop": "supermarket",
                "osm_type": "node",
                "osm_id": 5205666147,
                "tag": "shop=supermarket"
            }
        },
        {
            "type": "Feature",
            "geometry": {
                "type": "Point",
                "coordinates": [
                    136.9805646,
                    35.2556768
                ]
            },
            "properties": {
                "branch": "春日井店",
                "brand": "ドン・キホーテ",
                "brand:en": "Don Quijote",
                "brand:ja": "ドン・キホーテ",
                "brand:wikidata": "Q1185381",
                "brand:wikipedia": "ja:ドン・キホーテ (企業)",
                "name": "MEGAドン・キホーテ",
                "name:en": "MEGA Don Quijote",
                "name:ja": "MEGAドン・キホーテ",
                "opening_hours": "24/7",
                "phone": "+81 568 86 3911",
                "shop": "supermarket",
                "short_name": "MEGAドンキ",
                "short_name:en": "MegaDonki",
                "short_name:ja": "MEGAドンキ",
                "osm_type": "node",
                "osm_id": 5205666623,
                "tag": "shop=supermarket"
            }
        },
        {
            "type": "Feature",
            "geometry": {
                "type": "Point",
                "coordinates": [
                    136.9956571,
                    35.2616986
                ]
            },
            "properties": {
                "check_date": "2023-11-18",
                "name": "フィール",
                "name:en": "FEEL",
                "name:ja": "フィール",
                "shop": "supermarket",
                "osm_type": "node",
                "osm_id": 5205809429,
                "tag": "shop=supermarket"
            }
        },
        {
            "type": "Feature",
            "geometry": {
                "type": "Point",
                "coordinates": [
                    136.9925829,
                    35.262227
                ]
            },
            "properties": {
                "name": "トップワン",
                "shop": "supermarket",
                "osm_type": "node",
                "osm_id": 5205865424,
                "tag": "shop=supermarket"
            }
        },
        {
            "type": "Feature",
            "geometry": {
                "type": "Point",
                "coordinates": [
                    136.9560815,
                    35.2297174
                ]
            },
            "properties": {
                "brand": "マックスバリュ",
                "brand:en": "Maxvalu Tokai",
                "brand:ja": "マックスバリュ",
                "brand:wikidata": "Q1960109",
                "brand:wikipedia": "en:MaxValu",
                "check_date": "2023-11-05",
                "name": "マックスバリュ",
                "name:en": "Max Valu",
                "name:ja": "マックスバリュ",
                "opening_hours": "07:00-01:00",
                "shop": "supermarket",
                "osm_type": "node",
                "osm_id": 5205871922,
                "tag": "shop=supermarket"
            }
        },
        {
            "type": "Feature",
            "geometry": {
                "type": "Point",
                "coordinates": [
                    136.9830043,
                    35.2649355
                ]
            },
            "properties": {
                "name": "ナフコ",
                "shop": "supermarket",
                "osm_type": "node",
                "osm_id": 5205873424,
                "tag": "shop=supermarket"
            }
        },
        {
            "type": "Feature",
            "geometry": {
                "type": "Point",
                "coordinates": [
                    137.8137446,
                    34.6729617
                ]
            },
            "properties": {
                "name": "遠鉄ストアー竜洋店",
                "shop": "supermarket",
                "osm_type": "node",
                "osm_id": 5206819527,
                "tag": "shop=supermarket"
            }
        },
        {
            "type": "Feature",
            "geometry": {
                "type": "Point",
                "coordinates": [
                    136.8749696,
                    35.21405
                ]
            },
            "properties": {
                "name": "平和堂中小田井店",
                "shop": "supermarket",
                "osm_type": "node",
                "osm_id": 5207382620,
                "tag": "shop=supermarket"
            }
        },
        {
            "type": "Feature",
            "geometry": {
                "type": "Point",
                "coordinates": [
                    137.816901,
                    34.7383393
                ]
            },
            "properties": {
                "name": "遠鉄ストアー池田店",
                "shop": "supermarket",
                "osm_type": "node",
                "osm_id": 5207509006,
                "tag": "shop=supermarket"
            }
        },
        {
            "type": "Feature",
            "geometry": {
                "type": "Point",
                "coordinates": [
                    137.0218602,
                    35.1184354
                ]
            },
            "properties": {
                "addr:city": "日進市",
                "addr:housenumber": "１",
                "addr:neighbourhood": "箕ノ手",
                "addr:province": "愛知県",
                "addr:quarter": "赤池町",
                "name": "プライムツリー赤池",
                "name:en": "Prime Tree Akaike",
                "name:ja": "プライムツリー赤池",
                "operator": "セブン&アイ・ホールディングス",
                "shop": "supermarket",
                "wikidata": "Q48750950",
                "wikimedia_commons": "Category:Prime Tree Akaike",
                "wikipedia": "ja:プライムツリー赤池",
                "osm_type": "node",
                "osm_id": 5224121217,
                "tag": "shop=supermarket"
            }
        },
        {
            "type": "Feature",
            "geometry": {
                "type": "Point",
                "coordinates": [
                    136.9579827,
                    35.2492633
                ]
            },
            "properties": {
                "branch": "朝宮店",
                "name": "アオキスーパー 朝宮店",
                "shop": "supermarket",
                "osm_type": "node",
                "osm_id": 5236185923,
                "tag": "shop=supermarket"
            }
        },
        {
            "type": "Feature",
            "geometry": {
                "type": "Point",
                "coordinates": [
                    136.8971142,
                    35.4805969
                ]
            },
            "properties": {
                "branch": "関マーゴ店",
                "brand": "ドン・キホーテ",
                "brand:en": "Don Quijote",
                "brand:ja": "ドン・キホーテ",
                "brand:wikidata": "Q1185381",
                "name": "MEGAドン・キホーテ",
                "name:en": "MEGA Don Quijote",
                "name:ja": "MEGAドン・キホーテ",
                "opening_hours": "24/7",
                "shop": "supermarket",
                "short_name": "MEGAドンキ",
                "short_name:en": "MegaDonki",
                "short_name:ja": "MEGAドンキ",
                "osm_type": "node",
                "osm_id": 5259211365,
                "tag": "shop=supermarket"
            }
        },
        {
            "type": "Feature",
            "geometry": {
                "type": "Point",
                "coordinates": [
                    136.629208,
                    35.0112144
                ]
            },
            "properties": {
                "name": "スーパーサンシ 大矢知店",
                "shop": "supermarket",
                "osm_type": "node",
                "osm_id": 5261628939,
                "tag": "shop=supermarket"
            }
        },
        {
            "type": "Feature",
            "geometry": {
                "type": "Point",
                "coordinates": [
                    136.9224803,
                    35.3651959
                ]
            },
            "properties": {
                "addr:city": "扶桑町",
                "addr:county": "丹羽郡",
                "addr:neighbourhood": "７",
                "addr:province": "愛知県",
                "addr:quarter": "高雄下野",
                "name": "アクロスプラザ扶桑",
                "shop": "supermarket",
                "wikidata": "Q106427556",
                "wikipedia": "ja:アクロスプラザ扶桑",
                "osm_type": "node",
                "osm_id": 5265236375,
                "tag": "shop=supermarket"
            }
        },
        {
            "type": "Feature",
            "geometry": {
                "type": "Point",
                "coordinates": [
                    137.1599081,
                    34.8889585
                ]
            },
            "properties": {
                "name": "Vivify",
                "shop": "supermarket",
                "osm_type": "node",
                "osm_id": 5265618521,
                "tag": "shop=supermarket"
            }
        },
        {
            "type": "Feature",
            "geometry": {
                "type": "Point",
                "coordinates": [
                    136.7542773,
                    35.1172429
                ]
            },
            "properties": {
                "branch": "佐古木店",
                "name": "Yストア佐古木店",
                "name:en": "Y Store Sakogi",
                "shop": "supermarket",
                "osm_type": "node",
                "osm_id": 5269103465,
                "tag": "shop=supermarket"
            }
        },
        {
            "type": "Feature",
            "geometry": {
                "type": "Point",
                "coordinates": [
                    137.0548993,
                    35.0949901
                ]
            },
            "properties": {
                "branch": "東郷店",
                "name": "タチヤ",
                "shop": "supermarket",
                "osm_type": "node",
                "osm_id": 5277090534,
                "tag": "shop=supermarket"
            }
        },
        {
            "type": "Feature",
            "geometry": {
                "type": "Point",
                "coordinates": [
                    136.7492848,
                    35.194105
                ]
            },
            "properties": {
                "brand": "ドン・キホーテ",
                "brand:en": "Don Quijote",
                "brand:ja": "ドン・キホーテ",
                "brand:wikidata": "Q1185381",
                "brand:wikipedia": "ja:ドン・キホーテ (企業)",
                "name": "MEGAドン・キホーテ",
                "name:en": "MEGA Don Quijote",
                "name:ja": "MEGAドン・キホーテ",
                "opening_hours": "24/7",
                "shop": "supermarket",
                "short_name": "MEGAドンキ",
                "short_name:en": "MegaDonki",
                "short_name:ja": "MEGAドンキ",
                "osm_type": "node",
                "osm_id": 5281386433,
                "tag": "shop=supermarket"
            }
        },
        {
            "type": "Feature",
            "geometry": {
                "type": "Point",
                "coordinates": [
                    136.9032171,
                    35.5307873
                ]
            },
            "properties": {
                "addr:street": "岐阜美濃線",
                "brand": "オークワ",
                "brand:en": "Okuwa",
                "brand:ja": "オークワ",
                "brand:wikidata": "Q11293166",
                "brand:wikipedia": "ja:オークワ",
                "name": "オークワ",
                "name:en": "Okuwa",
                "name:ja": "オークワ",
                "shop": "supermarket",
                "osm_type": "node",
                "osm_id": 5282178223,
                "tag": "shop=supermarket"
            }
        },
        {
            "type": "Feature",
            "geometry": {
                "type": "Point",
                "coordinates": [
                    136.9056573,
                    35.5306582
                ]
            },
            "properties": {
                "name": "カネスエ",
                "shop": "supermarket",
                "osm_type": "node",
                "osm_id": 5282178321,
                "tag": "shop=supermarket"
            }
        },
        {
            "type": "Feature",
            "geometry": {
                "type": "Point",
                "coordinates": [
                    136.9194618,
                    35.5681296
                ]
            },
            "properties": {
                "name": "みちくさかん",
                "name:en": "michikusakann",
                "shop": "supermarket",
                "osm_type": "node",
                "osm_id": 5286145723,
                "tag": "shop=supermarket"
            }
        },
        {
            "type": "Feature",
            "geometry": {
                "type": "Point",
                "coordinates": [
                    136.9098417,
                    35.5383286
                ]
            },
            "properties": {
                "addr:street": "国道156号",
                "branch": "美濃店",
                "brand": "ザ・ビッグ",
                "brand:en": "THE BIG",
                "brand:ja": "ザ・ビッグ",
                "brand:wikidata": "Q11306676",
                "name": "ザ・ビッグ",
                "name:en": "THE BIG",
                "name:ja": "ザ・ビッグ",
                "opening_hours": "Mo-Su 08:00-22:00",
                "shop": "supermarket",
                "osm_type": "node",
                "osm_id": 5286153422,
                "tag": "shop=supermarket"
            }
        },
        {
            "type": "Feature",
            "geometry": {
                "type": "Point",
                "coordinates": [
                    136.9318884,
                    35.1981853
                ]
            },
            "properties": {
                "name": "ザ・チャレンジハウス",
                "shop": "supermarket",
                "osm_type": "node",
                "osm_id": 5286944736,
                "tag": "shop=supermarket"
            }
        },
        {
            "type": "Feature",
            "geometry": {
                "type": "Point",
                "coordinates": [
                    136.9329836,
                    35.2000321
                ]
            },
            "properties": {
                "name": "アオキスーパー",
                "shop": "supermarket",
                "wheelchair": "limited",
                "osm_type": "node",
                "osm_id": 5286944753,
                "tag": "shop=supermarket"
            }
        },
        {
            "type": "Feature",
            "geometry": {
                "type": "Point",
                "coordinates": [
                    137.4309633,
                    34.7745944
                ]
            },
            "properties": {
                "name": "セブンイレブン豊橋忠興店",
                "opening_hours": "24/7",
                "shop": "supermarket",
                "osm_type": "node",
                "osm_id": 5288370974,
                "tag": "shop=supermarket"
            }
        },
        {
            "type": "Feature",
            "geometry": {
                "type": "Point",
                "coordinates": [
                    136.9818598,
                    35.1892638
                ]
            },
            "properties": {
                "brand": "ドン・キホーテ",
                "brand:en": "Don Quijote",
                "brand:ja": "ドン・キホーテ",
                "brand:wikidata": "Q1185381",
                "brand:wikipedia": "ja:ドン・キホーテ (企業)",
                "name": "MEGAドン・キホーテ",
                "name:en": "MEGA Don Quijote",
                "name:ja": "MEGAドン・キホーテ",
                "opening_hours": "24/7",
                "shop": "supermarket",
                "short_name": "MEGAドンキ",
                "short_name:en": "MegaDonki",
                "short_name:ja": "MEGAドンキ",
                "osm_type": "node",
                "osm_id": 5289213424,
                "tag": "shop=supermarket"
            }
        },
        {
            "type": "Feature",
            "geometry": {
                "type": "Point",
                "coordinates": [
                    136.7797158,
                    35.3384048
                ]
            },
            "properties": {
                "name": "ナフコ",
                "shop": "supermarket",
                "osm_type": "node",
                "osm_id": 5298563076,
                "tag": "shop=supermarket"
            }
        },
        {
            "type": "Feature",
            "geometry": {
                "type": "Point",
                "coordinates": [
                    136.879711,
                    35.1694171
                ]
            },
            "properties": {
                "name": "ナリタ",
                "shop": "supermarket",
                "osm_type": "node",
                "osm_id": 5301625342,
                "tag": "shop=supermarket"
            }
        },
        {
            "type": "Feature",
            "geometry": {
                "type": "Point",
                "coordinates": [
                    136.6282604,
                    34.9857776
                ]
            },
            "properties": {
                "brand": "ピアゴ",
                "brand:en": "PIAGO",
                "brand:ja": "ピアゴ",
                "brand:wikidata": "Q91014434",
                "name": "ピアゴ",
                "name:en": "PIAGO",
                "name:ja": "ピアゴ",
                "shop": "supermarket",
                "osm_type": "node",
                "osm_id": 5350616823,
                "tag": "shop=supermarket"
            }
        },
        {
            "type": "Feature",
            "geometry": {
                "type": "Point",
                "coordinates": [
                    136.9420234,
                    35.4823074
                ]
            },
            "properties": {
                "name": "ゲンキー関東新町",
                "shop": "supermarket",
                "osm_type": "node",
                "osm_id": 5362631196,
                "tag": "shop=supermarket"
            }
        },
        {
            "type": "Feature",
            "geometry": {
                "type": "Point",
                "coordinates": [
                    137.0189176,
                    34.9814724
                ]
            },
            "properties": {
                "name": "ヤオスズ食彩館ライブ店",
                "shop": "supermarket",
                "osm_type": "node",
                "osm_id": 5406014373,
                "tag": "shop=supermarket"
            }
        },
        {
            "type": "Feature",
            "geometry": {
                "type": "Point",
                "coordinates": [
                    136.7209037,
                    35.4617946
                ]
            },
            "properties": {
                "name": "ハイショップふじた",
                "shop": "supermarket",
                "osm_type": "node",
                "osm_id": 5418228760,
                "tag": "shop=supermarket"
            }
        },
        {
            "type": "Feature",
            "geometry": {
                "type": "Point",
                "coordinates": [
                    136.7986944,
                    35.2560451
                ]
            },
            "properties": {
                "addr:postcode": "492-8208",
                "branch": "稲沢店",
                "internet_access": "wlan",
                "name": "平和堂",
                "opening_hours": "Mo-Su 09:00-22:00",
                "phone": "+81 587 23 5151",
                "shop": "supermarket",
                "osm_type": "node",
                "osm_id": 5449545721,
                "tag": "shop=supermarket"
            }
        },
        {
            "type": "Feature",
            "geometry": {
                "type": "Point",
                "coordinates": [
                    136.8956369,
                    35.0113224
                ]
            },
            "properties": {
                "brand": "ヤマナカ",
                "brand:en": "Yamanaka",
                "brand:ja": "ヤマナカ",
                "brand:wikidata": "Q11345199",
                "brand:wikipedia": "ja:ヤマナカ",
                "name": "ヤマナカ",
                "name:en": "Yamanaka",
                "name:ja": "ヤマナカ",
                "shop": "supermarket",
                "osm_type": "node",
                "osm_id": 5449934160,
                "tag": "shop=supermarket"
            }
        },
        {
            "type": "Feature",
            "geometry": {
                "type": "Point",
                "coordinates": [
                    136.8531897,
                    34.9360864
                ]
            },
            "properties": {
                "brand": "ヤマナカ",
                "brand:en": "Yamanaka",
                "brand:ja": "ヤマナカ",
                "brand:wikidata": "Q11345199",
                "brand:wikipedia": "ja:ヤマナカ",
                "name": "ヤマナカ",
                "name:en": "Yamanaka",
                "name:ja": "ヤマナカ",
                "shop": "supermarket",
                "osm_type": "node",
                "osm_id": 5450358105,
                "tag": "shop=supermarket"
            }
        },
        {
            "type": "Feature",
            "geometry": {
                "type": "Point",
                "coordinates": [
                    136.7273785,
                    35.1108962
                ]
            },
            "properties": {
                "name": "ヨシヅヤ",
                "shop": "supermarket",
                "osm_type": "node",
                "osm_id": 5468546339,
                "tag": "shop=supermarket"
            }
        },
        {
            "type": "Feature",
            "geometry": {
                "type": "Point",
                "coordinates": [
                    136.7163154,
                    35.1142258
                ]
            },
            "properties": {
                "addr:block_number": "4",
                "addr:city": "弥富市",
                "addr:country": "JP",
                "addr:neighbourhood": "1371",
                "addr:postcode": "498-0014",
                "addr:province": "愛知県",
                "addr:quarter": "五明町蒲原",
                "branch": "弥冨",
                "branch:en": "Yatomi",
                "name": "イオンザ・ビッグエクストラ",
                "name:en": "AEON Big Extra",
                "name:ja": "イオンザ・ビッグエクストラ",
                "opening_hours": "08:00-22:00",
                "shop": "supermarket",
                "osm_type": "node",
                "osm_id": 5468546380,
                "tag": "shop=supermarket"
            }
        },
        {
            "type": "Feature",
            "geometry": {
                "type": "Point",
                "coordinates": [
                    137.0655084,
                    35.0882411
                ]
            },
            "properties": {
                "branch": "三好店",
                "name": "フィール",
                "shop": "supermarket",
                "osm_type": "node",
                "osm_id": 5483861965,
                "tag": "shop=supermarket"
            }
        },
        {
            "type": "Feature",
            "geometry": {
                "type": "Point",
                "coordinates": [
                    137.6940031,
                    34.7022508
                ]
            },
            "properties": {
                "level": "1",
                "name": "Gaby's MARKET",
                "shop": "supermarket",
                "osm_type": "node",
                "osm_id": 5501285453,
                "tag": "shop=supermarket"
            }
        },
        {
            "type": "Feature",
            "geometry": {
                "type": "Point",
                "coordinates": [
                    136.9987988,
                    35.115199
                ]
            },
            "properties": {
                "branch": "平針店",
                "name": "タチヤ",
                "shop": "supermarket",
                "osm_type": "node",
                "osm_id": 5509860124,
                "tag": "shop=supermarket"
            }
        },
        {
            "type": "Feature",
            "geometry": {
                "type": "Point",
                "coordinates": [
                    136.993034,
                    35.1158848
                ]
            },
            "properties": {
                "brand": "マックスバリュ",
                "brand:en": "Maxvalu Tokai",
                "brand:ja": "マックスバリュ",
                "brand:wikidata": "Q1960109",
                "brand:wikipedia": "en:MaxValu",
                "name": "マックスバリュ",
                "name:en": "Maxvalu Tokai",
                "name:ja": "マックスバリュ",
                "shop": "supermarket",
                "osm_type": "node",
                "osm_id": 5509860221,
                "tag": "shop=supermarket"
            }
        },
        {
            "type": "Feature",
            "geometry": {
                "type": "Point",
                "coordinates": [
                    136.9130308,
                    35.100669
                ]
            },
            "properties": {
                "name": "スーパービバホーム",
                "shop": "supermarket",
                "osm_type": "node",
                "osm_id": 5517838929,
                "tag": "shop=supermarket"
            }
        },
        {
            "type": "Feature",
            "geometry": {
                "type": "Point",
                "coordinates": [
                    137.7763697,
                    34.7887845
                ]
            },
            "properties": {
                "name": "トスコ",
                "name:en": "Tusco",
                "shop": "supermarket",
                "osm_type": "node",
                "osm_id": 5522684624,
                "tag": "shop=supermarket"
            }
        },
        {
            "type": "Feature",
            "geometry": {
                "type": "Point",
                "coordinates": [
                    137.842437,
                    35.5178941
                ]
            },
            "properties": {
                "branch": "高松店",
                "name": "JAパーク",
                "operator": "JAみなみ信州",
                "shop": "supermarket",
                "osm_type": "node",
                "osm_id": 5543883021,
                "tag": "shop=supermarket"
            }
        },
        {
            "type": "Feature",
            "geometry": {
                "type": "Point",
                "coordinates": [
                    137.7166168,
                    34.6974776
                ]
            },
            "properties": {
                "branch": "東伊場店",
                "brand": "遠鉄ストア",
                "brand:wikidata": "Q11642444",
                "name": "フードワン",
                "name:en": "FOOD ONE",
                "shop": "supermarket",
                "osm_type": "node",
                "osm_id": 5549522490,
                "tag": "shop=supermarket"
            }
        },
        {
            "type": "Feature",
            "geometry": {
                "type": "Point",
                "coordinates": [
                    137.7349118,
                    34.7535798
                ]
            },
            "properties": {
                "brand": "バロー",
                "brand:en": "Valor",
                "brand:ja": "バロー",
                "brand:wikidata": "Q11328346",
                "name": "バロー",
                "name:en": "Valor",
                "name:ja": "バロー",
                "shop": "supermarket",
                "osm_type": "node",
                "osm_id": 5555432799,
                "tag": "shop=supermarket"
            }
        },
        {
            "type": "Feature",
            "geometry": {
                "type": "Point",
                "coordinates": [
                    136.9773986,
                    35.0979993
                ]
            },
            "properties": {
                "brand": "平和堂",
                "brand:en": "HEIWADO",
                "brand:ja": "平和堂",
                "brand:wikidata": "Q11060757",
                "name": "平和堂",
                "name:en": "HEIWADO",
                "name:ja": "平和堂",
                "shop": "supermarket",
                "osm_type": "node",
                "osm_id": 5563685223,
                "tag": "shop=supermarket"
            }
        },
        {
            "type": "Feature",
            "geometry": {
                "type": "Point",
                "coordinates": [
                    136.8881613,
                    35.1769467
                ]
            },
            "properties": {
                "name": "丸一ストアー",
                "shop": "supermarket",
                "osm_type": "node",
                "osm_id": 5575028901,
                "tag": "shop=supermarket"
            }
        },
        {
            "type": "Feature",
            "geometry": {
                "type": "Point",
                "coordinates": [
                    136.9618115,
                    35.051644
                ]
            },
            "properties": {
                "name": "ピアゴ清水山",
                "shop": "supermarket",
                "osm_type": "node",
                "osm_id": 5585558110,
                "tag": "shop=supermarket"
            }
        },
        {
            "type": "Feature",
            "geometry": {
                "type": "Point",
                "coordinates": [
                    136.9907172,
                    34.9022325
                ]
            },
            "properties": {
                "name": "イクタフード食彩館",
                "shop": "supermarket",
                "osm_type": "node",
                "osm_id": 5588612592,
                "tag": "shop=supermarket"
            }
        },
        {
            "type": "Feature",
            "geometry": {
                "type": "Point",
                "coordinates": [
                    136.8929032,
                    35.1667804
                ]
            },
            "properties": {
                "addr:block_number": "2",
                "addr:city": "名古屋市",
                "addr:housenumber": "49",
                "addr:neighbourhood": "1丁目",
                "addr:province": "愛知県",
                "addr:quarter": "栄",
                "addr:suburb": "中区",
                "brand": "ドン・キホーテ",
                "brand:en": "Don Quijote",
                "brand:ja": "ドン・キホーテ",
                "brand:wikidata": "Q1185381",
                "name": "MEGAドン・キホーテ",
                "name:en": "MEGA Don Quijote",
                "name:ja": "MEGAドン・キホーテ",
                "opening_hours": "Mo-Su 10:00-0:00",
                "operator": "UDリテール",
                "shop": "supermarket",
                "short_name": "MEGAドンキ",
                "short_name:en": "MegaDonki",
                "short_name:ja": "MEGAドンキ",
                "osm_type": "node",
                "osm_id": 5595654022,
                "tag": "shop=supermarket"
            }
        },
        {
            "type": "Feature",
            "geometry": {
                "type": "Point",
                "coordinates": [
                    137.0232193,
                    35.2171959
                ]
            },
            "properties": {
                "name": "ナフコ",
                "shop": "supermarket",
                "osm_type": "node",
                "osm_id": 5597340821,
                "tag": "shop=supermarket"
            }
        },
        {
            "type": "Feature",
            "geometry": {
                "type": "Point",
                "coordinates": [
                    137.0415163,
                    35.2195549
                ]
            },
            "properties": {
                "branch": "尾張旭店",
                "brand": "バロー",
                "brand:en": "Valor",
                "brand:ja": "バロー",
                "brand:wikidata": "Q11328346",
                "brand:wikipedia": "ja:バロー (チェーンストア)",
                "name": "バロー",
                "name:en": "Valor",
                "name:ja": "バロー",
                "shop": "supermarket",
                "osm_type": "node",
                "osm_id": 5597341021,
                "tag": "shop=supermarket"
            }
        },
        {
            "type": "Feature",
            "geometry": {
                "type": "Point",
                "coordinates": [
                    136.9401175,
                    35.1923205
                ]
            },
            "properties": {
                "brand": "ヤマナカ",
                "brand:en": "Yamanaka",
                "brand:ja": "ヤマナカ",
                "brand:wikidata": "Q11345199",
                "brand:wikipedia": "ja:ヤマナカ",
                "level": "0",
                "name": "ヤマナカ",
                "name:en": "Yamanaka",
                "name:ja": "ヤマナカ",
                "shop": "supermarket",
                "source": "survey",
                "osm_type": "node",
                "osm_id": 5614357353,
                "tag": "shop=supermarket"
            }
        },
        {
            "type": "Feature",
            "geometry": {
                "type": "Point",
                "coordinates": [
                    137.0560829,
                    35.0439974
                ]
            },
            "properties": {
                "name": "トヨタ生協 メグリア 星ヶ丘店",
                "shop": "supermarket",
                "osm_type": "node",
                "osm_id": 5643168323,
                "tag": "shop=supermarket"
            }
        },
        {
            "type": "Feature",
            "geometry": {
                "type": "Point",
                "coordinates": [
                    137.1793734,
                    34.9274697
                ]
            },
            "properties": {
                "name": "フィールNEWS",
                "shop": "supermarket",
                "osm_type": "node",
                "osm_id": 5678732561,
                "tag": "shop=supermarket"
            }
        },
        {
            "type": "Feature",
            "geometry": {
                "type": "Point",
                "coordinates": [
                    136.6661601,
                    35.0576637
                ]
            },
            "properties": {
                "name": "一号館 西別所店",
                "shop": "supermarket",
                "osm_type": "node",
                "osm_id": 5678913193,
                "tag": "shop=supermarket"
            }
        },
        {
            "type": "Feature",
            "geometry": {
                "type": "Point",
                "coordinates": [
                    137.1907727,
                    34.9484959
                ]
            },
            "properties": {
                "name": "ピアゴ洞店",
                "shop": "supermarket",
                "osm_type": "node",
                "osm_id": 5678922493,
                "tag": "shop=supermarket"
            }
        },
        {
            "type": "Feature",
            "geometry": {
                "type": "Point",
                "coordinates": [
                    136.6263894,
                    35.0684123
                ]
            },
            "properties": {
                "branch": "桑名店",
                "brand": "ロピア",
                "brand:en": "Lopia",
                "brand:ja": "ロピア",
                "brand:wikidata": "Q11350624",
                "name": "ロピア",
                "name:en": "Lopia",
                "name:ja": "ロピア",
                "shop": "supermarket",
                "osm_type": "node",
                "osm_id": 5678926026,
                "tag": "shop=supermarket"
            }
        },
        {
            "type": "Feature",
            "geometry": {
                "type": "Point",
                "coordinates": [
                    137.4239072,
                    34.737856
                ]
            },
            "properties": {
                "addr:street": "国道1号線",
                "name:pt": "the amigos",
                "shop": "supermarket",
                "osm_type": "node",
                "osm_id": 5694122721,
                "tag": "shop=supermarket"
            }
        },
        {
            "type": "Feature",
            "geometry": {
                "type": "Point",
                "coordinates": [
                    136.7491609,
                    35.359476
                ]
            },
            "properties": {
                "name": "フードセンター　トミダヤ",
                "shop": "supermarket",
                "osm_type": "node",
                "osm_id": 5744875656,
                "tag": "shop=supermarket"
            }
        },
        {
            "type": "Feature",
            "geometry": {
                "type": "Point",
                "coordinates": [
                    137.7488603,
                    35.4470138
                ]
            },
            "properties": {
                "branch": "ピア店",
                "name": "キラヤ",
                "shop": "supermarket",
                "osm_type": "node",
                "osm_id": 5744992444,
                "tag": "shop=supermarket"
            }
        },
        {
            "type": "Feature",
            "geometry": {
                "type": "Point",
                "coordinates": [
                    137.7501761,
                    35.4485276
                ]
            },
            "properties": {
                "branch": "ラック阿智店",
                "brand": "エーコープ",
                "brand:en": "A-COOP",
                "brand:ja": "エーコープ",
                "brand:wikidata": "Q11291524",
                "brand:wikipedia": "ja:エーコープ",
                "name": "エーコープ",
                "name:en": "A-COOP",
                "name:ja": "エーコープ",
                "organic": "only",
                "shop": "supermarket",
                "osm_type": "node",
                "osm_id": 5744992447,
                "tag": "shop=supermarket"
            }
        },
        {
            "type": "Feature",
            "geometry": {
                "type": "Point",
                "coordinates": [
                    136.9130165,
                    35.1258677
                ]
            },
            "properties": {
                "name": "パレマルシェ",
                "shop": "supermarket",
                "osm_type": "node",
                "osm_id": 5766003296,
                "tag": "shop=supermarket"
            }
        },
        {
            "type": "Feature",
            "geometry": {
                "type": "Point",
                "coordinates": [
                    136.7488768,
                    35.3091814
                ]
            },
            "properties": {
                "name": "平和堂 尾西店",
                "shop": "supermarket",
                "osm_type": "node",
                "osm_id": 5776269344,
                "tag": "shop=supermarket"
            }
        },
        {
            "type": "Feature",
            "geometry": {
                "type": "Point",
                "coordinates": [
                    136.6217804,
                    34.9665048
                ]
            },
            "properties": {
                "addr:street": "一番街商店街",
                "name": "スーパーサンシ一番街店",
                "shop": "supermarket",
                "osm_type": "node",
                "osm_id": 5780935353,
                "tag": "shop=supermarket"
            }
        },
        {
            "type": "Feature",
            "geometry": {
                "type": "Point",
                "coordinates": [
                    136.6281815,
                    34.9870573
                ]
            },
            "properties": {
                "addr:street": "山手通り",
                "name": "アミカ四日市店",
                "shop": "supermarket",
                "osm_type": "node",
                "osm_id": 5780983954,
                "tag": "shop=supermarket"
            }
        },
        {
            "type": "Feature",
            "geometry": {
                "type": "Point",
                "coordinates": [
                    136.623266,
                    34.9921085
                ]
            },
            "properties": {
                "addr:street": "山手通り",
                "name": "マックスバリュ阿倉川店",
                "shop": "supermarket",
                "osm_type": "node",
                "osm_id": 5780996553,
                "tag": "shop=supermarket"
            }
        },
        {
            "type": "Feature",
            "geometry": {
                "type": "Point",
                "coordinates": [
                    137.1356892,
                    34.9603742
                ]
            },
            "properties": {
                "name": "サントレック",
                "shop": "supermarket",
                "osm_type": "node",
                "osm_id": 5824776415,
                "tag": "shop=supermarket"
            }
        },
        {
            "type": "Feature",
            "geometry": {
                "type": "Point",
                "coordinates": [
                    137.7097959,
                    34.7080896
                ]
            },
            "properties": {
                "branch": "蜆塚店",
                "name": "BIGMOM",
                "shop": "supermarket",
                "osm_type": "node",
                "osm_id": 5827811836,
                "tag": "shop=supermarket"
            }
        },
        {
            "type": "Feature",
            "geometry": {
                "type": "Point",
                "coordinates": [
                    136.9175848,
                    35.4851631
                ]
            },
            "properties": {
                "name": "山憲商店",
                "name:en": "Fresh Foods",
                "opening_hours": "Mo-Su 10:00-20:00",
                "shop": "supermarket",
                "osm_type": "node",
                "osm_id": 5828863109,
                "tag": "shop=supermarket"
            }
        },
        {
            "type": "Feature",
            "geometry": {
                "type": "Point",
                "coordinates": [
                    136.8997198,
                    35.104129
                ]
            },
            "properties": {
                "name": "アオキスーパー木場店",
                "shop": "supermarket",
                "wheelchair": "limited",
                "osm_type": "node",
                "osm_id": 5831599391,
                "tag": "shop=supermarket"
            }
        },
        {
            "type": "Feature",
            "geometry": {
                "type": "Point",
                "coordinates": [
                    137.1611559,
                    34.9366084
                ]
            },
            "properties": {
                "check_date": "2023-11-09",
                "name:pt": "koko Brasil (Okazaki)",
                "shop": "supermarket",
                "osm_type": "node",
                "osm_id": 5855197885,
                "tag": "shop=supermarket"
            }
        },
        {
            "type": "Feature",
            "geometry": {
                "type": "Point",
                "coordinates": [
                    137.5550251,
                    34.8057399
                ]
            },
            "properties": {
                "name": "はなしょう",
                "shop": "supermarket",
                "osm_type": "node",
                "osm_id": 5856164990,
                "tag": "shop=supermarket"
            }
        },
        {
            "type": "Feature",
            "geometry": {
                "type": "Point",
                "coordinates": [
                    136.9368547,
                    35.1111789
                ]
            },
            "properties": {
                "name": "サンエース",
                "shop": "supermarket",
                "osm_type": "node",
                "osm_id": 5860521383,
                "tag": "shop=supermarket"
            }
        },
        {
            "type": "Feature",
            "geometry": {
                "type": "Point",
                "coordinates": [
                    137.1424279,
                    34.9280847
                ]
            },
            "properties": {
                "name": "Felna フェルナ 法性寺店",
                "shop": "supermarket",
                "osm_type": "node",
                "osm_id": 5871408172,
                "tag": "shop=supermarket"
            }
        },
        {
            "type": "Feature",
            "geometry": {
                "type": "Point",
                "coordinates": [
                    136.9444727,
                    35.1713858
                ]
            },
            "properties": {
                "branch": "名古屋セントラルガーデン店",
                "brand": "成城石井",
                "brand:en": "Seijo Ishii",
                "brand:ja": "成城石井",
                "brand:wikidata": "Q11495410",
                "brand:wikipedia": "ja:成城石井",
                "name": "成城石井",
                "name:en": "Seijo Ishii",
                "name:ja": "成城石井",
                "shop": "supermarket",
                "osm_type": "node",
                "osm_id": 5898447320,
                "tag": "shop=supermarket"
            }
        },
        {
            "type": "Feature",
            "geometry": {
                "type": "Point",
                "coordinates": [
                    136.7655848,
                    35.403179
                ]
            },
            "properties": {
                "branch": "加納店",
                "brand": "バロー",
                "brand:en": "Valor",
                "brand:ja": "バロー",
                "brand:wikidata": "Q11328346",
                "name": "バロー",
                "name:en": "Valor",
                "name:ja": "バロー",
                "shop": "supermarket",
                "osm_type": "node",
                "osm_id": 5964740985,
                "tag": "shop=supermarket"
            }
        },
        {
            "type": "Feature",
            "geometry": {
                "type": "Point",
                "coordinates": [
                    137.5351619,
                    34.7170865
                ]
            },
            "properties": {
                "branch": "湖西店",
                "brand": "バロー",
                "brand:wikidata": "Q11328346",
                "name": "バロー",
                "name:en": "Valor",
                "shop": "supermarket",
                "osm_type": "node",
                "osm_id": 5981380490,
                "tag": "shop=supermarket"
            }
        },
        {
            "type": "Feature",
            "geometry": {
                "type": "Point",
                "coordinates": [
                    136.806566,
                    35.2587468
                ]
            },
            "properties": {
                "branch": "国府宮店",
                "name": "カネスエ",
                "opening_hours": "Mo-Su 08:00-20:00",
                "shop": "supermarket",
                "osm_type": "node",
                "osm_id": 5988721185,
                "tag": "shop=supermarket"
            }
        },
        {
            "type": "Feature",
            "geometry": {
                "type": "Point",
                "coordinates": [
                    136.8015376,
                    35.2393102
                ]
            },
            "properties": {
                "name": "アオキスーパー",
                "opening_hours": "Mo-Su 08:30-19:30",
                "shop": "supermarket",
                "wheelchair": "yes",
                "osm_type": "node",
                "osm_id": 5998162088,
                "tag": "shop=supermarket"
            }
        },
        {
            "type": "Feature",
            "geometry": {
                "type": "Point",
                "coordinates": [
                    136.7524,
                    35.3120427
                ]
            },
            "properties": {
                "brand": "ピアゴ",
                "brand:en": "PIAGO",
                "brand:ja": "ピアゴ",
                "brand:wikidata": "Q91014434",
                "name": "ピアゴ",
                "name:en": "PIAGO",
                "name:ja": "ピアゴ",
                "shop": "supermarket",
                "osm_type": "node",
                "osm_id": 6027017085,
                "tag": "shop=supermarket"
            }
        },
        {
            "type": "Feature",
            "geometry": {
                "type": "Point",
                "coordinates": [
                    137.184528,
                    35.087778
                ]
            },
            "properties": {
                "branch": "高橋店",
                "brand": "イオン",
                "brand:en": "AEON",
                "brand:ja": "イオン",
                "brand:wikidata": "Q11285951",
                "brand:wikipedia": "ja:イオン (店舗ブランド)",
                "name": "イオン",
                "name:en": "AEON",
                "name:ja": "イオン",
                "shop": "supermarket",
                "osm_type": "node",
                "osm_id": 6031507485,
                "tag": "shop=supermarket"
            }
        },
        {
            "type": "Feature",
            "geometry": {
                "type": "Point",
                "coordinates": [
                    137.0622302,
                    34.9650715
                ]
            },
            "properties": {
                "addr:housenumber": "４−８",
                "addr:postcode": "446-0058",
                "name": "ピアゴ ラ フーズコア三河安城店",
                "opening_hours": "Mo-Su 09:00-21:00",
                "phone": "+81 566 72 6901",
                "shop": "supermarket",
                "website": "https://uny.co.jp/",
                "osm_type": "node",
                "osm_id": 6049169685,
                "tag": "shop=supermarket"
            }
        },
        {
            "type": "Feature",
            "geometry": {
                "type": "Point",
                "coordinates": [
                    136.9237274,
                    35.288888
                ]
            },
            "properties": {
                "branch": "小牧駅西店",
                "brand": "マックスバリュ",
                "brand:en": "MaxValu",
                "brand:ja": "マックスバリュ",
                "brand:wikidata": "Q11340427",
                "brand:wikipedia": "en:MaxValu",
                "name": "マックスバリュ",
                "name:en": "MaxValu",
                "name:ja": "マックスバリュ",
                "shop": "supermarket",
                "osm_type": "node",
                "osm_id": 6049416082,
                "tag": "shop=supermarket"
            }
        },
        {
            "type": "Feature",
            "geometry": {
                "type": "Point",
                "coordinates": [
                    136.9338315,
                    35.2928027
                ]
            },
            "properties": {
                "name": "ナフコ二重堀店",
                "shop": "supermarket",
                "osm_type": "node",
                "osm_id": 6049416132,
                "tag": "shop=supermarket"
            }
        },
        {
            "type": "Feature",
            "geometry": {
                "type": "Point",
                "coordinates": [
                    136.937499,
                    35.2826311
                ]
            },
            "properties": {
                "name": "業務スーパー　新小牧店",
                "shop": "supermarket",
                "osm_type": "node",
                "osm_id": 6049418152,
                "tag": "shop=supermarket"
            }
        },
        {
            "type": "Feature",
            "geometry": {
                "type": "Point",
                "coordinates": [
                    136.9319817,
                    35.3076522
                ]
            },
            "properties": {
                "name": "スーパーマーケット　バロー　小牧岩崎店",
                "shop": "supermarket",
                "osm_type": "node",
                "osm_id": 6050446688,
                "tag": "shop=supermarket"
            }
        },
        {
            "type": "Feature",
            "geometry": {
                "type": "Point",
                "coordinates": [
                    137.6278368,
                    34.6825831
                ]
            },
            "properties": {
                "addr:block_number": "2535",
                "addr:city": "浜松市",
                "addr:neighbourhood": "馬郡町",
                "addr:suburb": "中央区",
                "branch": "篠原店",
                "name": "マム",
                "name:en": "Mom",
                "phone": "+81 53 596 4129",
                "shop": "supermarket",
                "osm_type": "node",
                "osm_id": 6050994307,
                "tag": "shop=supermarket"
            }
        },
        {
            "type": "Feature",
            "geometry": {
                "type": "Point",
                "coordinates": [
                    137.0104308,
                    35.2227503
                ]
            },
            "properties": {
                "shop": "supermarket",
                "osm_type": "node",
                "osm_id": 6070786522,
                "tag": "shop=supermarket"
            }
        },
        {
            "type": "Feature",
            "geometry": {
                "type": "Point",
                "coordinates": [
                    137.0104739,
                    35.1965379
                ]
            },
            "properties": {
                "shop": "supermarket",
                "osm_type": "node",
                "osm_id": 6070786895,
                "tag": "shop=supermarket"
            }
        },
        {
            "type": "Feature",
            "geometry": {
                "type": "Point",
                "coordinates": [
                    136.9125312,
                    35.2840553
                ]
            },
            "properties": {
                "name": "ラ･ムー 小牧店",
                "opening_hours": "24/7",
                "shop": "supermarket",
                "osm_type": "node",
                "osm_id": 6110364786,
                "tag": "shop=supermarket"
            }
        },
        {
            "type": "Feature",
            "geometry": {
                "type": "Point",
                "coordinates": [
                    136.925055,
                    35.2898703
                ]
            },
            "properties": {
                "branch": "ラピオ小牧店",
                "name": "Mikawaya",
                "shop": "supermarket",
                "osm_type": "node",
                "osm_id": 6110364790,
                "tag": "shop=supermarket"
            }
        },
        {
            "type": "Feature",
            "geometry": {
                "type": "Point",
                "coordinates": [
                    136.9089268,
                    35.2914466
                ]
            },
            "properties": {
                "name": "業務用スーパー アミカ",
                "shop": "supermarket",
                "osm_type": "node",
                "osm_id": 6110378485,
                "tag": "shop=supermarket"
            }
        },
        {
            "type": "Feature",
            "geometry": {
                "type": "Point",
                "coordinates": [
                    136.9184817,
                    35.2799366
                ]
            },
            "properties": {
                "name": "買取王国  小牧店",
                "shop": "supermarket",
                "osm_type": "node",
                "osm_id": 6114387586,
                "tag": "shop=supermarket"
            }
        },
        {
            "type": "Feature",
            "geometry": {
                "type": "Point",
                "coordinates": [
                    136.9374993,
                    35.2826013
                ]
            },
            "properties": {
                "name": "業務用スーパー  新小牧店",
                "shop": "supermarket",
                "osm_type": "node",
                "osm_id": 6114387686,
                "tag": "shop=supermarket"
            }
        },
        {
            "type": "Feature",
            "geometry": {
                "type": "Point",
                "coordinates": [
                    136.9200128,
                    35.3006298
                ]
            },
            "properties": {
                "name": "ビックリブ  小牧店",
                "shop": "supermarket",
                "osm_type": "node",
                "osm_id": 6119038186,
                "tag": "shop=supermarket"
            }
        },
        {
            "type": "Feature",
            "geometry": {
                "type": "Point",
                "coordinates": [
                    136.920659,
                    35.3009224
                ]
            },
            "properties": {
                "name": "ダイソー",
                "shop": "supermarket",
                "osm_type": "node",
                "osm_id": 6119038187,
                "tag": "shop=supermarket"
            }
        },
        {
            "type": "Feature",
            "geometry": {
                "type": "Point",
                "coordinates": [
                    136.9396009,
                    35.1572259
                ]
            },
            "properties": {
                "branch": "春岡店",
                "name": "ナフコ",
                "shop": "supermarket",
                "osm_type": "node",
                "osm_id": 6123362060,
                "tag": "shop=supermarket"
            }
        },
        {
            "type": "Feature",
            "geometry": {
                "type": "Point",
                "coordinates": [
                    136.6628838,
                    35.0726753
                ]
            },
            "properties": {
                "addr:block_number": "22",
                "addr:city": "桑名市",
                "addr:country": "JP",
                "addr:neighbourhood": "1",
                "addr:postcode": "511-0863",
                "addr:province": "三重県",
                "addr:quarter": "新西方",
                "branch": "桑名1番街",
                "branch:en": "Kuwana 1st Street",
                "brand": "イオン",
                "brand:en": "AEON",
                "brand:ja": "イオン",
                "brand:wikidata": "Q11285951",
                "level": "1;3",
                "name": "イオン",
                "name:en": "AEON",
                "name:ja": "イオン",
                "shop": "supermarket",
                "osm_type": "node",
                "osm_id": 6174674179,
                "tag": "shop=supermarket"
            }
        },
        {
            "type": "Feature",
            "geometry": {
                "type": "Point",
                "coordinates": [
                    136.7967582,
                    35.143777
                ]
            },
            "properties": {
                "addr:block_number": "212",
                "addr:city": "海部郡",
                "addr:country": "JP",
                "addr:neighbourhood": "1",
                "addr:province": "愛知県",
                "addr:quarter": "蟹江町桜",
                "branch": "JR蟹江駅前",
                "branch:en": "JR Kanie-Ekimae",
                "brand": "ヨシヅヤ",
                "name": "ヨシヅヤ",
                "name:en": "Yoshizuya",
                "name:ja": "ヨシヅヤ",
                "name:ja-Hira": "ヨシヅヤ",
                "name:ja-Latn": "Yoshizuya",
                "name:ja_rm": "Yoshizuya",
                "operator": "義津屋",
                "shop": "supermarket",
                "website": "https://www.yoshizuya.com/",
                "osm_type": "node",
                "osm_id": 6178647846,
                "tag": "shop=supermarket"
            }
        },
        {
            "type": "Feature",
            "geometry": {
                "type": "Point",
                "coordinates": [
                    136.7723957,
                    35.2522386
                ]
            },
            "properties": {
                "branch": "稲沢",
                "brand": "アピタ",
                "brand:en": "APITA",
                "brand:ja": "アピタ",
                "brand:wikidata": "Q55384637",
                "name": "APiTA",
                "name:en": "APiTA",
                "name:ja": "アピタ",
                "name:ja-Hira": "アピタ",
                "name:ja-Latn": "Apita",
                "name:ja_rm": "Apita",
                "shop": "supermarket",
                "website": "https://www.apita.co.jp/",
                "osm_type": "node",
                "osm_id": 6180892768,
                "tag": "shop=supermarket"
            }
        },
        {
            "type": "Feature",
            "geometry": {
                "type": "Point",
                "coordinates": [
                    136.7839583,
                    35.1723477
                ]
            },
            "properties": {
                "brand": "業務スーパー",
                "brand:en": "Gyomu Super",
                "brand:ja": "業務スーパー",
                "brand:ja-Latn": "Gyōmu sūpā",
                "brand:wikidata": "Q11590183",
                "brand:wikipedia": "ja:神戸物産",
                "name": "業務スーパー",
                "name:en": "Gyomu Super",
                "name:ja": "業務スーパー",
                "name:ja-Latn": "Gyōmu sūpā",
                "shop": "supermarket",
                "osm_type": "node",
                "osm_id": 6237747979,
                "tag": "shop=supermarket"
            }
        },
        {
            "type": "Feature",
            "geometry": {
                "type": "Point",
                "coordinates": [
                    136.753832,
                    35.4130126
                ]
            },
            "properties": {
                "name": "アミカ",
                "shop": "supermarket",
                "osm_type": "node",
                "osm_id": 6282103385,
                "tag": "shop=supermarket"
            }
        },
        {
            "type": "Feature",
            "geometry": {
                "type": "Point",
                "coordinates": [
                    137.4952169,
                    34.9035242
                ]
            },
            "properties": {
                "brand": "ピアゴ",
                "brand:en": "PIAGO",
                "brand:ja": "ピアゴ",
                "brand:wikidata": "Q91014434",
                "name": "ピアゴ",
                "name:en": "PIAGO",
                "name:ja": "ピアゴ",
                "shop": "supermarket",
                "osm_type": "node",
                "osm_id": 6320799486,
                "tag": "shop=supermarket"
            }
        },
        {
            "type": "Feature",
            "geometry": {
                "type": "Point",
                "coordinates": [
                    137.2036111,
                    35.3679121
                ]
            },
            "properties": {
                "name": "ラムー",
                "shop": "supermarket",
                "osm_type": "node",
                "osm_id": 6343932585,
                "tag": "shop=supermarket"
            }
        },
        {
            "type": "Feature",
            "geometry": {
                "type": "Point",
                "coordinates": [
                    137.187994,
                    35.3255434
                ]
            },
            "properties": {
                "name": "オオマツフード",
                "shop": "supermarket",
                "osm_type": "node",
                "osm_id": 6343932586,
                "tag": "shop=supermarket"
            }
        },
        {
            "type": "Feature",
            "geometry": {
                "type": "Point",
                "coordinates": [
                    137.167245,
                    35.318548
                ]
            },
            "properties": {
                "branch": "下石店",
                "brand": "バロー",
                "brand:en": "Valor",
                "brand:ja": "バロー",
                "brand:wikidata": "Q11328346",
                "brand:wikipedia": "ja:バロー (チェーンストア)",
                "name": "バロー",
                "name:en": "Valor",
                "name:ja": "バロー",
                "shop": "supermarket",
                "osm_type": "node",
                "osm_id": 6343932785,
                "tag": "shop=supermarket"
            }
        },
        {
            "type": "Feature",
            "geometry": {
                "type": "Point",
                "coordinates": [
                    137.1819644,
                    35.3560611
                ]
            },
            "properties": {
                "name": "三起屋",
                "shop": "supermarket",
                "osm_type": "node",
                "osm_id": 6353662488,
                "tag": "shop=supermarket"
            }
        },
        {
            "type": "Feature",
            "geometry": {
                "type": "Point",
                "coordinates": [
                    136.937255,
                    34.9059239
                ]
            },
            "properties": {
                "branch": "半田店",
                "brand": "バロー",
                "brand:en": "Valor",
                "brand:ja": "バロー",
                "brand:wikidata": "Q11328346",
                "brand:wikipedia": "ja:バロー (チェーンストア)",
                "name": "バロー",
                "name:en": "Valor",
                "name:ja": "バロー",
                "name:ja-Hira": "ばろー",
                "name:ja-Latn": "Barō",
                "name:ja_rm": "Barō",
                "operator": "バロー",
                "shop": "supermarket",
                "osm_type": "node",
                "osm_id": 6355902519,
                "tag": "shop=supermarket"
            }
        },
        {
            "type": "Feature",
            "geometry": {
                "type": "Point",
                "coordinates": [
                    136.7932716,
                    35.2667674
                ]
            },
            "properties": {
                "name": "エクボ by feel",
                "shop": "supermarket",
                "osm_type": "node",
                "osm_id": 6387251987,
                "tag": "shop=supermarket"
            }
        },
        {
            "type": "Feature",
            "geometry": {
                "type": "Point",
                "coordinates": [
                    137.7262399,
                    34.6978422
                ]
            },
            "properties": {
                "branch": "浜松上浅田店",
                "name": "アミカ",
                "shop": "supermarket",
                "osm_type": "node",
                "osm_id": 6389714718,
                "tag": "shop=supermarket"
            }
        },
        {
            "type": "Feature",
            "geometry": {
                "type": "Point",
                "coordinates": [
                    137.0880331,
                    35.3597403
                ]
            },
            "properties": {
                "name": "バロー根本店",
                "shop": "supermarket",
                "osm_type": "node",
                "osm_id": 6398257812,
                "tag": "shop=supermarket"
            }
        },
        {
            "type": "Feature",
            "geometry": {
                "type": "Point",
                "coordinates": [
                    136.9706724,
                    35.1610473
                ]
            },
            "properties": {
                "addr:city": "名古屋市",
                "addr:province": "愛知県",
                "addr:suburb": "千種区",
                "air_conditioning": "yes",
                "level": "1",
                "name": "コノミヤ",
                "opening_hours": "Mo-Su 09:00-21:00",
                "payment:cash": "yes",
                "payment:credit_cards": "yes",
                "shop": "supermarket",
                "source": "local knowledge",
                "stroller": "yes",
                "wheelchair": "yes",
                "osm_type": "node",
                "osm_id": 6398525657,
                "tag": "shop=supermarket"
            }
        },
        {
            "type": "Feature",
            "geometry": {
                "type": "Point",
                "coordinates": [
                    136.9986707,
                    35.0021896
                ]
            },
            "properties": {
                "branch": "ルビットタウン刈谷店",
                "brand": "バロー",
                "brand:en": "Valor",
                "brand:ja": "バロー",
                "brand:wikidata": "Q11328346",
                "name": "バロー",
                "name:en": "Valor",
                "name:ja": "バロー",
                "shop": "supermarket",
                "osm_type": "node",
                "osm_id": 6434121317,
                "tag": "shop=supermarket"
            }
        },
        {
            "type": "Feature",
            "geometry": {
                "type": "Point",
                "coordinates": [
                    136.8507549,
                    35.1088764
                ]
            },
            "properties": {
                "brand": "ヤマナカ",
                "brand:en": "Yamanaka",
                "brand:ja": "ヤマナカ",
                "brand:wikidata": "Q11345199",
                "brand:wikipedia": "ja:ヤマナカ",
                "name": "ヤマナカ",
                "name:en": "Yamanaka",
                "name:ja": "ヤマナカ",
                "shop": "supermarket",
                "wheelchair": "yes",
                "osm_type": "node",
                "osm_id": 6501500916,
                "tag": "shop=supermarket"
            }
        },
        {
            "type": "Feature",
            "geometry": {
                "type": "Point",
                "coordinates": [
                    136.8925995,
                    35.1178658
                ]
            },
            "properties": {
                "name": "SEIYU",
                "shop": "supermarket",
                "osm_type": "node",
                "osm_id": 6548846478,
                "tag": "shop=supermarket"
            }
        },
        {
            "type": "Feature",
            "geometry": {
                "type": "Point",
                "coordinates": [
                    136.9267094,
                    35.1472099
                ]
            },
            "properties": {
                "name:en": "Mikawaya Supermarket",
                "shop": "supermarket",
                "osm_type": "node",
                "osm_id": 6598088186,
                "tag": "shop=supermarket"
            }
        },
        {
            "type": "Feature",
            "geometry": {
                "type": "Point",
                "coordinates": [
                    136.9137474,
                    35.1416153
                ]
            },
            "properties": {
                "brand": "バロー",
                "brand:en": "Valor",
                "brand:ja": "バロー",
                "brand:wikidata": "Q11328346",
                "name": "バロー",
                "name:en": "Valor",
                "name:ja": "バロー",
                "shop": "supermarket",
                "osm_type": "node",
                "osm_id": 6598118885,
                "tag": "shop=supermarket"
            }
        },
        {
            "type": "Feature",
            "geometry": {
                "type": "Point",
                "coordinates": [
                    136.7351238,
                    35.1781119
                ]
            },
            "properties": {
                "name": "Yストア",
                "shop": "supermarket",
                "osm_type": "node",
                "osm_id": 6631038556,
                "tag": "shop=supermarket"
            }
        },
        {
            "type": "Feature",
            "geometry": {
                "type": "Point",
                "coordinates": [
                    136.7212325,
                    35.2545209
                ]
            },
            "properties": {
                "branch": "祖父江店",
                "name": "平和堂",
                "shop": "supermarket",
                "wikidata": "Q105760652",
                "wikimedia_commons": "Category:Heiwado Sobue",
                "osm_type": "node",
                "osm_id": 6644609068,
                "tag": "shop=supermarket"
            }
        },
        {
            "type": "Feature",
            "geometry": {
                "type": "Point",
                "coordinates": [
                    137.0342786,
                    35.4467967
                ]
            },
            "properties": {
                "addr:city": "〒505-0027 岐阜県美濃加茂市本郷町２丁目１−18",
                "name": "コープぎふコープステーション美濃加茂",
                "shop": "supermarket",
                "osm_type": "node",
                "osm_id": 6697991861,
                "tag": "shop=supermarket"
            }
        },
        {
            "type": "Feature",
            "geometry": {
                "type": "Point",
                "coordinates": [
                    137.1157402,
                    35.3674219
                ]
            },
            "properties": {
                "name": "タチヤ 多治見店",
                "shop": "supermarket",
                "osm_type": "node",
                "osm_id": 6698260098,
                "tag": "shop=supermarket"
            }
        },
        {
            "type": "Feature",
            "geometry": {
                "type": "Point",
                "coordinates": [
                    136.9253249,
                    35.0861359
                ]
            },
            "properties": {
                "name": "エクボ",
                "name:en": "EQVO!",
                "shop": "supermarket",
                "osm_type": "node",
                "osm_id": 6832124087,
                "tag": "shop=supermarket"
            }
        },
        {
            "type": "Feature",
            "geometry": {
                "type": "Point",
                "coordinates": [
                    137.4496125,
                    34.7275361
                ]
            },
            "properties": {
                "name": "業務スーパー 二川店",
                "shop": "supermarket",
                "osm_type": "node",
                "osm_id": 6865759403,
                "tag": "shop=supermarket"
            }
        },
        {
            "type": "Feature",
            "geometry": {
                "type": "Point",
                "coordinates": [
                    137.0426133,
                    34.8696443
                ]
            },
            "properties": {
                "name": "The Amigos",
                "shop": "supermarket",
                "osm_type": "node",
                "osm_id": 6869262179,
                "tag": "shop=supermarket"
            }
        },
        {
            "type": "Feature",
            "geometry": {
                "type": "Point",
                "coordinates": [
                    136.7838147,
                    35.506666
                ]
            },
            "properties": {
                "name": "ざ",
                "name:ja": "ザ·ビッグエクストラ 山県店",
                "shop": "supermarket",
                "osm_type": "node",
                "osm_id": 6910531686,
                "tag": "shop=supermarket"
            }
        },
        {
            "type": "Feature",
            "geometry": {
                "type": "Point",
                "coordinates": [
                    136.922516,
                    35.2227787
                ]
            },
            "properties": {
                "branch": "味鋺店",
                "name": "ザ・ビッグエクスプレス",
                "opening_hours": "Mo-Su,PH 07:00-21:00",
                "shop": "supermarket",
                "osm_type": "node",
                "osm_id": 6910838086,
                "tag": "shop=supermarket"
            }
        },
        {
            "type": "Feature",
            "geometry": {
                "type": "Point",
                "coordinates": [
                    136.8597058,
                    35.2263105
                ]
            },
            "properties": {
                "name": "コノミヤ",
                "shop": "supermarket",
                "osm_type": "node",
                "osm_id": 6939331385,
                "tag": "shop=supermarket"
            }
        },
        {
            "type": "Feature",
            "geometry": {
                "type": "Point",
                "coordinates": [
                    136.7591529,
                    35.4051094
                ]
            },
            "properties": {
                "name": "アオキ",
                "shop": "supermarket",
                "osm_type": "node",
                "osm_id": 6976076885,
                "tag": "shop=supermarket"
            }
        },
        {
            "type": "Feature",
            "geometry": {
                "type": "Point",
                "coordinates": [
                    136.8824789,
                    35.2766263
                ]
            },
            "properties": {
                "name": "Kg brasil",
                "shop": "supermarket",
                "osm_type": "node",
                "osm_id": 6991339785,
                "tag": "shop=supermarket"
            }
        },
        {
            "type": "Feature",
            "geometry": {
                "type": "Point",
                "coordinates": [
                    137.0562723,
                    35.1099272
                ]
            },
            "properties": {
                "branch": "白鳥店",
                "name": "アオキスーパー",
                "shop": "supermarket",
                "osm_type": "node",
                "osm_id": 7059486935,
                "tag": "shop=supermarket"
            }
        },
        {
            "type": "Feature",
            "geometry": {
                "type": "Point",
                "coordinates": [
                    137.8378842,
                    35.5067219
                ]
            },
            "properties": {
                "brand": "西友",
                "brand:en": "Seiyu",
                "brand:ja": "西友",
                "brand:wikidata": "Q3108542",
                "brand:wikipedia": "en:Seiyu Group",
                "name": "西友",
                "name:en": "Seiyu",
                "name:ja": "西友",
                "shop": "supermarket",
                "osm_type": "node",
                "osm_id": 7127348518,
                "tag": "shop=supermarket"
            }
        },
        {
            "type": "Feature",
            "geometry": {
                "type": "Point",
                "coordinates": [
                    137.5123048,
                    35.5036421
                ]
            },
            "properties": {
                "branch": "中津川東店",
                "brand": "バロー",
                "brand:en": "Valor",
                "brand:ja": "バロー",
                "brand:wikidata": "Q11328346",
                "brand:wikipedia": "ja:バロー (チェーンストア)",
                "name": "バロー",
                "name:en": "Valor",
                "name:ja": "バロー",
                "shop": "supermarket",
                "osm_type": "node",
                "osm_id": 7142713126,
                "tag": "shop=supermarket"
            }
        },
        {
            "type": "Feature",
            "geometry": {
                "type": "Point",
                "coordinates": [
                    137.2585863,
                    35.3612723
                ]
            },
            "properties": {
                "branch": "瑞浪中央店",
                "brand": "バロー",
                "brand:en": "Valor",
                "brand:ja": "バロー",
                "brand:wikidata": "Q11328346",
                "brand:wikipedia": "ja:バロー (チェーンストア)",
                "name": "バロー",
                "name:en": "Valor",
                "name:ja": "バロー",
                "shop": "supermarket",
                "osm_type": "node",
                "osm_id": 7196619018,
                "tag": "shop=supermarket"
            }
        },
        {
            "type": "Feature",
            "geometry": {
                "type": "Point",
                "coordinates": [
                    136.8253858,
                    35.1138758
                ]
            },
            "properties": {
                "name": "BIG 南陽店",
                "shop": "supermarket",
                "osm_type": "node",
                "osm_id": 7213735085,
                "tag": "shop=supermarket"
            }
        },
        {
            "type": "Feature",
            "geometry": {
                "type": "Point",
                "coordinates": [
                    137.1223308,
                    35.2481127
                ]
            },
            "properties": {
                "addr:city": "瀬戸市",
                "addr:province": "愛知県",
                "brand": "バロー",
                "brand:en": "Valor",
                "brand:ja": "バロー",
                "brand:wikidata": "Q11328346",
                "brand:wikipedia": "ja:バロー (チェーンストア)",
                "name": "バロー",
                "name:en": "Valor",
                "name:ja": "バロー",
                "shop": "supermarket",
                "osm_type": "node",
                "osm_id": 7232053149,
                "tag": "shop=supermarket"
            }
        },
        {
            "type": "Feature",
            "geometry": {
                "type": "Point",
                "coordinates": [
                    137.1703907,
                    35.3333415
                ]
            },
            "properties": {
                "branch": "土岐店",
                "brand": "オークワ",
                "brand:en": "Okuwa",
                "brand:ja": "オークワ",
                "brand:wikidata": "Q11293166",
                "check_date": "2026-03-02",
                "internet_access": "no",
                "name": "オークワ",
                "name:en": "Okuwa",
                "name:ja": "オークワ",
                "self_checkout": "yes",
                "shop": "supermarket",
                "osm_type": "node",
                "osm_id": 7232075233,
                "tag": "shop=supermarket"
            }
        },
        {
            "type": "Feature",
            "geometry": {
                "type": "Point",
                "coordinates": [
                    137.017654,
                    35.1863551
                ]
            },
            "properties": {
                "name": "フェルナ",
                "shop": "supermarket",
                "osm_type": "node",
                "osm_id": 7241238909,
                "tag": "shop=supermarket"
            }
        },
        {
            "type": "Feature",
            "geometry": {
                "type": "Point",
                "coordinates": [
                    136.8736979,
                    35.1792138
                ]
            },
            "properties": {
                "name": "アミカ",
                "shop": "supermarket",
                "osm_type": "node",
                "osm_id": 7276205295,
                "tag": "shop=supermarket"
            }
        },
        {
            "type": "Feature",
            "geometry": {
                "type": "Point",
                "coordinates": [
                    136.9827217,
                    35.1258544
                ]
            },
            "properties": {
                "name": "コノミヤ天白店",
                "shop": "supermarket",
                "osm_type": "node",
                "osm_id": 7326987687,
                "tag": "shop=supermarket"
            }
        },
        {
            "type": "Feature",
            "geometry": {
                "type": "Point",
                "coordinates": [
                    136.981675,
                    35.1285887
                ]
            },
            "properties": {
                "branch": "植田店",
                "name": "アオキスーパー",
                "shop": "supermarket",
                "osm_type": "node",
                "osm_id": 7326987688,
                "tag": "shop=supermarket"
            }
        },
        {
            "type": "Feature",
            "geometry": {
                "type": "Point",
                "coordinates": [
                    136.617672,
                    35.377361
                ]
            },
            "properties": {
                "branch": "大垣北店",
                "name": "アミカ",
                "shop": "supermarket",
                "osm_type": "node",
                "osm_id": 7418811537,
                "tag": "shop=supermarket"
            }
        },
        {
            "type": "Feature",
            "geometry": {
                "type": "Point",
                "coordinates": [
                    137.1458903,
                    35.0882936
                ]
            },
            "properties": {
                "name": "ドミー",
                "name:en": "DOMMY",
                "shop": "supermarket",
                "osm_type": "node",
                "osm_id": 7465097585,
                "tag": "shop=supermarket"
            }
        },
        {
            "type": "Feature",
            "geometry": {
                "type": "Point",
                "coordinates": [
                    137.8282099,
                    35.4987482
                ]
            },
            "properties": {
                "brand": "バロー",
                "brand:en": "Valor",
                "brand:ja": "バロー",
                "brand:wikidata": "Q11328346",
                "brand:wikipedia": "ja:バロー (チェーンストア)",
                "name": "バロー",
                "name:en": "Valor",
                "name:ja": "バロー",
                "shop": "supermarket",
                "osm_type": "node",
                "osm_id": 7595977090,
                "tag": "shop=supermarket"
            }
        },
        {
            "type": "Feature",
            "geometry": {
                "type": "Point",
                "coordinates": [
                    136.9924151,
                    34.9302995
                ]
            },
            "properties": {
                "addr:block_number": "４－１５",
                "addr:city": "高浜市沢渡町",
                "addr:province": "愛知県",
                "name": "Felna（フェルナ）沢渡店",
                "opening_hours": "Mo-Su 10:00-20:00",
                "shop": "supermarket",
                "osm_type": "node",
                "osm_id": 7617065650,
                "tag": "shop=supermarket"
            }
        },
        {
            "type": "Feature",
            "geometry": {
                "type": "Point",
                "coordinates": [
                    136.8585795,
                    35.3985226
                ]
            },
            "properties": {
                "branch": "各務原那加店",
                "brand": "マックスバリュ",
                "brand:en": "MaxValu",
                "brand:ja": "マックスバリュ",
                "brand:wikidata": "Q11340427",
                "name": "マックスバリュ",
                "name:en": "MaxValu",
                "name:ja": "マックスバリュ",
                "opening_hours": "7:00-23:00",
                "shop": "supermarket",
                "osm_type": "node",
                "osm_id": 7639616051,
                "tag": "shop=supermarket"
            }
        },
        {
            "type": "Feature",
            "geometry": {
                "type": "Point",
                "coordinates": [
                    137.1570241,
                    35.0714778
                ]
            },
            "properties": {
                "name": "メグリアミニ金谷店",
                "operator": "トヨタ生協メグリア",
                "shop": "supermarket",
                "osm_type": "node",
                "osm_id": 7709460991,
                "tag": "shop=supermarket"
            }
        },
        {
            "type": "Feature",
            "geometry": {
                "type": "Point",
                "coordinates": [
                    137.2088672,
                    35.0639885
                ]
            },
            "properties": {
                "name": "JAあいち豊田グリーンセンター松平店",
                "shop": "supermarket",
                "osm_type": "node",
                "osm_id": 7709530401,
                "tag": "shop=supermarket"
            }
        },
        {
            "type": "Feature",
            "geometry": {
                "type": "Point",
                "coordinates": [
                    137.0280252,
                    35.1559454
                ]
            },
            "properties": {
                "addr:block_number": "17-6",
                "addr:city": "長久手市",
                "addr:postcode": "480-1178",
                "addr:province": "愛知県",
                "addr:quarter": "丁子田",
                "brand": "マックスバリュ",
                "brand:en": "Maxvalu Tokai",
                "brand:ja": "マックスバリュ",
                "brand:wikidata": "Q1960109",
                "brand:wikipedia": "en:MaxValu",
                "name": "マックスバリュ",
                "name:en": "Maxvalu Tokai",
                "name:ja": "マックスバリュ",
                "opening_hours": "00:00-24:00",
                "shop": "supermarket",
                "osm_type": "node",
                "osm_id": 7956895462,
                "tag": "shop=supermarket"
            }
        },
        {
            "type": "Feature",
            "geometry": {
                "type": "Point",
                "coordinates": [
                    137.5655115,
                    35.5246736
                ]
            },
            "properties": {
                "name": "JA",
                "shop": "supermarket",
                "osm_type": "node",
                "osm_id": 7989945684,
                "tag": "shop=supermarket"
            }
        },
        {
            "type": "Feature",
            "geometry": {
                "type": "Point",
                "coordinates": [
                    136.7603303,
                    35.3323385
                ]
            },
            "properties": {
                "name": "三心",
                "shop": "supermarket",
                "osm_type": "node",
                "osm_id": 8005475085,
                "tag": "shop=supermarket"
            }
        },
        {
            "type": "Feature",
            "geometry": {
                "type": "Point",
                "coordinates": [
                    136.7557157,
                    35.3097006
                ]
            },
            "properties": {
                "branch": "尾西店",
                "brand": "業務スーパー",
                "brand:en": "Gyomu Super",
                "brand:ja": "業務スーパー",
                "brand:ja-Latn": "Gyōmu sūpā",
                "brand:wikidata": "Q105687460",
                "name": "業務スーパー",
                "name:en": "Gyomu Super",
                "name:ja": "業務スーパー",
                "name:ja-Latn": "Gyōmu sūpā",
                "shop": "supermarket",
                "osm_type": "node",
                "osm_id": 8006199487,
                "tag": "shop=supermarket"
            }
        },
        {
            "type": "Feature",
            "geometry": {
                "type": "Point",
                "coordinates": [
                    137.8296009,
                    35.4998515
                ]
            },
            "properties": {
                "brand": "アピタ",
                "brand:en": "APITA",
                "brand:ja": "アピタ",
                "brand:wikidata": "Q55384637",
                "name": "アピタ",
                "name:en": "APITA",
                "name:ja": "アピタ",
                "shop": "supermarket",
                "osm_type": "node",
                "osm_id": 8035637285,
                "tag": "shop=supermarket"
            }
        },
        {
            "type": "Feature",
            "geometry": {
                "type": "Point",
                "coordinates": [
                    136.7519451,
                    35.1600392
                ]
            },
            "properties": {
                "name": "Yストア",
                "shop": "supermarket",
                "osm_type": "node",
                "osm_id": 8150590296,
                "tag": "shop=supermarket"
            }
        },
        {
            "type": "Feature",
            "geometry": {
                "type": "Point",
                "coordinates": [
                    136.7148586,
                    35.171228
                ]
            },
            "properties": {
                "brand": "マックスバリュ",
                "brand:en": "Maxvalu Tokai",
                "brand:ja": "マックスバリュ",
                "brand:wikidata": "Q1960109",
                "brand:wikipedia": "en:MaxValu",
                "name": "マックスバリュ",
                "name:en": "Maxvalu Tokai",
                "name:ja": "マックスバリュ",
                "shop": "supermarket",
                "osm_type": "node",
                "osm_id": 8150590304,
                "tag": "shop=supermarket"
            }
        },
        {
            "type": "Feature",
            "geometry": {
                "type": "Point",
                "coordinates": [
                    137.1714658,
                    34.9893672
                ]
            },
            "properties": {
                "name": "ドミー",
                "shop": "supermarket",
                "osm_type": "node",
                "osm_id": 8280576753,
                "tag": "shop=supermarket"
            }
        },
        {
            "type": "Feature",
            "geometry": {
                "type": "Point",
                "coordinates": [
                    136.8438551,
                    35.1510101
                ]
            },
            "properties": {
                "shop": "supermarket",
                "osm_type": "node",
                "osm_id": 8306317743,
                "tag": "shop=supermarket"
            }
        },
        {
            "type": "Feature",
            "geometry": {
                "type": "Point",
                "coordinates": [
                    136.7897964,
                    35.5138882
                ]
            },
            "properties": {
                "name": "タチヤ山県店",
                "shop": "supermarket",
                "osm_type": "node",
                "osm_id": 8413264161,
                "tag": "shop=supermarket"
            }
        },
        {
            "type": "Feature",
            "geometry": {
                "type": "Point",
                "coordinates": [
                    136.974103,
                    34.9791588
                ]
            },
            "properties": {
                "name": "KALDI",
                "shop": "supermarket",
                "osm_type": "node",
                "osm_id": 8414301183,
                "tag": "shop=supermarket"
            }
        },
        {
            "type": "Feature",
            "geometry": {
                "type": "Point",
                "coordinates": [
                    136.9745312,
                    34.9799813
                ]
            },
            "properties": {
                "name": "トイザらス",
                "shop": "supermarket",
                "osm_type": "node",
                "osm_id": 8414301188,
                "tag": "shop=supermarket"
            }
        },
        {
            "type": "Feature",
            "geometry": {
                "type": "Point",
                "coordinates": [
                    137.1494472,
                    34.9148078
                ]
            },
            "properties": {
                "brand": "バロー",
                "brand:en": "Valor",
                "brand:ja": "バロー",
                "brand:wikidata": "Q11328346",
                "name": "バロー",
                "name:en": "Valor",
                "name:ja": "バロー",
                "shop": "supermarket",
                "osm_type": "node",
                "osm_id": 8439726191,
                "tag": "shop=supermarket"
            }
        },
        {
            "type": "Feature",
            "geometry": {
                "type": "Point",
                "coordinates": [
                    136.9828164,
                    35.1872905
                ]
            },
            "properties": {
                "brand": "ヤマナカ",
                "brand:en": "Yamanaka",
                "brand:ja": "ヤマナカ",
                "brand:wikidata": "Q11345199",
                "brand:wikipedia": "ja:ヤマナカ",
                "name": "ヤマナカ",
                "name:en": "Yamanaka",
                "name:ja": "ヤマナカ",
                "shop": "supermarket",
                "osm_type": "node",
                "osm_id": 8631972589,
                "tag": "shop=supermarket"
            }
        },
        {
            "type": "Feature",
            "geometry": {
                "type": "Point",
                "coordinates": [
                    137.1235292,
                    35.3354993
                ]
            },
            "properties": {
                "name": "フランテ",
                "shop": "supermarket",
                "osm_type": "node",
                "osm_id": 8738411830,
                "tag": "shop=supermarket"
            }
        },
        {
            "type": "Feature",
            "geometry": {
                "type": "Point",
                "coordinates": [
                    136.9120846,
                    35.156657
                ]
            },
            "properties": {
                "brand": "ヤマナカ",
                "brand:en": "Yamanaka",
                "brand:ja": "ヤマナカ",
                "brand:wikidata": "Q11345199",
                "brand:wikipedia": "ja:ヤマナカ",
                "name": "ヤマナカ",
                "name:en": "Yamanaka",
                "name:ja": "ヤマナカ",
                "shop": "supermarket",
                "osm_type": "node",
                "osm_id": 8859510469,
                "tag": "shop=supermarket"
            }
        },
        {
            "type": "Feature",
            "geometry": {
                "type": "Point",
                "coordinates": [
                    136.9811999,
                    35.1981913
                ]
            },
            "properties": {
                "addr:block_number": "2",
                "addr:city": "名古屋市",
                "addr:housenumber": "8",
                "addr:neighbourhood": "三丁目",
                "addr:postcode": "463-0048",
                "addr:province": "愛知県",
                "addr:quarter": "小幡南",
                "addr:suburb": "守山区",
                "name": "ザ・ビッグエクスプレス花ノ木店",
                "opening_hours": "Mo-Su 07:00-21:00",
                "operator": "イオン",
                "payment:cash": "yes",
                "payment:credit_cards": "yes",
                "phone": "+81-(0)52-795-4147",
                "shop": "supermarket",
                "website": "https://www.aeon.com/store/%E3%82%B6%E3%83%BB%E3%83%93%E3%83%83%E3%82%B0/%E3%82%B6%E3%83%BB%E3%83%93%E3%83%83%E3%82%B0%E3%82%A8%E3%82%AF%E3%82%B9%E3%83%97%E3%83%AC%E3%82%B9%E8%8A%B1%E3%83%8E%E6%9C%A8%E5%BA%97/",
                "osm_type": "node",
                "osm_id": 8910748215,
                "tag": "shop=supermarket"
            }
        },
        {
            "type": "Feature",
            "geometry": {
                "type": "Point",
                "coordinates": [
                    136.7522946,
                    35.198511
                ]
            },
            "properties": {
                "name": "Yストア",
                "shop": "supermarket",
                "osm_type": "node",
                "osm_id": 8943461168,
                "tag": "shop=supermarket"
            }
        },
        {
            "type": "Feature",
            "geometry": {
                "type": "Point",
                "coordinates": [
                    137.0252775,
                    35.275691
                ]
            },
            "properties": {
                "branch": "春日井庄名店",
                "brand": "平和堂",
                "brand:en": "HEIWADO",
                "brand:ja": "平和堂",
                "brand:wikidata": "Q11060757",
                "name": "平和堂",
                "name:en": "HEIWADO",
                "name:ja": "平和堂",
                "opening_hours": "9:30-21:00",
                "shop": "supermarket",
                "osm_type": "node",
                "osm_id": 9168531556,
                "tag": "shop=supermarket"
            }
        },
        {
            "type": "Feature",
            "geometry": {
                "type": "Point",
                "coordinates": [
                    137.1752922,
                    35.3522676
                ]
            },
            "properties": {
                "name": "サンマート 土岐口店",
                "shop": "supermarket",
                "osm_type": "node",
                "osm_id": 9208905110,
                "tag": "shop=supermarket"
            }
        },
        {
            "type": "Feature",
            "geometry": {
                "type": "Point",
                "coordinates": [
                    137.1996773,
                    35.359832
                ]
            },
            "properties": {
                "brand": "バロー",
                "brand:en": "Valor",
                "brand:ja": "バロー",
                "brand:wikidata": "Q11328346",
                "brand:wikipedia": "ja:バロー (チェーンストア)",
                "name": "バロー",
                "name:en": "Valor",
                "name:ja": "バロー",
                "shop": "supermarket",
                "osm_type": "node",
                "osm_id": 9208977268,
                "tag": "shop=supermarket"
            }
        },
        {
            "type": "Feature",
            "geometry": {
                "type": "Point",
                "coordinates": [
                    137.5301546,
                    35.5118094
                ]
            },
            "properties": {
                "branch": "落合店",
                "brand": "エーコープ",
                "brand:en": "A-COOP",
                "brand:ja": "エーコープ",
                "brand:wikidata": "Q11291524",
                "name": "エーコープ",
                "name:en": "A-COOP",
                "name:ja": "エーコープ",
                "organic": "only",
                "shop": "supermarket",
                "osm_type": "node",
                "osm_id": 9528884841,
                "tag": "shop=supermarket"
            }
        },
        {
            "type": "Feature",
            "geometry": {
                "type": "Point",
                "coordinates": [
                    137.7096687,
                    34.680584
                ]
            },
            "properties": {
                "description": "総合食料品",
                "name": "仲ヤ商店",
                "shop": "supermarket",
                "osm_type": "node",
                "osm_id": 9551985687,
                "tag": "shop=supermarket"
            }
        },
        {
            "type": "Feature",
            "geometry": {
                "type": "Point",
                "coordinates": [
                    136.8663812,
                    35.0919045
                ]
            },
            "properties": {
                "brand": "ベイシア",
                "brand:en": "Beisia",
                "brand:ja": "ベイシア",
                "brand:wikidata": "Q11336776",
                "brand:wikipedia": "ja:ベイシア",
                "name": "ベイシア",
                "name:en": "Beisia",
                "name:ja": "ベイシア",
                "shop": "supermarket",
                "osm_type": "node",
                "osm_id": 9612489034,
                "tag": "shop=supermarket"
            }
        },
        {
            "type": "Feature",
            "geometry": {
                "type": "Point",
                "coordinates": [
                    137.0723024,
                    35.4369763
                ]
            },
            "properties": {
                "brand": "ザ・ビッグ",
                "brand:en": "THE BIG",
                "brand:ja": "ザ・ビッグ",
                "brand:wikidata": "Q11306676",
                "name": "ザ・ビッグ",
                "name:en": "THE BIG",
                "name:ja": "ザ・ビッグ",
                "shop": "supermarket",
                "osm_type": "node",
                "osm_id": 9612842614,
                "tag": "shop=supermarket"
            }
        },
        {
            "type": "Feature",
            "geometry": {
                "type": "Point",
                "coordinates": [
                    137.7197723,
                    34.6783956
                ]
            },
            "properties": {
                "level": "0",
                "name": "こずえ食品",
                "shop": "supermarket",
                "osm_type": "node",
                "osm_id": 9643355994,
                "tag": "shop=supermarket"
            }
        },
        {
            "type": "Feature",
            "geometry": {
                "type": "Point",
                "coordinates": [
                    136.8991116,
                    35.1376421
                ]
            },
            "properties": {
                "name": "SaPoRe",
                "shop": "supermarket",
                "osm_type": "node",
                "osm_id": 9691392003,
                "tag": "shop=supermarket"
            }
        },
        {
            "type": "Feature",
            "geometry": {
                "type": "Point",
                "coordinates": [
                    137.4164833,
                    35.4451885
                ]
            },
            "properties": {
                "brand": "バロー",
                "brand:en": "Valor",
                "brand:ja": "バロー",
                "brand:wikidata": "Q11328346",
                "name": "バロー",
                "name:en": "Valor",
                "name:ja": "バロー",
                "shop": "supermarket",
                "osm_type": "node",
                "osm_id": 9725660536,
                "tag": "shop=supermarket"
            }
        },
        {
            "type": "Feature",
            "geometry": {
                "type": "Point",
                "coordinates": [
                    137.4138953,
                    35.4479573
                ]
            },
            "properties": {
                "branch": "恵那",
                "brand": "ドン・キホーテ",
                "brand:en": "Don Quijote",
                "brand:ja": "ドン・キホーテ",
                "brand:wikidata": "Q1185381",
                "check_date": "2022-10-29",
                "internet_access:fee": "no",
                "internet_access:ssid": "DONKI_Free_Wi-Fi",
                "name": "MEGAドン・キホーテUNY",
                "name:en": "MEGA Don Quijote UNY",
                "name:ja": "MEGAドン・キホーテUNY",
                "opening_hours": "24/7",
                "operator": "UDリテール",
                "operator:en": "UD Retail",
                "operator:ja": "UDリテール",
                "operator:wikidata": "Q65232987",
                "phone": "+81 0570-094-711",
                "shop": "supermarket",
                "short_name": "MEGAドンキ",
                "short_name:en": "MegaDonki",
                "short_name:ja": "MEGAドンキ",
                "website": "https://www.donki.com/store/shop_detail.php?shop_id=533",
                "osm_type": "node",
                "osm_id": 9725718486,
                "tag": "shop=supermarket"
            }
        },
        {
            "type": "Feature",
            "geometry": {
                "type": "Point",
                "coordinates": [
                    137.4987738,
                    35.3004184
                ]
            },
            "properties": {
                "name": "いかだや",
                "name:en": "Ikadaya",
                "shop": "supermarket",
                "osm_type": "node",
                "osm_id": 9725983402,
                "tag": "shop=supermarket"
            }
        },
        {
            "type": "Feature",
            "geometry": {
                "type": "Point",
                "coordinates": [
                    137.4096236,
                    35.4485868
                ]
            },
            "properties": {
                "alt_name:en": "Co-op",
                "branch": "恵那店",
                "brand": "コープ",
                "brand:en": "CO・OP",
                "brand:ja": "コープ",
                "brand:wikidata": "Q11508615",
                "name": "コープ",
                "name:en": "CO・OP",
                "name:ja": "コープ",
                "official_name": "日本生活協同組合連合会",
                "official_name:en": "Japanese Consumers' Co-operative Union",
                "phone": "+81 0120-057-302",
                "shop": "supermarket",
                "website": "https://www.coop-gifu.jp/",
                "osm_type": "node",
                "osm_id": 9736249847,
                "tag": "shop=supermarket"
            }
        },
        {
            "type": "Feature",
            "geometry": {
                "type": "Point",
                "coordinates": [
                    137.410591,
                    35.4470269
                ]
            },
            "properties": {
                "branch": "恵那店",
                "name": "カネスエ",
                "name:en": "Kanesue",
                "shop": "supermarket",
                "osm_type": "node",
                "osm_id": 9736249852,
                "tag": "shop=supermarket"
            }
        },
        {
            "type": "Feature",
            "geometry": {
                "type": "Point",
                "coordinates": [
                    137.4108614,
                    35.4523684
                ]
            },
            "properties": {
                "addr:floor": "1",
                "branch": "恵那店",
                "brand": "バロー",
                "brand:en": "Valor",
                "brand:ja": "バロー",
                "brand:wikidata": "Q11328346",
                "check_date": "2022-10-29",
                "level": "0",
                "name": "バロー",
                "name:en": "Valor",
                "name:ja": "バロー",
                "shop": "supermarket",
                "osm_type": "node",
                "osm_id": 9736991823,
                "tag": "shop=supermarket"
            }
        },
        {
            "type": "Feature",
            "geometry": {
                "type": "Point",
                "coordinates": [
                    136.8245324,
                    35.1968018
                ]
            },
            "properties": {
                "name": "Yストア",
                "shop": "supermarket",
                "osm_type": "node",
                "osm_id": 9852214146,
                "tag": "shop=supermarket"
            }
        },
        {
            "type": "Feature",
            "geometry": {
                "type": "Point",
                "coordinates": [
                    136.7463438,
                    35.4332849
                ]
            },
            "properties": {
                "name:en": "Frante",
                "shop": "supermarket",
                "osm_type": "node",
                "osm_id": 9868656718,
                "tag": "shop=supermarket"
            }
        },
        {
            "type": "Feature",
            "geometry": {
                "type": "Point",
                "coordinates": [
                    136.6929115,
                    35.4272474
                ]
            },
            "properties": {
                "name:en": "FamilyMart",
                "shop": "supermarket",
                "osm_type": "node",
                "osm_id": 9868656719,
                "tag": "shop=supermarket"
            }
        },
        {
            "type": "Feature",
            "geometry": {
                "type": "Point",
                "coordinates": [
                    137.1547498,
                    34.9390158
                ]
            },
            "properties": {
                "name": "アオキスーパー",
                "shop": "supermarket",
                "osm_type": "node",
                "osm_id": 9937409836,
                "tag": "shop=supermarket"
            }
        },
        {
            "type": "Feature",
            "geometry": {
                "type": "Point",
                "coordinates": [
                    137.0633088,
                    35.2106425
                ]
            },
            "properties": {
                "addr:province": "愛知県",
                "name": "生鮮館　やまひこ",
                "shop": "supermarket",
                "osm_type": "node",
                "osm_id": 9967111584,
                "tag": "shop=supermarket"
            }
        },
        {
            "type": "Feature",
            "geometry": {
                "type": "Point",
                "coordinates": [
                    137.0152161,
                    35.2404613
                ]
            },
            "properties": {
                "brand": "マックスバリュ",
                "brand:en": "MaxValu",
                "brand:ja": "マックスバリュ",
                "brand:wikidata": "Q11340427",
                "name": "マックスバリュ",
                "name:en": "MaxValu",
                "name:ja": "マックスバリュ",
                "shop": "supermarket",
                "osm_type": "node",
                "osm_id": 10057409672,
                "tag": "shop=supermarket"
            }
        },
        {
            "type": "Feature",
            "geometry": {
                "type": "Point",
                "coordinates": [
                    137.0258912,
                    35.2475314
                ]
            },
            "properties": {
                "brand": "バロー",
                "brand:en": "Valor",
                "brand:ja": "バロー",
                "brand:wikidata": "Q11328346",
                "brand:wikipedia": "ja:バロー (チェーンストア)",
                "mapillary": "643570603295342",
                "name": "バロー",
                "name:en": "Valor",
                "name:ja": "バロー",
                "shop": "supermarket",
                "osm_type": "node",
                "osm_id": 10057429251,
                "tag": "shop=supermarket"
            }
        },
        {
            "type": "Feature",
            "geometry": {
                "type": "Point",
                "coordinates": [
                    137.8164522,
                    35.5007538
                ]
            },
            "properties": {
                "branch": "飯田アップルロード店",
                "brand": "イオン",
                "brand:en": "AEON",
                "brand:ja": "イオン",
                "brand:wikidata": "Q11285951",
                "brand:wikipedia": "ja:イオン (店舗ブランド)",
                "building": "retail",
                "name": "イオン",
                "name:en": "AEON",
                "name:ja": "イオン",
                "shop": "supermarket",
                "osm_type": "node",
                "osm_id": 10099993519,
                "tag": "shop=supermarket"
            }
        },
        {
            "type": "Feature",
            "geometry": {
                "type": "Point",
                "coordinates": [
                    136.8092117,
                    35.1633631
                ]
            },
            "properties": {
                "brand": "バロー",
                "brand:en": "Valor",
                "brand:ja": "バロー",
                "brand:wikidata": "Q11328346",
                "brand:wikipedia": "ja:バロー (チェーンストア)",
                "name": "バロー",
                "name:en": "Valor",
                "name:ja": "バロー",
                "shop": "supermarket",
                "osm_type": "node",
                "osm_id": 10180062708,
                "tag": "shop=supermarket"
            }
        },
        {
            "type": "Feature",
            "geometry": {
                "type": "Point",
                "coordinates": [
                    137.726892,
                    34.7287715
                ]
            },
            "properties": {
                "brand": "マックスバリュ",
                "brand:en": "MaxValu",
                "brand:ja": "マックスバリュ",
                "brand:wikidata": "Q11340427",
                "name": "マックスバリュ",
                "name:en": "MaxValu",
                "name:ja": "マックスバリュ",
                "opening_hours": "24/7",
                "payment:cash": "yes",
                "payment:credit_cards": "yes",
                "payment:waon": "yes",
                "phone": "053-473-1607",
                "shop": "supermarket",
                "osm_type": "node",
                "osm_id": 10203445326,
                "tag": "shop=supermarket"
            }
        },
        {
            "type": "Feature",
            "geometry": {
                "type": "Point",
                "coordinates": [
                    136.8973749,
                    35.195189
                ]
            },
            "properties": {
                "addr:block_number": "5-9",
                "addr:city": "西区",
                "addr:county": "名古屋市",
                "addr:neighbourhood": "４丁目",
                "addr:province": "愛知県",
                "addr:quarter": "上名古屋",
                "name": "アオキスーパー 上名古屋店",
                "shop": "supermarket",
                "osm_type": "node",
                "osm_id": 10244814184,
                "tag": "shop=supermarket"
            }
        },
        {
            "type": "Feature",
            "geometry": {
                "type": "Point",
                "coordinates": [
                    136.9760294,
                    35.1970376
                ]
            },
            "properties": {
                "addr:block_number": "603",
                "addr:city": "名古屋市",
                "addr:housenumber": "1",
                "addr:neighbourhood": "一丁目",
                "addr:province": "愛知県",
                "addr:quarter": "小幡南一丁目",
                "addr:suburb": "守山区",
                "name": "フェルナ 小幡南店",
                "opening_hours": "9:00-20:00",
                "operator": "カネスエ",
                "shop": "supermarket",
                "osm_type": "node",
                "osm_id": 10264234146,
                "tag": "shop=supermarket"
            }
        },
        {
            "type": "Feature",
            "geometry": {
                "type": "Point",
                "coordinates": [
                    136.9073223,
                    35.1758613
                ]
            },
            "properties": {
                "name": "Kitsch et Bio",
                "shop": "supermarket",
                "osm_type": "node",
                "osm_id": 10285463558,
                "tag": "shop=supermarket"
            }
        },
        {
            "type": "Feature",
            "geometry": {
                "type": "Point",
                "coordinates": [
                    137.0202164,
                    35.1013747
                ]
            },
            "properties": {
                "branch": "白土店",
                "brand": "ヤマナカ",
                "brand:en": "Yamanaka",
                "brand:ja": "ヤマナカ",
                "brand:wikidata": "Q11345199",
                "name": "ヤマナカ",
                "name:en": "Yamanaka",
                "name:ja": "ヤマナカ",
                "shop": "supermarket",
                "osm_type": "node",
                "osm_id": 10290625132,
                "tag": "shop=supermarket"
            }
        },
        {
            "type": "Feature",
            "geometry": {
                "type": "Point",
                "coordinates": [
                    137.0137478,
                    35.0992537
                ]
            },
            "properties": {
                "branch": "神の倉店",
                "name": "コノミヤ",
                "name:en": "Konomiya",
                "name:ja": "コノミヤ",
                "shop": "supermarket",
                "osm_type": "node",
                "osm_id": 10302320573,
                "tag": "shop=supermarket"
            }
        },
        {
            "type": "Feature",
            "geometry": {
                "type": "Point",
                "coordinates": [
                    137.3886669,
                    34.7298751
                ]
            },
            "properties": {
                "brand": "オークワ",
                "brand:en": "Okuwa",
                "brand:ja": "オークワ",
                "brand:wikidata": "Q11293166",
                "name": "オークワ",
                "name:en": "Okuwa",
                "name:ja": "オークワ",
                "shop": "supermarket",
                "osm_type": "node",
                "osm_id": 10314125144,
                "tag": "shop=supermarket"
            }
        },
        {
            "type": "Feature",
            "geometry": {
                "type": "Point",
                "coordinates": [
                    137.0742229,
                    34.9775843
                ]
            },
            "properties": {
                "name": "バロー 安城店",
                "shop": "supermarket",
                "osm_type": "node",
                "osm_id": 10314824799,
                "tag": "shop=supermarket"
            }
        },
        {
            "type": "Feature",
            "geometry": {
                "type": "Point",
                "coordinates": [
                    136.9503406,
                    35.078662
                ]
            },
            "properties": {
                "name": "ヤマダイ Verde",
                "name:en": "Yamadai Verde",
                "name:ja": "ヤマダイ Verde",
                "shop": "supermarket",
                "osm_type": "node",
                "osm_id": 10560872845,
                "tag": "shop=supermarket"
            }
        },
        {
            "type": "Feature",
            "geometry": {
                "type": "Point",
                "coordinates": [
                    136.8913076,
                    35.1993374
                ]
            },
            "properties": {
                "brand": "ヤマナカ",
                "brand:en": "Yamanaka",
                "brand:ja": "ヤマナカ",
                "brand:wikidata": "Q11345199",
                "name": "ヤマナカ",
                "name:en": "Yamanaka",
                "name:ja": "ヤマナカ",
                "shop": "supermarket",
                "osm_type": "node",
                "osm_id": 10579284050,
                "tag": "shop=supermarket"
            }
        },
        {
            "type": "Feature",
            "geometry": {
                "type": "Point",
                "coordinates": [
                    137.1663741,
                    35.121075
                ]
            },
            "properties": {
                "brand": "マックスバリュ",
                "brand:en": "MaxValu",
                "brand:ja": "マックスバリュ",
                "brand:wikidata": "Q11340427",
                "name": "マックスバリュ",
                "name:en": "MaxValu",
                "name:ja": "マックスバリュ",
                "shop": "supermarket",
                "osm_type": "node",
                "osm_id": 10610580620,
                "tag": "shop=supermarket"
            }
        },
        {
            "type": "Feature",
            "geometry": {
                "type": "Point",
                "coordinates": [
                    137.162374,
                    35.0934649
                ]
            },
            "properties": {
                "brand": "ヤマナカ",
                "brand:en": "Yamanaka",
                "brand:ja": "ヤマナカ",
                "brand:wikidata": "Q11345199",
                "name": "ヤマナカ",
                "name:en": "Yamanaka",
                "name:ja": "ヤマナカ",
                "shop": "supermarket",
                "osm_type": "node",
                "osm_id": 10610580652,
                "tag": "shop=supermarket"
            }
        },
        {
            "type": "Feature",
            "geometry": {
                "type": "Point",
                "coordinates": [
                    137.1564689,
                    35.0866527
                ]
            },
            "properties": {
                "brand": "成城石井",
                "brand:en": "Seijo Ishii",
                "brand:ja": "成城石井",
                "brand:wikidata": "Q11495410",
                "name": "成城石井",
                "name:en": "Seijo Ishii",
                "name:ja": "成城石井",
                "shop": "supermarket",
                "osm_type": "node",
                "osm_id": 10610580660,
                "tag": "shop=supermarket"
            }
        },
        {
            "type": "Feature",
            "geometry": {
                "type": "Point",
                "coordinates": [
                    137.1629493,
                    35.0744161
                ]
            },
            "properties": {
                "name": "えぷろん生鮮館リブレ元宮店",
                "shop": "supermarket",
                "osm_type": "node",
                "osm_id": 10610580672,
                "tag": "shop=supermarket"
            }
        },
        {
            "type": "Feature",
            "geometry": {
                "type": "Point",
                "coordinates": [
                    137.498895,
                    35.4803985
                ]
            },
            "properties": {
                "name:en": "Supermarket",
                "shop": "supermarket",
                "osm_type": "node",
                "osm_id": 10810849907,
                "tag": "shop=supermarket"
            }
        },
        {
            "type": "Feature",
            "geometry": {
                "type": "Point",
                "coordinates": [
                    137.4206943,
                    34.8525757
                ]
            },
            "properties": {
                "name": "クックマート",
                "shop": "supermarket",
                "osm_type": "node",
                "osm_id": 10813067234,
                "tag": "shop=supermarket"
            }
        },
        {
            "type": "Feature",
            "geometry": {
                "type": "Point",
                "coordinates": [
                    136.812815,
                    35.2104886
                ]
            },
            "properties": {
                "addr:block_number": "11",
                "addr:city": "あま市",
                "addr:housenumber": "14",
                "addr:neighbourhood": "森四丁目",
                "addr:postcode": "490-1107",
                "addr:province": "愛知県",
                "atm": "yes",
                "branch": "甚目寺店",
                "name": "ロビン・フッド",
                "opening_hours": "Mo-Su 09:00-21:00; PH 09:00-21:00",
                "phone": "0570-009-135",
                "shop": "supermarket",
                "toilets": "yes",
                "website": "https://www.robinhood-food.jp/",
                "osm_type": "node",
                "osm_id": 10816111259,
                "tag": "shop=supermarket"
            }
        },
        {
            "type": "Feature",
            "geometry": {
                "type": "Point",
                "coordinates": [
                    136.9957902,
                    35.0529766
                ]
            },
            "properties": {
                "alt_name:en": "Co-op",
                "branch": "とよあけ店",
                "brand": "コープ",
                "brand:en": "CO・OP",
                "brand:ja": "コープ",
                "brand:wikidata": "Q11508615",
                "contact:website": "https://coopaichi.tcoop.or.jp/",
                "level": "-1",
                "name": "コープ",
                "name:en": "CO・OP",
                "name:ja": "コープ",
                "official_name": "日本生活協同組合連合会",
                "official_name:en": "Japanese Consumers' Co-operative Union",
                "official_name:ja": "日本生活協同組合連合会",
                "operator": "コープあいち",
                "shop": "supermarket",
                "osm_type": "node",
                "osm_id": 10962961451,
                "tag": "shop=supermarket"
            }
        },
        {
            "type": "Feature",
            "geometry": {
                "type": "Point",
                "coordinates": [
                    136.8352123,
                    34.8902718
                ]
            },
            "properties": {
                "name:en": "M Shopping Foods Market",
                "shop": "supermarket",
                "osm_type": "node",
                "osm_id": 11005717619,
                "tag": "shop=supermarket"
            }
        },
        {
            "type": "Feature",
            "geometry": {
                "type": "Point",
                "coordinates": [
                    136.8402027,
                    34.8822989
                ]
            },
            "properties": {
                "name": "Ishihara",
                "shop": "supermarket",
                "osm_type": "node",
                "osm_id": 11052293584,
                "tag": "shop=supermarket"
            }
        },
        {
            "type": "Feature",
            "geometry": {
                "type": "Point",
                "coordinates": [
                    136.8501206,
                    34.8894457
                ]
            },
            "properties": {
                "name": "Genky Food & Drug",
                "shop": "supermarket",
                "osm_type": "node",
                "osm_id": 11062653495,
                "tag": "shop=supermarket"
            }
        },
        {
            "type": "Feature",
            "geometry": {
                "type": "Point",
                "coordinates": [
                    136.8491444,
                    34.8901387
                ]
            },
            "properties": {
                "name": "Feel",
                "shop": "supermarket",
                "osm_type": "node",
                "osm_id": 11076447680,
                "tag": "shop=supermarket"
            }
        },
        {
            "type": "Feature",
            "geometry": {
                "type": "Point",
                "coordinates": [
                    136.8381893,
                    34.8995834
                ]
            },
            "properties": {
                "brand": "バロー",
                "brand:en": "Valor",
                "brand:ja": "バロー",
                "brand:wikidata": "Q11328346",
                "name": "バロー",
                "name:en": "Valor",
                "name:ja": "バロー",
                "shop": "supermarket",
                "osm_type": "node",
                "osm_id": 11092645843,
                "tag": "shop=supermarket"
            }
        },
        {
            "type": "Feature",
            "geometry": {
                "type": "Point",
                "coordinates": [
                    136.9876424,
                    35.0882925
                ]
            },
            "properties": {
                "branch": "滝の水店",
                "name": "旬楽膳",
                "operator": "カネスエ",
                "shop": "supermarket",
                "osm_type": "node",
                "osm_id": 11115960704,
                "tag": "shop=supermarket"
            }
        },
        {
            "type": "Feature",
            "geometry": {
                "type": "Point",
                "coordinates": [
                    137.1968796,
                    35.0993937
                ]
            },
            "properties": {
                "addr:city": "豊田市",
                "addr:postcode": "471-0006",
                "addr:province": "愛知県",
                "name": "やまのぶ 市木店",
                "phone": "0565887176",
                "shop": "supermarket",
                "osm_type": "node",
                "osm_id": 11133429675,
                "tag": "shop=supermarket"
            }
        },
        {
            "type": "Feature",
            "geometry": {
                "type": "Point",
                "coordinates": [
                    136.9614107,
                    35.1877087
                ]
            },
            "properties": {
                "name": "スーパーヤマト 大幸店",
                "shop": "supermarket",
                "osm_type": "node",
                "osm_id": 11133542634,
                "tag": "shop=supermarket"
            }
        },
        {
            "type": "Feature",
            "geometry": {
                "type": "Point",
                "coordinates": [
                    137.0822756,
                    34.9804978
                ]
            },
            "properties": {
                "check_date": "2023-08-29",
                "name": "ドミーヤマナカ",
                "shop": "supermarket",
                "osm_type": "node",
                "osm_id": 11152216679,
                "tag": "shop=supermarket"
            }
        },
        {
            "type": "Feature",
            "geometry": {
                "type": "Point",
                "coordinates": [
                    136.8742157,
                    35.2210707
                ]
            },
            "properties": {
                "addr:block_number": "380番地",
                "addr:city": "名古屋市",
                "addr:neighbourhood": "四丁目",
                "addr:province": "愛知県",
                "addr:quarter": "中小田井",
                "addr:suburb": "西区",
                "brand": "バロー",
                "brand:en": "Valor",
                "brand:ja": "バロー",
                "brand:wikidata": "Q11328346",
                "name": "バロー",
                "name:en": "Valor",
                "name:ja": "バロー",
                "shop": "supermarket",
                "osm_type": "node",
                "osm_id": 11201771584,
                "tag": "shop=supermarket"
            }
        },
        {
            "type": "Feature",
            "geometry": {
                "type": "Point",
                "coordinates": [
                    136.9845831,
                    35.1029288
                ]
            },
            "properties": {
                "name": "フィール もも山店",
                "shop": "supermarket",
                "osm_type": "node",
                "osm_id": 11330696735,
                "tag": "shop=supermarket"
            }
        },
        {
            "type": "Feature",
            "geometry": {
                "type": "Point",
                "coordinates": [
                    137.1594714,
                    34.9320859
                ]
            },
            "properties": {
                "brand": "業務スーパー",
                "brand:en": "Gyomu Super",
                "brand:ja": "業務スーパー",
                "brand:ja-Latn": "Gyōmu sūpā",
                "brand:wikidata": "Q11590183",
                "check_date": "2023-11-09",
                "name": "業務スーパー",
                "name:en": "Gyomu Super",
                "name:ja": "業務スーパー",
                "name:ja-Latn": "Gyōmu sūpā",
                "shop": "supermarket",
                "osm_type": "node",
                "osm_id": 11335652218,
                "tag": "shop=supermarket"
            }
        },
        {
            "type": "Feature",
            "geometry": {
                "type": "Point",
                "coordinates": [
                    137.1146348,
                    35.3451062
                ]
            },
            "properties": {
                "building": "yes",
                "name": "アミカ",
                "shop": "supermarket",
                "osm_type": "node",
                "osm_id": 11355592315,
                "tag": "shop=supermarket"
            }
        },
        {
            "type": "Feature",
            "geometry": {
                "type": "Point",
                "coordinates": [
                    136.8624668,
                    35.2281308
                ]
            },
            "properties": {
                "name": "コノミヤ",
                "shop": "supermarket",
                "osm_type": "node",
                "osm_id": 11365696062,
                "tag": "shop=supermarket"
            }
        },
        {
            "type": "Feature",
            "geometry": {
                "type": "Point",
                "coordinates": [
                    137.7083958,
                    34.6878861
                ]
            },
            "properties": {
                "description": "お惣菜 キムチ 冷凍肉 中国物産",
                "level": "0",
                "name": "WATANABE青果",
                "shop": "supermarket",
                "osm_type": "node",
                "osm_id": 11383732640,
                "tag": "shop=supermarket"
            }
        },
        {
            "type": "Feature",
            "geometry": {
                "type": "Point",
                "coordinates": [
                    136.8675514,
                    35.2010475
                ]
            },
            "properties": {
                "brand": "ヤマナカ",
                "brand:en": "Yamanaka",
                "brand:ja": "ヤマナカ",
                "brand:wikidata": "Q11345199",
                "name": "ヤマナカ",
                "name:en": "Yamanaka",
                "name:ja": "ヤマナカ",
                "shop": "supermarket",
                "osm_type": "node",
                "osm_id": 11448958551,
                "tag": "shop=supermarket"
            }
        },
        {
            "type": "Feature",
            "geometry": {
                "type": "Point",
                "coordinates": [
                    137.1048942,
                    35.3495818
                ]
            },
            "properties": {
                "brand": "ロピア",
                "brand:en": "Lopia",
                "brand:ja": "ロピア",
                "brand:wikidata": "Q11350624",
                "name": "ロピア",
                "name:en": "Lopia",
                "name:ja": "ロピア",
                "shop": "supermarket",
                "osm_type": "node",
                "osm_id": 11502640433,
                "tag": "shop=supermarket"
            }
        },
        {
            "type": "Feature",
            "geometry": {
                "type": "Point",
                "coordinates": [
                    137.0558185,
                    35.2060864
                ]
            },
            "properties": {
                "addr:city": "瀬戸市",
                "addr:province": "愛知県",
                "branch": "瀬戸西店",
                "brand": "バロー",
                "brand:en": "Valor",
                "brand:ja": "バロー",
                "brand:wikidata": "Q11328346",
                "name": "バロー",
                "name:en": "Valor",
                "name:ja": "バロー",
                "shop": "supermarket",
                "osm_type": "node",
                "osm_id": 11612181779,
                "tag": "shop=supermarket"
            }
        },
        {
            "type": "Feature",
            "geometry": {
                "type": "Point",
                "coordinates": [
                    137.0475013,
                    35.2153432
                ]
            },
            "properties": {
                "check_date": "2026-02-21",
                "name": "フィール",
                "shop": "supermarket",
                "osm_type": "node",
                "osm_id": 11612244717,
                "tag": "shop=supermarket"
            }
        },
        {
            "type": "Feature",
            "geometry": {
                "type": "Point",
                "coordinates": [
                    137.6907205,
                    34.7708891
                ]
            },
            "properties": {
                "name": "LAY",
                "name:ja": "アジアンフード レイ",
                "shop": "supermarket",
                "osm_type": "node",
                "osm_id": 11694044168,
                "tag": "shop=supermarket"
            }
        },
        {
            "type": "Feature",
            "geometry": {
                "type": "Point",
                "coordinates": [
                    137.126723,
                    35.3320393
                ]
            },
            "properties": {
                "name": "トーヨーケン",
                "shop": "supermarket",
                "osm_type": "node",
                "osm_id": 11810701286,
                "tag": "shop=supermarket"
            }
        },
        {
            "type": "Feature",
            "geometry": {
                "type": "Point",
                "coordinates": [
                    136.9758733,
                    35.1065263
                ]
            },
            "properties": {
                "addr:block_number": "１４８",
                "addr:city": "名古屋市天白区",
                "addr:housenumber": "相生山団地 52 号棟 101号室",
                "addr:neighbourhood": "久方１丁目",
                "addr:postcode": "4680034",
                "addr:province": "愛知県",
                "currency:JPY": "yes",
                "internet_access": "no",
                "name": "BRIDGE 2号店",
                "opening_hours": "Mo-Fr 09:00-18:00",
                "operator": "myConsulting",
                "payment:american_express": "yes",
                "payment:cash": "yes",
                "payment:credit_cards": "yes",
                "payment:jcb": "yes",
                "payment:mastercard": "yes",
                "payment:notes": "yes",
                "payment:visa": "yes",
                "phone": "08070150915",
                "shop": "supermarket",
                "toilets": "yes",
                "website": "https://bridge-nagoya.com/",
                "osm_type": "node",
                "osm_id": 11818668053,
                "tag": "shop=supermarket"
            }
        },
        {
            "type": "Feature",
            "geometry": {
                "type": "Point",
                "coordinates": [
                    136.8997062,
                    35.1190183
                ]
            },
            "properties": {
                "brand": "マックスバリュ",
                "brand:en": "MaxValu",
                "brand:ja": "マックスバリュ",
                "brand:wikidata": "Q11340427",
                "name": "マックスバリュ",
                "name:en": "MaxValu",
                "name:ja": "マックスバリュ",
                "shop": "supermarket",
                "osm_type": "node",
                "osm_id": 11882935922,
                "tag": "shop=supermarket"
            }
        },
        {
            "type": "Feature",
            "geometry": {
                "type": "Point",
                "coordinates": [
                    137.7496294,
                    34.7466121
                ]
            },
            "properties": {
                "branch": "浜松有玉南店",
                "brand": "西友",
                "brand:en": "Seiyu",
                "brand:ja": "西友",
                "brand:wikidata": "Q3108542",
                "brand:wikipedia": "en:Seiyu Group",
                "name": "西友",
                "name:en": "Seiyu",
                "name:ja": "西友",
                "name:ja_rm": "Seiyu",
                "opening_hours": "24/7",
                "shop": "supermarket",
                "osm_type": "node",
                "osm_id": 11886831667,
                "tag": "shop=supermarket"
            }
        },
        {
            "type": "Feature",
            "geometry": {
                "type": "Point",
                "coordinates": [
                    136.9179618,
                    35.0750834
                ]
            },
            "properties": {
                "branch": "柴田店",
                "brand": "ヤマナカ",
                "brand:en": "Yamanaka",
                "brand:ja": "ヤマナカ",
                "brand:wikidata": "Q11345199",
                "name": "ヤマナカ",
                "name:en": "Yamanaka",
                "name:ja": "ヤマナカ",
                "shop": "supermarket",
                "osm_type": "node",
                "osm_id": 11888393872,
                "tag": "shop=supermarket"
            }
        },
        {
            "type": "Feature",
            "geometry": {
                "type": "Point",
                "coordinates": [
                    136.9618146,
                    35.0711628
                ]
            },
            "properties": {
                "brand": "MaxValu",
                "name": "マックスバリュ",
                "name:en": "MaxValu",
                "name:ja": "マックスバリュ",
                "name:ja-Hira": "まっくすばりゅ",
                "name:ja-Latn": "Makkusubaryu",
                "shop": "supermarket",
                "osm_type": "node",
                "osm_id": 11890405642,
                "tag": "shop=supermarket"
            }
        },
        {
            "type": "Feature",
            "geometry": {
                "type": "Point",
                "coordinates": [
                    136.9151675,
                    35.1233261
                ]
            },
            "properties": {
                "name": "アオキスーパー",
                "shop": "supermarket",
                "osm_type": "node",
                "osm_id": 11934863242,
                "tag": "shop=supermarket"
            }
        },
        {
            "type": "Feature",
            "geometry": {
                "type": "Point",
                "coordinates": [
                    136.9817726,
                    35.2381395
                ]
            },
            "properties": {
                "check_date": "2024-05-29",
                "name": "ウオトク",
                "name:ja": "ウオトク",
                "shop": "supermarket",
                "osm_type": "node",
                "osm_id": 11943854062,
                "tag": "shop=supermarket"
            }
        },
        {
            "type": "Feature",
            "geometry": {
                "type": "Point",
                "coordinates": [
                    136.9822942,
                    35.2585249
                ]
            },
            "properties": {
                "brand": "西友",
                "brand:en": "Seiyu",
                "brand:ja": "西友",
                "brand:wikidata": "Q3108542",
                "level": "0",
                "name": "西友",
                "name:en": "Seiyu",
                "name:ja": "西友",
                "shop": "supermarket",
                "osm_type": "node",
                "osm_id": 11983584079,
                "tag": "shop=supermarket"
            }
        },
        {
            "type": "Feature",
            "geometry": {
                "type": "Point",
                "coordinates": [
                    136.8563921,
                    35.3525333
                ]
            },
            "properties": {
                "name": "スーパーヤマト",
                "shop": "supermarket",
                "osm_type": "node",
                "osm_id": 12026563819,
                "tag": "shop=supermarket"
            }
        },
        {
            "type": "Feature",
            "geometry": {
                "type": "Point",
                "coordinates": [
                    136.9162657,
                    35.1425764
                ]
            },
            "properties": {
                "name": "FEEL",
                "shop": "supermarket",
                "osm_type": "node",
                "osm_id": 12035201442,
                "tag": "shop=supermarket"
            }
        },
        {
            "type": "Feature",
            "geometry": {
                "type": "Point",
                "coordinates": [
                    137.711303,
                    34.6786665
                ]
            },
            "properties": {
                "branch": "浜松新橋店",
                "brand": "MaxValu",
                "brand:wikidata": "Q11340427",
                "name": "マックスバリュ",
                "name:en": "MaxValu",
                "opening_hours": "24/7",
                "shop": "supermarket",
                "osm_type": "node",
                "osm_id": 12100752760,
                "tag": "shop=supermarket"
            }
        },
        {
            "type": "Feature",
            "geometry": {
                "type": "Point",
                "coordinates": [
                    136.9161808,
                    35.3481976
                ]
            },
            "properties": {
                "addr:block_number": "754",
                "addr:city": "大口町",
                "addr:county": "丹羽郡",
                "addr:neighbourhood": "上小口一丁目",
                "addr:province": "愛知県",
                "branch": "大口店",
                "brand": "バロー",
                "brand:en": "Valor",
                "brand:ja": "バロー",
                "brand:wikidata": "Q11328346",
                "fax": "+81 0587 96 1611",
                "name": "バロー",
                "name:en": "Valor",
                "name:ja": "バロー",
                "name:ja-Hira": "ばろーまえ",
                "operator": "株式会社バロー",
                "phone": "+81 0587 96 1610",
                "ref:JP:invoice_issuer": "T8200001031520",
                "shop": "supermarket",
                "website": "https://valor.jp/stores/174/",
                "osm_type": "node",
                "osm_id": 12118322544,
                "tag": "shop=supermarket"
            }
        },
        {
            "type": "Feature",
            "geometry": {
                "type": "Point",
                "coordinates": [
                    137.022924,
                    35.1357578
                ]
            },
            "properties": {
                "name": "平和堂日進香久山店",
                "shop": "supermarket",
                "osm_type": "node",
                "osm_id": 12147613643,
                "tag": "shop=supermarket"
            }
        },
        {
            "type": "Feature",
            "geometry": {
                "type": "Point",
                "coordinates": [
                    136.6364415,
                    35.0176238
                ]
            },
            "properties": {
                "check_date": "2024-10-05",
                "name": "F★MART",
                "shop": "supermarket",
                "osm_type": "node",
                "osm_id": 12223624144,
                "tag": "shop=supermarket"
            }
        },
        {
            "type": "Feature",
            "geometry": {
                "type": "Point",
                "coordinates": [
                    136.8104336,
                    35.1997359
                ]
            },
            "properties": {
                "name": "アオキスーパー",
                "shop": "supermarket",
                "osm_type": "node",
                "osm_id": 12249979378,
                "tag": "shop=supermarket"
            }
        },
        {
            "type": "Feature",
            "geometry": {
                "type": "Point",
                "coordinates": [
                    137.0070407,
                    35.1235625
                ]
            },
            "properties": {
                "brand": "ピアゴ",
                "brand:en": "PIAGO",
                "brand:ja": "ピアゴ",
                "brand:wikidata": "Q91014434",
                "name": "ピアゴ",
                "name:en": "PIAGO",
                "name:ja": "ピアゴ",
                "shop": "supermarket",
                "osm_type": "node",
                "osm_id": 12314243348,
                "tag": "shop=supermarket"
            }
        },
        {
            "type": "Feature",
            "geometry": {
                "type": "Point",
                "coordinates": [
                    137.3503143,
                    34.8271014
                ]
            },
            "properties": {
                "addr:block_number": "1",
                "addr:city": "豊川市",
                "addr:housenumber": "16",
                "addr:neighbourhood": "兎足",
                "addr:postcode": "4420848",
                "addr:province": "愛知県",
                "addr:quarter": "白鳥町",
                "branch": "新豊川",
                "brand": "イオンスタイル",
                "brand:en": "AEON STYLE",
                "brand:ja": "イオンスタイル",
                "name": "イオンスタイル",
                "name:en": "AEONSTYLE",
                "name:ja": "イオンスタイル",
                "opening_hours": "Mo-Su 08:00-22:00",
                "operator": "イオンリテール",
                "shop": "supermarket",
                "osm_type": "node",
                "osm_id": 12366479424,
                "tag": "shop=supermarket"
            }
        },
        {
            "type": "Feature",
            "geometry": {
                "type": "Point",
                "coordinates": [
                    136.8001198,
                    35.1710631
                ]
            },
            "properties": {
                "branch": "七宝店",
                "name": "ナブコ",
                "shop": "supermarket",
                "osm_type": "node",
                "osm_id": 12369433815,
                "tag": "shop=supermarket"
            }
        },
        {
            "type": "Feature",
            "geometry": {
                "type": "Point",
                "coordinates": [
                    137.0097546,
                    35.1101261
                ]
            },
            "properties": {
                "name": "食品館トップ1",
                "shop": "supermarket",
                "osm_type": "node",
                "osm_id": 12413973974,
                "tag": "shop=supermarket"
            }
        },
        {
            "type": "Feature",
            "geometry": {
                "type": "Point",
                "coordinates": [
                    137.3617655,
                    34.6819581
                ]
            },
            "properties": {
                "brand": "MaxValu",
                "name": "マックスバリュ",
                "name:en": "MaxValu",
                "name:ja": "マックスバリュ",
                "name:ja-Hira": "まっくすばりゅ",
                "name:ja-Latn": "Makkusubaryu",
                "shop": "supermarket",
                "osm_type": "node",
                "osm_id": 12468457270,
                "tag": "shop=supermarket"
            }
        },
        {
            "type": "Feature",
            "geometry": {
                "type": "Point",
                "coordinates": [
                    136.8664761,
                    35.2507861
                ]
            },
            "properties": {
                "brand": "ピアゴ",
                "brand:en": "PIAGO",
                "brand:ja": "ピアゴ",
                "brand:wikidata": "Q91014434",
                "name": "ピアゴ",
                "name:en": "PIAGO",
                "name:ja": "ピアゴ",
                "shop": "supermarket",
                "osm_type": "node",
                "osm_id": 12629912362,
                "tag": "shop=supermarket"
            }
        },
        {
            "type": "Feature",
            "geometry": {
                "type": "Point",
                "coordinates": [
                    136.982576,
                    35.3012126
                ]
            },
            "properties": {
                "addr:block_number": "1",
                "addr:city": "小牧市",
                "addr:neighbourhood": "古雅一丁目",
                "addr:province": "愛知県",
                "brand": "ドン・キホーテ",
                "brand:en": "Don Quijote",
                "brand:ja": "ドン・キホーテ",
                "brand:wikidata": "Q1185381",
                "name": "ドン・キホーテUNY",
                "name:en": "Don Quijote UNY",
                "name:ja": "ドン・キホーテUNY",
                "opening_hours": "24/7",
                "operator": "UDリテール",
                "operator:en": "UD Retail",
                "operator:ja": "UDリテール",
                "operator:wikidata": "Q65232987",
                "shop": "supermarket",
                "short_name": "ドンキ",
                "short_name:en": "Donki",
                "short_name:ja": "ドンキ",
                "osm_type": "node",
                "osm_id": 12780163410,
                "tag": "shop=supermarket"
            }
        },
        {
            "type": "Feature",
            "geometry": {
                "type": "Point",
                "coordinates": [
                    136.9933561,
                    35.0521037
                ]
            },
            "properties": {
                "addr:block_number": "上姥子3ｰ213",
                "addr:city": "豊明市",
                "addr:neighbourhood": "栄町",
                "addr:postcode": "4701162",
                "addr:province": "愛知県",
                "name": "ヤマザキＹショップ桜ヶ丘店",
                "shop": "supermarket",
                "osm_type": "node",
                "osm_id": 12798355971,
                "tag": "shop=supermarket"
            }
        },
        {
            "type": "Feature",
            "geometry": {
                "type": "Point",
                "coordinates": [
                    136.9659868,
                    35.2428612
                ]
            },
            "properties": {
                "check_date": "2025-04-29",
                "name": "BONJING's",
                "shop": "supermarket",
                "osm_type": "node",
                "osm_id": 12799816746,
                "tag": "shop=supermarket"
            }
        },
        {
            "type": "Feature",
            "geometry": {
                "type": "Point",
                "coordinates": [
                    137.1595828,
                    34.9793636
                ]
            },
            "properties": {
                "addr:block_number": "3-6",
                "addr:city": "岡崎市",
                "addr:neighbourhood": "大樹寺1丁目",
                "addr:postcode": "4442134",
                "addr:province": "愛知県",
                "name": "アメタウン",
                "opening_hours": "10:00-19:30",
                "operator": "アメタウン",
                "payment:cash": "yes",
                "payment:credit_cards": "yes",
                "phone": "0564267882",
                "shop": "supermarket",
                "osm_type": "node",
                "osm_id": 12815840980,
                "tag": "shop=supermarket"
            }
        },
        {
            "type": "Feature",
            "geometry": {
                "type": "Point",
                "coordinates": [
                    136.9146652,
                    34.9608312
                ]
            },
            "properties": {
                "addr:block_number": "1-10",
                "addr:county": "知多郡",
                "addr:neighbourhood": "阿久比町白沢下カナクソ",
                "addr:province": "愛知県",
                "name": "カネスエ阿久比店",
                "opening_hours": "Mo-Su 08:00-21:00",
                "shop": "supermarket",
                "osm_type": "node",
                "osm_id": 12850061214,
                "tag": "shop=supermarket"
            }
        },
        {
            "type": "Feature",
            "geometry": {
                "type": "Point",
                "coordinates": [
                    137.7114152,
                    34.7047247
                ]
            },
            "properties": {
                "check_date": "2025-06-06",
                "name": "遠鉄ストア",
                "shop": "supermarket",
                "osm_type": "node",
                "osm_id": 12891879760,
                "tag": "shop=supermarket"
            }
        },
        {
            "type": "Feature",
            "geometry": {
                "type": "Point",
                "coordinates": [
                    136.9844975,
                    35.0906959
                ]
            },
            "properties": {
                "brand": "ヤマナカ",
                "brand:en": "Yamanaka",
                "brand:ja": "ヤマナカ",
                "brand:wikidata": "Q11345199",
                "name": "ヤマナカ",
                "name:en": "Yamanaka",
                "name:ja": "ヤマナカ",
                "shop": "supermarket",
                "osm_type": "node",
                "osm_id": 12903999017,
                "tag": "shop=supermarket"
            }
        },
        {
            "type": "Feature",
            "geometry": {
                "type": "Point",
                "coordinates": [
                    136.9675377,
                    35.0995697
                ]
            },
            "properties": {
                "name": "ゲンキー",
                "shop": "supermarket",
                "osm_type": "node",
                "osm_id": 12956097069,
                "tag": "shop=supermarket"
            }
        },
        {
            "type": "Feature",
            "geometry": {
                "type": "Point",
                "coordinates": [
                    136.947717,
                    35.0825298
                ]
            },
            "properties": {
                "branch": "緑浦里店",
                "name": "アミカ",
                "shop": "supermarket",
                "osm_type": "node",
                "osm_id": 12993799567,
                "tag": "shop=supermarket"
            }
        },
        {
            "type": "Feature",
            "geometry": {
                "type": "Point",
                "coordinates": [
                    136.8881892,
                    35.1865553
                ]
            },
            "properties": {
                "check_date": "2025-07-15",
                "name": "フィール",
                "shop": "supermarket",
                "osm_type": "node",
                "osm_id": 13001055621,
                "tag": "shop=supermarket"
            }
        },
        {
            "type": "Feature",
            "geometry": {
                "type": "Point",
                "coordinates": [
                    136.8400125,
                    35.4376038
                ]
            },
            "properties": {
                "brand": "バロー",
                "brand:en": "Valor",
                "brand:ja": "バロー",
                "brand:wikidata": "Q11328346",
                "name": "バロー",
                "name:en": "Valor",
                "name:ja": "バロー",
                "shop": "supermarket",
                "osm_type": "node",
                "osm_id": 13016803630,
                "tag": "shop=supermarket"
            }
        },
        {
            "type": "Feature",
            "geometry": {
                "type": "Point",
                "coordinates": [
                    136.8083279,
                    35.413181
                ]
            },
            "properties": {
                "name": "maxvalue",
                "opening_hours": "Mo-Su,PH 07:00-23:00",
                "shop": "supermarket",
                "osm_type": "node",
                "osm_id": 13042467831,
                "tag": "shop=supermarket"
            }
        },
        {
            "type": "Feature",
            "geometry": {
                "type": "Point",
                "coordinates": [
                    137.020652,
                    35.110834
                ]
            },
            "properties": {
                "brand": "業務スーパー",
                "brand:en": "Gyomu Super",
                "brand:ja": "業務スーパー",
                "brand:ja-Latn": "Gyōmu sūpā",
                "brand:wikidata": "Q105687460",
                "name": "業務スーパー",
                "name:en": "Gyomu Super",
                "name:ja": "業務スーパー",
                "name:ja-Latn": "Gyōmu sūpā",
                "shop": "supermarket",
                "osm_type": "node",
                "osm_id": 13055402396,
                "tag": "shop=supermarket"
            }
        },
        {
            "type": "Feature",
            "geometry": {
                "type": "Point",
                "coordinates": [
                    136.8531341,
                    35.0854047
                ]
            },
            "properties": {
                "brand": "ナフコ",
                "brand:en": "Nafco",
                "brand:ja": "ナフコ",
                "brand:wikidata": "Q11323981",
                "name": "ナフコ宝神店",
                "name:en": "Nafco Houjin",
                "shop": "supermarket",
                "osm_type": "node",
                "osm_id": 13103125494,
                "tag": "shop=supermarket"
            }
        },
        {
            "type": "Feature",
            "geometry": {
                "type": "Point",
                "coordinates": [
                    137.6861475,
                    34.8116996
                ]
            },
            "properties": {
                "branch": "浜松ベル21店",
                "name": "カネスエ",
                "shop": "supermarket",
                "osm_type": "node",
                "osm_id": 13124207768,
                "tag": "shop=supermarket"
            }
        },
        {
            "type": "Feature",
            "geometry": {
                "type": "Point",
                "coordinates": [
                    136.9345707,
                    35.2324821
                ]
            },
            "properties": {
                "brand": "ヤマナカ",
                "brand:en": "Yamanaka",
                "brand:ja": "ヤマナカ",
                "brand:wikidata": "Q11345199",
                "check_date": "2025-09-13",
                "name": "ヤマナカ",
                "name:en": "Yamanaka",
                "name:ja": "ヤマナカ",
                "shop": "supermarket",
                "osm_type": "node",
                "osm_id": 13140838800,
                "tag": "shop=supermarket"
            }
        },
        {
            "type": "Feature",
            "geometry": {
                "type": "Point",
                "coordinates": [
                    137.7287692,
                    34.7050274
                ]
            },
            "properties": {
                "branch": "ザザシティ浜松店",
                "name": "カネスエ",
                "shop": "supermarket",
                "osm_type": "node",
                "osm_id": 13174618049,
                "tag": "shop=supermarket"
            }
        },
        {
            "type": "Feature",
            "geometry": {
                "type": "Point",
                "coordinates": [
                    137.1652696,
                    34.9900689
                ]
            },
            "properties": {
                "branch": "アルテ岡崎北",
                "brand": "ヤマナカ",
                "brand:en": "Yamanaka",
                "brand:ja": "ヤマナカ",
                "brand:wikidata": "Q11345199",
                "name": "ヤマナカ",
                "name:en": "Yamanaka",
                "name:ja": "ヤマナカ",
                "shop": "supermarket",
                "osm_type": "node",
                "osm_id": 13208641100,
                "tag": "shop=supermarket"
            }
        },
        {
            "type": "Feature",
            "geometry": {
                "type": "Point",
                "coordinates": [
                    137.7584959,
                    34.709827
                ]
            },
            "properties": {
                "name": "中国物産 盛宏",
                "shop": "supermarket",
                "osm_type": "node",
                "osm_id": 13242232886,
                "tag": "shop=supermarket"
            }
        },
        {
            "type": "Feature",
            "geometry": {
                "type": "Point",
                "coordinates": [
                    136.9359304,
                    35.400781
                ]
            },
            "properties": {
                "brand": "ザ・ビッグ",
                "brand:en": "THE BIG",
                "brand:ja": "ザ・ビッグ",
                "brand:wikidata": "Q11306676",
                "name": "ザ・ビッグ",
                "name:en": "THE BIG",
                "name:ja": "ザ・ビッグ",
                "shop": "supermarket",
                "toilets": "yes",
                "osm_type": "node",
                "osm_id": 13243119720,
                "tag": "shop=supermarket"
            }
        },
        {
            "type": "Feature",
            "geometry": {
                "type": "Point",
                "coordinates": [
                    137.001506,
                    34.9365887
                ]
            },
            "properties": {
                "branch": "高浜店",
                "name": "ドミー",
                "shop": "supermarket",
                "osm_type": "node",
                "osm_id": 13269213056,
                "tag": "shop=supermarket"
            }
        },
        {
            "type": "Feature",
            "geometry": {
                "type": "Point",
                "coordinates": [
                    136.7976029,
                    35.136139
                ]
            },
            "properties": {
                "brand": "オークワ",
                "brand:en": "Okuwa",
                "brand:ja": "オークワ",
                "brand:wikidata": "Q11293166",
                "name": "オークワ",
                "name:en": "Okuwa",
                "name:ja": "オークワ",
                "shop": "supermarket",
                "osm_type": "node",
                "osm_id": 13308618674,
                "tag": "shop=supermarket"
            }
        },
        {
            "type": "Feature",
            "geometry": {
                "type": "Point",
                "coordinates": [
                    136.8218805,
                    35.1062129
                ]
            },
            "properties": {
                "brand": "トライアル",
                "brand:en": "Trial",
                "brand:ja": "トライアル",
                "brand:wikidata": "Q11321723",
                "name": "トライアル",
                "name:en": "Trial",
                "name:ja": "トライアル",
                "shop": "supermarket",
                "osm_type": "node",
                "osm_id": 13340051891,
                "tag": "shop=supermarket"
            }
        },
        {
            "type": "Feature",
            "geometry": {
                "type": "Point",
                "coordinates": [
                    136.8834237,
                    35.1697029
                ]
            },
            "properties": {
                "addr:floor": "0",
                "brand": "成城石井",
                "brand:en": "Seijo Ishii",
                "brand:ja": "成城石井",
                "brand:wikidata": "Q11495410",
                "check_date": "2025-12-19",
                "level": "0",
                "name": "成城石井",
                "name:en": "Seijo Ishii",
                "name:ja": "成城石井",
                "opening_hours": "07:30-22:00",
                "payment:cash": "yes",
                "payment:credit_cards": "yes",
                "payment:debit_cards": "yes",
                "shop": "supermarket",
                "osm_type": "node",
                "osm_id": 13387993778,
                "tag": "shop=supermarket"
            }
        },
        {
            "type": "Feature",
            "geometry": {
                "type": "Point",
                "coordinates": [
                    137.0623431,
                    35.4330169
                ]
            },
            "properties": {
                "name": "コノミヤ可児店",
                "shop": "supermarket",
                "osm_type": "node",
                "osm_id": 13428546388,
                "tag": "shop=supermarket"
            }
        },
        {
            "type": "Feature",
            "geometry": {
                "type": "Point",
                "coordinates": [
                    136.9660924,
                    35.0942248
                ]
            },
            "properties": {
                "name": "EcoSHOP ドリンクのオータケ",
                "shop": "supermarket",
                "osm_type": "node",
                "osm_id": 13431622696,
                "tag": "shop=supermarket"
            }
        },
        {
            "type": "Feature",
            "geometry": {
                "type": "Point",
                "coordinates": [
                    137.0860711,
                    35.2085153
                ]
            },
            "properties": {
                "addr:block_number": "106",
                "addr:city": "瀬戸市",
                "addr:neighbourhood": "緑町一丁目",
                "addr:postcode": "489-0875",
                "addr:province": "愛知県",
                "branch": "瀬戸菱野店",
                "name": "ドミー",
                "opening_hours": "Mo-Su 10:00-20:00",
                "phone": "0561560533",
                "shop": "supermarket",
                "website": "https://www.domy.co.jp/store/store-182/",
                "osm_type": "node",
                "osm_id": 13606756830,
                "tag": "shop=supermarket"
            }
        },
        {
            "type": "Feature",
            "geometry": {
                "type": "Point",
                "coordinates": [
                    136.6319545,
                    34.9039659
                ]
            },
            "properties": {
                "name": "一号舘",
                "shop": "supermarket",
                "osm_type": "node",
                "osm_id": 13608671423,
                "tag": "shop=supermarket"
            }
        },
        {
            "type": "Feature",
            "geometry": {
                "type": "Point",
                "coordinates": [
                    137.7011411,
                    34.7626866
                ]
            },
            "properties": {
                "branch": "エクボスタイル高丘店",
                "name": "FEEL",
                "shop": "supermarket",
                "osm_type": "node",
                "osm_id": 13651036383,
                "tag": "shop=supermarket"
            }
        },
        {
            "type": "Feature",
            "geometry": {
                "type": "Point",
                "coordinates": [
                    136.9905271,
                    35.1370675
                ]
            },
            "properties": {
                "brand": "マックスバリュ",
                "brand:en": "MaxValu",
                "brand:ja": "マックスバリュ",
                "brand:wikidata": "Q11340427",
                "check_date": "2026-03-31",
                "name": "マックスバリュ",
                "name:en": "MaxValu",
                "name:ja": "マックスバリュ",
                "opening_hours": "07:00-23:30",
                "shop": "supermarket",
                "osm_type": "node",
                "osm_id": 13694553524,
                "tag": "shop=supermarket"
            }
        },
        {
            "type": "Feature",
            "geometry": {
                "type": "Point",
                "coordinates": [
                    137.5035741,
                    35.4879568
                ]
            },
            "properties": {
                "addr:province": "岐阜県",
                "branch": "中津川店",
                "name": "カネスエ",
                "shop": "supermarket",
                "osm_type": "node",
                "osm_id": 13722565515,
                "tag": "shop=supermarket"
            }
        },
        {
            "type": "Feature",
            "geometry": {
                "type": "Point",
                "coordinates": [
                    136.9698217,
                    35.0788932
                ]
            },
            "properties": {
                "name": "フェルナ",
                "shop": "supermarket",
                "osm_type": "node",
                "osm_id": 13805792384,
                "tag": "shop=supermarket"
            }
        },
        {
            "type": "Feature",
            "geometry": {
                "type": "Point",
                "coordinates": [
                    137.1463259,
                    34.933436
                ]
            },
            "properties": {
                "brand": "ロピア",
                "brand:en": "Lopia",
                "brand:ja": "ロピア",
                "brand:wikidata": "Q11350624",
                "name": "ロピア",
                "name:en": "Lopia",
                "name:ja": "ロピア",
                "shop": "supermarket",
                "osm_type": "node",
                "osm_id": 13822989789,
                "tag": "shop=supermarket"
            }
        },
        {
            "type": "Feature",
            "geometry": {
                "type": "Point",
                "coordinates": [
                    136.9624323,
                    35.2380193
                ]
            },
            "properties": {
                "branch": "春日井店",
                "brand": "イオン",
                "brand:en": "AEON",
                "brand:ja": "イオン",
                "brand:wikidata": "Q11285951",
                "building": "retail",
                "internet_access": "wlan",
                "name": "イオン",
                "name:en": "AEON",
                "name:ja": "イオン",
                "name:ja_rm": "Ion",
                "name:km": "ផ្សារអ៊ីអន",
                "shop": "supermarket",
                "source": "survey",
                "osm_type": "way",
                "osm_id": 49847846,
                "tag": "shop=supermarket"
            }
        },
        {
            "type": "Feature",
            "geometry": {
                "type": "Point",
                "coordinates": [
                    137.0039489,
                    35.2347455
                ]
            },
            "properties": {
                "addr:city": "名古屋市",
                "addr:province": "愛知県",
                "addr:suburb": "守山区",
                "branch": "守山店",
                "brand": "イオン",
                "brand:en": "AEON",
                "brand:ja": "イオン",
                "brand:wikidata": "Q11285951",
                "building": "yes",
                "building:levels": "3",
                "building:part": "retail",
                "ele": "46.6",
                "height": "20",
                "name": "イオン",
                "name:en": "AEON",
                "name:ja": "イオン",
                "shop": "supermarket",
                "source": "MLIT_PLATEAU bldg_4d75545e-95e2-47ed-975d-923b20cc1e8f",
                "wikidata": "Q60986984",
                "wikimedia_commons": "Category:AEON Moriyama",
                "wikipedia": "ja:イオン守山店",
                "osm_type": "way",
                "osm_id": 50053311,
                "tag": "shop=supermarket"
            }
        },
        {
            "type": "Feature",
            "geometry": {
                "type": "Point",
                "coordinates": [
                    136.7971195,
                    35.2970872
                ]
            },
            "properties": {
                "name": "スーパーカネスエ",
                "shop": "supermarket",
                "osm_type": "way",
                "osm_id": 54974535,
                "tag": "shop=supermarket"
            }
        },
        {
            "type": "Feature",
            "geometry": {
                "type": "Point",
                "coordinates": [
                    136.7751431,
                    35.2975124
                ]
            },
            "properties": {
                "building": "retail",
                "name": "スーパーヤマナカ フランテ館",
                "shop": "supermarket",
                "source": "Bing",
                "osm_type": "way",
                "osm_id": 60677477,
                "tag": "shop=supermarket"
            }
        },
        {
            "type": "Feature",
            "geometry": {
                "type": "Point",
                "coordinates": [
                    137.0914993,
                    35.1280139
                ]
            },
            "properties": {
                "shop": "supermarket",
                "osm_type": "way",
                "osm_id": 70559144,
                "tag": "shop=supermarket"
            }
        },
        {
            "type": "Feature",
            "geometry": {
                "type": "Point",
                "coordinates": [
                    136.8609961,
                    35.2007071
                ]
            },
            "properties": {
                "building": "retail",
                "name": "アオキスーパー",
                "shop": "supermarket",
                "osm_type": "way",
                "osm_id": 76066825,
                "tag": "shop=supermarket"
            }
        },
        {
            "type": "Feature",
            "geometry": {
                "type": "Point",
                "coordinates": [
                    137.4744299,
                    34.8908885
                ]
            },
            "properties": {
                "branch": "新城店",
                "brand": "バロー",
                "brand:en": "Valor",
                "brand:ja": "バロー",
                "brand:wikidata": "Q11328346",
                "brand:wikipedia": "ja:バロー (チェーンストア)",
                "building": "retail",
                "name": "バロー",
                "name:en": "Valor",
                "name:ja": "バロー",
                "shop": "supermarket",
                "osm_type": "way",
                "osm_id": 77593891,
                "tag": "shop=supermarket"
            }
        },
        {
            "type": "Feature",
            "geometry": {
                "type": "Point",
                "coordinates": [
                    137.619013,
                    35.1696116
                ]
            },
            "properties": {
                "building": "retail",
                "shop": "supermarket",
                "osm_type": "way",
                "osm_id": 83143835,
                "tag": "shop=supermarket"
            }
        },
        {
            "type": "Feature",
            "geometry": {
                "type": "Point",
                "coordinates": [
                    136.9379232,
                    35.1491727
                ]
            },
            "properties": {
                "brand": "西友",
                "brand:en": "Seiyu",
                "brand:wikidata": "Q3108542",
                "brand:wikipedia": "en:Seiyu Group",
                "building:levels": "4",
                "building:part": "retail",
                "ele": "17.8",
                "height": "26.2",
                "name": "西友",
                "name:en": "Seiyu",
                "name:ja": "西友",
                "name:ja_rm": "Seiyu",
                "shop": "supermarket",
                "source": "MLIT_PLATEAU bldg_de25b430-d4fa-4e73-a3c6-634a733679c1",
                "osm_type": "way",
                "osm_id": 90092730,
                "tag": "shop=supermarket"
            }
        },
        {
            "type": "Feature",
            "geometry": {
                "type": "Point",
                "coordinates": [
                    137.384363,
                    34.8273471
                ]
            },
            "properties": {
                "addr:block_number": "31",
                "addr:city": "豊川市",
                "addr:neighbourhood": "開運通2丁目",
                "addr:postcode": "4420048",
                "addr:province": "愛知県",
                "branch": "豊川開運通店",
                "brand": "イオン",
                "brand:en": "AEON",
                "brand:ja": "イオン",
                "brand:wikidata": "Q11285951",
                "building": "retail",
                "name": "イオン",
                "name:en": "AEON",
                "name:ja": "イオン",
                "opening_hours": "Mo-Su 08:00-23:00",
                "operator": "イオンリテール",
                "shop": "supermarket",
                "source": "Bing",
                "wikidata": "Q11286318",
                "wikipedia": "ja:イオン豊川開運通店",
                "osm_type": "way",
                "osm_id": 95522818,
                "tag": "shop=supermarket"
            }
        },
        {
            "type": "Feature",
            "geometry": {
                "type": "Point",
                "coordinates": [
                    137.5018005,
                    34.9059432
                ]
            },
            "properties": {
                "branch": "しんしろ店",
                "brand": "エーコープ",
                "brand:en": "A-COOP",
                "brand:ja": "エーコープ",
                "brand:wikidata": "Q11291524",
                "brand:wikipedia": "ja:エーコープ",
                "building": "retail",
                "name": "エーコープ",
                "name:en": "A-COOP",
                "name:ja": "エーコープ",
                "organic": "only",
                "shop": "supermarket",
                "osm_type": "way",
                "osm_id": 95780954,
                "tag": "shop=supermarket"
            }
        },
        {
            "type": "Feature",
            "geometry": {
                "type": "Point",
                "coordinates": [
                    137.4256454,
                    34.9757024
                ]
            },
            "properties": {
                "building": "retail",
                "name": "Aコープ作手",
                "shop": "supermarket",
                "osm_type": "way",
                "osm_id": 97523189,
                "tag": "shop=supermarket"
            }
        },
        {
            "type": "Feature",
            "geometry": {
                "type": "Point",
                "coordinates": [
                    137.5029003,
                    35.2138782
                ]
            },
            "properties": {
                "addr:city": "豊田市",
                "addr:neighbourhood": "武節町針原22-1",
                "addr:province": "愛知県",
                "name": "どんぐり横丁",
                "phone": "+81 565 82 3666",
                "shop": "supermarket",
                "osm_type": "way",
                "osm_id": 100280289,
                "tag": "shop=supermarket"
            }
        },
        {
            "type": "Feature",
            "geometry": {
                "type": "Point",
                "coordinates": [
                    137.0595917,
                    35.2863969
                ]
            },
            "properties": {
                "building": "retail",
                "name": "ナフコ不二屋石尾台店",
                "shop": "supermarket",
                "osm_type": "way",
                "osm_id": 101523014,
                "tag": "shop=supermarket"
            }
        },
        {
            "type": "Feature",
            "geometry": {
                "type": "Point",
                "coordinates": [
                    136.783007,
                    35.296778
                ]
            },
            "properties": {
                "branch": "大和店",
                "brand": "ドン・キホーテ",
                "brand:en": "Don Quijote",
                "brand:ja": "ドン・キホーテ",
                "brand:wikidata": "Q1185381",
                "brand:wikipedia": "ja:ドン・キホーテ (企業)",
                "building": "retail",
                "name": "MEGAドン・キホーテ",
                "name:en": "MEGA Don Quijote",
                "name:ja": "MEGAドン・キホーテ",
                "opening_hours": "24/7",
                "shop": "supermarket",
                "short_name": "MEGAドンキ",
                "short_name:en": "MegaDonki",
                "short_name:ja": "MEGAドンキ",
                "osm_type": "way",
                "osm_id": 103286623,
                "tag": "shop=supermarket"
            }
        },
        {
            "type": "Feature",
            "geometry": {
                "type": "Point",
                "coordinates": [
                    137.3880785,
                    34.8249505
                ]
            },
            "properties": {
                "branch": "豊川店",
                "building": "commercial",
                "name": "ピアゴ",
                "opening_hours": "09:00-21:00",
                "phone": "+81-533-89-4511",
                "shop": "supermarket",
                "toilets": "yes",
                "toilets:wheelchair": "yes",
                "wheelchair": "yes",
                "osm_type": "way",
                "osm_id": 109574416,
                "tag": "shop=supermarket"
            }
        },
        {
            "type": "Feature",
            "geometry": {
                "type": "Point",
                "coordinates": [
                    136.9968938,
                    35.1238753
                ]
            },
            "properties": {
                "name": "松坂屋ストアー",
                "shop": "supermarket",
                "source": "Bing",
                "osm_type": "way",
                "osm_id": 110357332,
                "tag": "shop=supermarket"
            }
        },
        {
            "type": "Feature",
            "geometry": {
                "type": "Point",
                "coordinates": [
                    137.1119556,
                    35.1182006
                ]
            },
            "properties": {
                "building": "retail",
                "name": "メグリア三好ヶ丘店",
                "shop": "supermarket",
                "osm_type": "way",
                "osm_id": 111566138,
                "tag": "shop=supermarket"
            }
        },
        {
            "type": "Feature",
            "geometry": {
                "type": "Point",
                "coordinates": [
                    137.6996222,
                    35.069351
                ]
            },
            "properties": {
                "name": "パブスーパーナカヤマ",
                "shop": "supermarket",
                "osm_type": "way",
                "osm_id": 116559239,
                "tag": "shop=supermarket"
            }
        },
        {
            "type": "Feature",
            "geometry": {
                "type": "Point",
                "coordinates": [
                    137.7037373,
                    35.073215
                ]
            },
            "properties": {
                "shop": "supermarket",
                "osm_type": "way",
                "osm_id": 116559640,
                "tag": "shop=supermarket"
            }
        },
        {
            "type": "Feature",
            "geometry": {
                "type": "Point",
                "coordinates": [
                    137.3841281,
                    34.8370752
                ]
            },
            "properties": {
                "addr:city": "豊川市",
                "addr:country": "JP",
                "addr:neighbourhood": "東浦",
                "addr:postcode": "442-0062",
                "addr:province": "愛知県",
                "building": "retail",
                "name": "クックマート 本野町店",
                "shop": "supermarket",
                "source": "bing",
                "osm_type": "way",
                "osm_id": 118598558,
                "tag": "shop=supermarket"
            }
        },
        {
            "type": "Feature",
            "geometry": {
                "type": "Point",
                "coordinates": [
                    136.9289585,
                    35.2011178
                ]
            },
            "properties": {
                "building": "retail",
                "name": "イオン上飯田店",
                "name:ja": "イオン上飯田店",
                "shop": "supermarket",
                "wikidata": "Q70746521",
                "wikimedia_commons": "Category:AEON Kamiiida",
                "osm_type": "way",
                "osm_id": 137526949,
                "tag": "shop=supermarket"
            }
        },
        {
            "type": "Feature",
            "geometry": {
                "type": "Point",
                "coordinates": [
                    136.8538347,
                    35.1272966
                ]
            },
            "properties": {
                "addr:city": "名古屋市",
                "addr:housenumber": "202",
                "addr:neighbourhood": "2丁目",
                "addr:postcode": "454-0932",
                "addr:province": "愛知県",
                "addr:quarter": "中島新町",
                "addr:suburb": "中川区",
                "branch": "新中島",
                "branch:en": "Shin-Nakajima",
                "branch:ja": "新中島",
                "brand": "ヤマナカ",
                "brand:en": "Yamanaka",
                "brand:ja": "ヤマナカ",
                "brand:wikidata": "Q11345199",
                "brand:wikipedia": "ja:ヤマナカ",
                "building": "retail",
                "fax": "052-352-1799",
                "name": "ヤマナカ",
                "name:en": "Yamanaka",
                "name:ja": "ヤマナカ",
                "opening_hours": "9:30-21:50",
                "phone": "052-352-8111",
                "shop": "supermarket",
                "source": "Bing",
                "website": "https://www.super-yamanaka.co.jp/shop/shop007",
                "osm_type": "way",
                "osm_id": 140487498,
                "tag": "shop=supermarket"
            }
        },
        {
            "type": "Feature",
            "geometry": {
                "type": "Point",
                "coordinates": [
                    136.6904048,
                    35.0707866
                ]
            },
            "properties": {
                "brand": "バロー",
                "brand:en": "Valor",
                "brand:wikidata": "Q11328346",
                "building": "retail",
                "name": "バロー 桑名東店",
                "name:en": "Valor",
                "shop": "supermarket",
                "source": "Bing",
                "osm_type": "way",
                "osm_id": 142907068,
                "tag": "shop=supermarket"
            }
        },
        {
            "type": "Feature",
            "geometry": {
                "type": "Point",
                "coordinates": [
                    136.6416224,
                    35.0841188
                ]
            },
            "properties": {
                "building": "retail",
                "name": "一号館",
                "shop": "supermarket",
                "source": "Bing",
                "osm_type": "way",
                "osm_id": 143857291,
                "tag": "shop=supermarket"
            }
        },
        {
            "type": "Feature",
            "geometry": {
                "type": "Point",
                "coordinates": [
                    136.797483,
                    35.2866533
                ]
            },
            "properties": {
                "brand": "ピアゴ",
                "brand:en": "PIAGO",
                "brand:ja": "ピアゴ",
                "brand:wikidata": "Q91014434",
                "building": "retail",
                "name": "ピアゴ",
                "name:en": "PIAGO",
                "name:ja": "ピアゴ",
                "opening_hours": "-20:00",
                "shop": "supermarket",
                "source": "Bing",
                "osm_type": "way",
                "osm_id": 144536363,
                "tag": "shop=supermarket"
            }
        },
        {
            "type": "Feature",
            "geometry": {
                "type": "Point",
                "coordinates": [
                    137.7027895,
                    35.0710182
                ]
            },
            "properties": {
                "shop": "supermarket",
                "osm_type": "way",
                "osm_id": 152580981,
                "tag": "shop=supermarket"
            }
        },
        {
            "type": "Feature",
            "geometry": {
                "type": "Point",
                "coordinates": [
                    137.5702504,
                    35.0953444
                ]
            },
            "properties": {
                "building": "retail",
                "shop": "supermarket",
                "osm_type": "way",
                "osm_id": 153293723,
                "tag": "shop=supermarket"
            }
        },
        {
            "type": "Feature",
            "geometry": {
                "type": "Point",
                "coordinates": [
                    136.9996733,
                    35.1037373
                ]
            },
            "properties": {
                "branch": "天白店",
                "brand": "業務スーパー",
                "brand:en": "Gyomu Super",
                "brand:ja": "業務スーパー",
                "brand:ja-Latn": "Gyōmu sūpā",
                "brand:wikidata": "Q11590183",
                "brand:wikipedia": "ja:神戸物産",
                "building": "retail",
                "building:levels": "2",
                "ele": "52.5",
                "height": "11.5",
                "name": "業務スーパー",
                "name:en": "Gyomu Super",
                "name:ja": "業務スーパー",
                "name:ja-Latn": "Gyōmu sūpā",
                "name:ja_rm": "Gyomu Supa",
                "shop": "supermarket",
                "source": "MLIT_PLATEAU bldg_b8e73227-24ba-45ed-8223-611c284fd99e",
                "osm_type": "way",
                "osm_id": 154085852,
                "tag": "shop=supermarket"
            }
        },
        {
            "type": "Feature",
            "geometry": {
                "type": "Point",
                "coordinates": [
                    137.0109089,
                    35.1148739
                ]
            },
            "properties": {
                "shop": "supermarket",
                "source": "bing",
                "osm_type": "way",
                "osm_id": 154639572,
                "tag": "shop=supermarket"
            }
        },
        {
            "type": "Feature",
            "geometry": {
                "type": "Point",
                "coordinates": [
                    137.0032165,
                    35.0900092
                ]
            },
            "properties": {
                "branch": "緑店",
                "brand": "アピタ",
                "brand:en": "APITA",
                "brand:ja": "アピタ",
                "brand:wikidata": "Q55384637",
                "building": "retail",
                "name": "アピタ",
                "name:en": "APITA",
                "name:ja": "アピタ",
                "shop": "supermarket",
                "source": "bing",
                "wikidata": "Q11284591",
                "wikipedia": "ja:アピタ緑店",
                "osm_type": "way",
                "osm_id": 154647497,
                "tag": "shop=supermarket"
            }
        },
        {
            "type": "Feature",
            "geometry": {
                "type": "Point",
                "coordinates": [
                    137.0687082,
                    34.7993018
                ]
            },
            "properties": {
                "building": "retail",
                "name": "Aコープ吉良南部店",
                "shop": "supermarket",
                "source": "bing,May/2010-Jan/2011",
                "osm_type": "way",
                "osm_id": 157654214,
                "tag": "shop=supermarket"
            }
        },
        {
            "type": "Feature",
            "geometry": {
                "type": "Point",
                "coordinates": [
                    137.0632441,
                    34.8010228
                ]
            },
            "properties": {
                "building": "retail",
                "name": "ピアゴ吉良店",
                "shop": "supermarket",
                "source": "bing,May/2010-Jan/2011",
                "osm_type": "way",
                "osm_id": 157654226,
                "tag": "shop=supermarket"
            }
        },
        {
            "type": "Feature",
            "geometry": {
                "type": "Point",
                "coordinates": [
                    136.7074568,
                    35.3332572
                ]
            },
            "properties": {
                "building": "retail",
                "name": "羽島Wing151",
                "shop": "supermarket",
                "source": "Bing",
                "osm_type": "way",
                "osm_id": 158333543,
                "tag": "shop=supermarket"
            }
        },
        {
            "type": "Feature",
            "geometry": {
                "type": "Point",
                "coordinates": [
                    136.6947428,
                    35.3260896
                ]
            },
            "properties": {
                "building": "retail",
                "name": "スーパー三心丸の内店",
                "shop": "supermarket",
                "source": "Bing",
                "osm_type": "way",
                "osm_id": 158348143,
                "tag": "shop=supermarket"
            }
        },
        {
            "type": "Feature",
            "geometry": {
                "type": "Point",
                "coordinates": [
                    137.386479,
                    34.8201524
                ]
            },
            "properties": {
                "building": "retail",
                "name": "フィール豊川店",
                "shop": "supermarket",
                "osm_type": "way",
                "osm_id": 159152178,
                "tag": "shop=supermarket"
            }
        },
        {
            "type": "Feature",
            "geometry": {
                "type": "Point",
                "coordinates": [
                    136.7149847,
                    35.3261834
                ]
            },
            "properties": {
                "building": "retail",
                "name": "スーパー三心羽島店",
                "shop": "supermarket",
                "source": "Bing",
                "osm_type": "way",
                "osm_id": 159269119,
                "tag": "shop=supermarket"
            }
        },
        {
            "type": "Feature",
            "geometry": {
                "type": "Point",
                "coordinates": [
                    136.6907578,
                    35.3050699
                ]
            },
            "properties": {
                "building": "retail",
                "name": "バロー羽島インター店",
                "shop": "supermarket",
                "source": "Bing",
                "osm_type": "way",
                "osm_id": 159451559,
                "tag": "shop=supermarket"
            }
        },
        {
            "type": "Feature",
            "geometry": {
                "type": "Point",
                "coordinates": [
                    137.0712641,
                    34.8266445
                ]
            },
            "properties": {
                "building": "retail",
                "name": "ドミー吉良店",
                "shop": "supermarket",
                "source": "bing",
                "osm_type": "way",
                "osm_id": 160342441,
                "tag": "shop=supermarket"
            }
        },
        {
            "type": "Feature",
            "geometry": {
                "type": "Point",
                "coordinates": [
                    136.9758702,
                    35.2574195
                ]
            },
            "properties": {
                "building": "retail",
                "name": "フジヤ　ナフコ六軒屋店",
                "shop": "supermarket",
                "source": "GSI/KIBAN 2500",
                "source_ref": "http://wiki.osm.org/wiki/GSI_KIBAN",
                "osm_type": "way",
                "osm_id": 161926125,
                "tag": "shop=supermarket"
            }
        },
        {
            "type": "Feature",
            "geometry": {
                "type": "Point",
                "coordinates": [
                    137.4013486,
                    34.7550739
                ]
            },
            "properties": {
                "branch": "向山店",
                "brand": "アピタ",
                "brand:en": "APITA",
                "brand:ja": "アピタ",
                "brand:wikidata": "Q55384637",
                "building": "retail",
                "name": "アピタ",
                "name:en": "APITA",
                "name:ja": "アピタ",
                "name:ja-Hira": "あぴた",
                "name:ja-Latn": "apita",
                "name:ja_rm": "apita",
                "opening_hours": "Sa-Su 09:00-21:00",
                "operator": "アピタ",
                "shop": "supermarket",
                "source": "Bing",
                "wheelchair": "yes",
                "osm_type": "way",
                "osm_id": 164289585,
                "tag": "shop=supermarket"
            }
        },
        {
            "type": "Feature",
            "geometry": {
                "type": "Point",
                "coordinates": [
                    137.1417269,
                    35.0927784
                ]
            },
            "properties": {
                "landuse": "retail",
                "name": "メグリア　朝日店",
                "shop": "supermarket",
                "source": "bing",
                "wheelchair": "yes",
                "osm_type": "way",
                "osm_id": 170414796,
                "tag": "shop=supermarket"
            }
        },
        {
            "type": "Feature",
            "geometry": {
                "type": "Point",
                "coordinates": [
                    137.1311708,
                    35.0623881
                ]
            },
            "properties": {
                "branch": "豊田元町店",
                "brand": "ドン・キホーテ",
                "brand:en": "Don Quijote",
                "brand:ja": "ドン・キホーテ",
                "brand:wikidata": "Q1185381",
                "building": "retail",
                "name": "MEGAドン・キホーテ",
                "name:en": "MEGA Don Quijote",
                "name:ja": "MEGAドン・キホーテ",
                "opening_hours": "24/7",
                "shop": "supermarket",
                "short_name": "MEGAドンキ",
                "short_name:en": "MegaDonki",
                "short_name:ja": "MEGAドンキ",
                "source": "bing",
                "osm_type": "way",
                "osm_id": 170529416,
                "tag": "shop=supermarket"
            }
        },
        {
            "type": "Feature",
            "geometry": {
                "type": "Point",
                "coordinates": [
                    136.7905353,
                    35.3445186
                ]
            },
            "properties": {
                "building": "retail",
                "name": "アピタ木曽川店",
                "parking": "rooftop",
                "shop": "supermarket",
                "source": "bing",
                "wikidata": "Q11284587",
                "osm_type": "way",
                "osm_id": 173244229,
                "tag": "shop=supermarket"
            }
        },
        {
            "type": "Feature",
            "geometry": {
                "type": "Point",
                "coordinates": [
                    136.6781527,
                    35.0271016
                ]
            },
            "properties": {
                "building": "retail",
                "name": "スーパーサンシ みえ川越インター店",
                "opening_hours": "09:00-21:00",
                "shop": "supermarket",
                "source": "Bing 2010",
                "osm_type": "way",
                "osm_id": 180815884,
                "tag": "shop=supermarket"
            }
        },
        {
            "type": "Feature",
            "geometry": {
                "type": "Point",
                "coordinates": [
                    137.3926422,
                    34.7407514
                ]
            },
            "properties": {
                "branch": "小松店",
                "brand": "業務スーパー",
                "brand:en": "Gyomu Super",
                "brand:ja": "業務スーパー",
                "brand:ja-Latn": "Gyōmu sūpā",
                "brand:wikidata": "Q11590183",
                "brand:wikipedia": "ja:神戸物産",
                "name": "業務スーパー",
                "name:en": "Gyomu Super",
                "name:ja": "業務スーパー",
                "name:ja-Latn": "Gyōmu sūpā",
                "shop": "supermarket",
                "osm_type": "way",
                "osm_id": 181199642,
                "tag": "shop=supermarket"
            }
        },
        {
            "type": "Feature",
            "geometry": {
                "type": "Point",
                "coordinates": [
                    137.3920903,
                    34.7449169
                ]
            },
            "properties": {
                "building": "retail",
                "name": "フードオアシスアツミ 山田店",
                "shop": "supermarket",
                "wheelchair": "yes",
                "osm_type": "way",
                "osm_id": 181202983,
                "tag": "shop=supermarket"
            }
        },
        {
            "type": "Feature",
            "geometry": {
                "type": "Point",
                "coordinates": [
                    136.8803151,
                    35.1799355
                ]
            },
            "properties": {
                "addr:block_number": "1",
                "addr:city": "名古屋市",
                "addr:housenumber": "17",
                "addr:neighbourhood": "3",
                "addr:postcode": "451-8501",
                "addr:province": "愛知県",
                "addr:quarter": "則武新町",
                "addr:suburb": "西区",
                "branch": "Nagoya Noritake Garden",
                "branch:en": "Nagoya Noritake Garden",
                "branch:ja": "Nagoya Noritake Garden",
                "building": "supermarket",
                "name": "イオンモール",
                "name:en": "AEON Mall",
                "name:ja": "イオンモール",
                "not:brand:wikidata": "Q11285951",
                "opening_hours:covid19": "restricted",
                "operator": "イオン",
                "shop": "supermarket",
                "source": "survey;local knowledge",
                "website": "https://nagoya-noritake-garden.aeonmall.com/",
                "wikidata": "Q108368356",
                "wikimedia_commons": "Category:AEON MALL Nagoya Noritake Garden",
                "wikipedia": "ja:イオンモール Nagoya Noritake Garden",
                "osm_type": "way",
                "osm_id": 184291579,
                "tag": "shop=supermarket"
            }
        },
        {
            "type": "Feature",
            "geometry": {
                "type": "Point",
                "coordinates": [
                    137.6787225,
                    34.7123491
                ]
            },
            "properties": {
                "branch": "大平台店",
                "brand": "遠鉄ストア",
                "brand:wikidata": "Q11642444",
                "building": "supermarket",
                "name": "遠鉄ストア",
                "name:en": "Entetsu Store",
                "shop": "supermarket",
                "osm_type": "way",
                "osm_id": 189472038,
                "tag": "shop=supermarket"
            }
        },
        {
            "type": "Feature",
            "geometry": {
                "type": "Point",
                "coordinates": [
                    137.6450092,
                    34.6933256
                ]
            },
            "properties": {
                "addr:block_number": "32",
                "addr:city": "浜松市",
                "addr:housenumber": "2",
                "addr:neighbourhood": "雄踏一丁目",
                "addr:postcode": "431-0102",
                "addr:province": "静岡県",
                "addr:suburb": "中央区",
                "branch": "フードセンター浜松雄踏店",
                "brand": "ベイシア",
                "brand:wikidata": "Q11336776",
                "building": "supermarket",
                "name": "ベイシア",
                "name:en": "Beisia",
                "opening_hours": "Mo-Su 09:00-20:00",
                "phone": "+81 53 597 2211",
                "shop": "supermarket",
                "source": "GSImaps/ort",
                "osm_type": "way",
                "osm_id": 189480343,
                "tag": "shop=supermarket"
            }
        },
        {
            "type": "Feature",
            "geometry": {
                "type": "Point",
                "coordinates": [
                    137.7430233,
                    34.700225
                ]
            },
            "properties": {
                "building": "retail",
                "name": "スーパーマーケットバロー 北寺島店",
                "shop": "supermarket",
                "osm_type": "way",
                "osm_id": 190360440,
                "tag": "shop=supermarket"
            }
        },
        {
            "type": "Feature",
            "geometry": {
                "type": "Point",
                "coordinates": [
                    137.7319217,
                    34.6860284
                ]
            },
            "properties": {
                "atm": "yes",
                "branch": "南浅田店",
                "brand": "遠鉄ストア",
                "brand:wikidata": "Q11642444",
                "building": "supermarket",
                "name": "フードワン",
                "name:en": "FOOD ONE",
                "operator": "株式会社遠鉄ストア",
                "phone": "+81 53 444 5511",
                "shop": "supermarket",
                "osm_type": "way",
                "osm_id": 190373936,
                "tag": "shop=supermarket"
            }
        },
        {
            "type": "Feature",
            "geometry": {
                "type": "Point",
                "coordinates": [
                    137.6684179,
                    34.6856876
                ]
            },
            "properties": {
                "branch": "篠原店",
                "brand": "遠鉄ストア",
                "brand:wikidata": "Q11642444",
                "building": "supermarket",
                "name": "遠鉄ストア",
                "name:en": "Entetsu Store",
                "shop": "supermarket",
                "osm_type": "way",
                "osm_id": 190379823,
                "tag": "shop=supermarket"
            }
        },
        {
            "type": "Feature",
            "geometry": {
                "type": "Point",
                "coordinates": [
                    136.789922,
                    35.3455629
                ]
            },
            "properties": {
                "amenity": "parking",
                "name": "アピタ木曽川店",
                "parking": "surface",
                "shop": "supermarket",
                "source": "Bing",
                "osm_type": "way",
                "osm_id": 192464323,
                "tag": "shop=supermarket"
            }
        },
        {
            "type": "Feature",
            "geometry": {
                "type": "Point",
                "coordinates": [
                    137.6994416,
                    34.7086323
                ]
            },
            "properties": {
                "branch": "佐鳴台店",
                "brand": "遠鉄ストア",
                "brand:wikidata": "Q11642444",
                "building": "supermarket",
                "name": "フードワン",
                "name:en": "FOOD ONE",
                "operator": "株式会社遠鉄ストア",
                "phone": "+81 53 448 9251",
                "shop": "supermarket",
                "website": "https://www.entstore.co.jp/shop/nakaku/foodone_sanarudai/",
                "osm_type": "way",
                "osm_id": 194423395,
                "tag": "shop=supermarket"
            }
        },
        {
            "type": "Feature",
            "geometry": {
                "type": "Point",
                "coordinates": [
                    137.0068873,
                    35.1543068
                ]
            },
            "properties": {
                "branch": "高針店",
                "brand": "西友",
                "brand:en": "Seiyu",
                "brand:wikidata": "Q3108542",
                "brand:wikipedia": "en:Seiyu Group",
                "building:levels": "4",
                "building:part": "retail",
                "ele": "31.1",
                "height": "24.9",
                "name": "西友",
                "name:en": "Seiyu",
                "operator": "西友",
                "shop": "supermarket",
                "source": "MLIT_PLATEAU bldg_e61ea6d9-1cba-45b2-84bc-e3f86c940a35",
                "osm_type": "way",
                "osm_id": 195057109,
                "tag": "shop=supermarket"
            }
        },
        {
            "type": "Feature",
            "geometry": {
                "type": "Point",
                "coordinates": [
                    137.7138256,
                    34.7317983
                ]
            },
            "properties": {
                "branch": "富塚店",
                "building": "retail",
                "name": "主婦の店",
                "shop": "supermarket",
                "source": "bing",
                "osm_type": "way",
                "osm_id": 197330320,
                "tag": "shop=supermarket"
            }
        },
        {
            "type": "Feature",
            "geometry": {
                "type": "Point",
                "coordinates": [
                    137.7354292,
                    34.7198139
                ]
            },
            "properties": {
                "branch": "浜松助信店",
                "brand": "マックスバリュ",
                "brand:en": "MaxValu",
                "brand:ja": "マックスバリュ",
                "brand:wikidata": "Q11340427",
                "brand:wikipedia": "en:MaxValu",
                "building": "retail",
                "name": "マックスバリュ",
                "name:en": "MaxValu",
                "name:ja": "マックスバリュ",
                "shop": "supermarket",
                "osm_type": "way",
                "osm_id": 197889481,
                "tag": "shop=supermarket"
            }
        },
        {
            "type": "Feature",
            "geometry": {
                "type": "Point",
                "coordinates": [
                    137.3854883,
                    34.8186327
                ]
            },
            "properties": {
                "branch": "豊川店",
                "building": "retail",
                "name": "サンヨネ",
                "shop": "supermarket",
                "osm_type": "way",
                "osm_id": 199447273,
                "tag": "shop=supermarket"
            }
        },
        {
            "type": "Feature",
            "geometry": {
                "type": "Point",
                "coordinates": [
                    137.4041028,
                    34.8306575
                ]
            },
            "properties": {
                "branch": "豊川店",
                "brand": "バロー",
                "brand:en": "Valor",
                "brand:ja": "バロー",
                "brand:wikidata": "Q11328346",
                "building": "retail",
                "name": "バロー",
                "name:en": "Valor",
                "name:ja": "バロー",
                "shop": "supermarket",
                "osm_type": "way",
                "osm_id": 203552904,
                "tag": "shop=supermarket"
            }
        },
        {
            "type": "Feature",
            "geometry": {
                "type": "Point",
                "coordinates": [
                    137.3829173,
                    34.8391163
                ]
            },
            "properties": {
                "building": "retail",
                "shop": "supermarket",
                "osm_type": "way",
                "osm_id": 204613611,
                "tag": "shop=supermarket"
            }
        },
        {
            "type": "Feature",
            "geometry": {
                "type": "Point",
                "coordinates": [
                    137.7346096,
                    34.7093465
                ]
            },
            "properties": {
                "building": "retail",
                "fixme": "浜松市市民協働センターと別の建物として描かれているが、一体の建物。",
                "name": "フィーネ東田町店",
                "shop": "supermarket",
                "source": "GSI/KIBAN 2500",
                "osm_type": "way",
                "osm_id": 204648630,
                "tag": "shop=supermarket"
            }
        },
        {
            "type": "Feature",
            "geometry": {
                "type": "Point",
                "coordinates": [
                    137.3263621,
                    34.8388291
                ]
            },
            "properties": {
                "addr:full": "愛知県豊川市国府町桜田103",
                "addr:postcode": "442-0854",
                "branch": "国府店",
                "building": "retail",
                "contact:fax": "+81 533 88 6489",
                "contact:phone": "+81 533 88 6111",
                "contact:website": "http://www.donki.com/store/shop_detail.php?shop_id=476",
                "name": "MEGAドン・キホーテUNY",
                "shop": "supermarket",
                "source": "survey",
                "osm_type": "way",
                "osm_id": 207121104,
                "tag": "shop=supermarket"
            }
        },
        {
            "type": "Feature",
            "geometry": {
                "type": "Point",
                "coordinates": [
                    137.3232292,
                    34.8398879
                ]
            },
            "properties": {
                "addr:block_number": "13",
                "addr:city": "豊川市",
                "addr:neighbourhood": "境畑",
                "addr:province": "愛知県",
                "addr:quarter": "御油町",
                "branch": "御油店",
                "building": "retail",
                "name": "ヤマナカ",
                "not:brand:wikidata": "Q11345199",
                "phone": "+81 533 88 3360",
                "shop": "supermarket",
                "osm_type": "way",
                "osm_id": 207134450,
                "tag": "shop=supermarket"
            }
        },
        {
            "type": "Feature",
            "geometry": {
                "type": "Point",
                "coordinates": [
                    136.9160018,
                    34.8495534
                ]
            },
            "properties": {
                "brand": "コノミヤ",
                "building": "retail",
                "name": "コノミヤ",
                "name:en": "Konomiya",
                "name:ja": "コノミヤ",
                "name:ja-Hira": "このみや",
                "name:ja-Latn": "Konomiya",
                "shop": "supermarket",
                "osm_type": "way",
                "osm_id": 207442532,
                "tag": "shop=supermarket"
            }
        },
        {
            "type": "Feature",
            "geometry": {
                "type": "Point",
                "coordinates": [
                    137.3644796,
                    34.8187444
                ]
            },
            "properties": {
                "building": "retail",
                "shop": "supermarket",
                "osm_type": "way",
                "osm_id": 208172444,
                "tag": "shop=supermarket"
            }
        },
        {
            "type": "Feature",
            "geometry": {
                "type": "Point",
                "coordinates": [
                    137.3106484,
                    34.8568196
                ]
            },
            "properties": {
                "addr:city": "豊川市",
                "addr:country": "JP",
                "addr:postcode": "441-0202",
                "building": "retail",
                "int_name": "JA Himawari Green Center Otowa",
                "name": "JAひまわり グリーンセンター音羽",
                "shop": "supermarket",
                "osm_type": "way",
                "osm_id": 209955677,
                "tag": "shop=supermarket"
            }
        },
        {
            "type": "Feature",
            "geometry": {
                "type": "Point",
                "coordinates": [
                    137.0050157,
                    34.9911147
                ]
            },
            "properties": {
                "brand": "アピタ",
                "brand:en": "APITA",
                "brand:ja": "アピタ",
                "brand:wikidata": "Q55384637",
                "building": "yes",
                "building:colour": "lightyellow",
                "level": "3",
                "name": "アピタ",
                "name:en": "APITA",
                "name:ja": "アピタ",
                "roof:colour": "silver",
                "shop": "supermarket",
                "source": "Bing",
                "osm_type": "way",
                "osm_id": 224054715,
                "tag": "shop=supermarket"
            }
        },
        {
            "type": "Feature",
            "geometry": {
                "type": "Point",
                "coordinates": [
                    137.1596889,
                    35.0784695
                ]
            },
            "properties": {
                "branch": "豊田",
                "brand": "イオン",
                "brand:en": "AEON",
                "brand:ja": "イオン",
                "brand:wikidata": "Q11285951",
                "building": "retail",
                "name": "イオン",
                "name:en": "AEON",
                "name:ja": "イオン",
                "shop": "supermarket",
                "osm_type": "way",
                "osm_id": 225572033,
                "tag": "shop=supermarket"
            }
        },
        {
            "type": "Feature",
            "geometry": {
                "type": "Point",
                "coordinates": [
                    136.9563124,
                    35.2333054
                ]
            },
            "properties": {
                "building": "retail",
                "name": "勝川フランテあかのれん",
                "name:ja": "勝川フランテ",
                "shop": "supermarket",
                "source": "GSI/KIBAN 2500",
                "source_ref": "http://wiki.osm.org/wiki/GSI_KIBAN",
                "osm_type": "way",
                "osm_id": 228098735,
                "tag": "shop=supermarket"
            }
        },
        {
            "type": "Feature",
            "geometry": {
                "type": "Point",
                "coordinates": [
                    136.7719101,
                    35.4081272
                ]
            },
            "properties": {
                "building": "retail",
                "building:levels": "1",
                "ele": "10.4",
                "height": "8.2",
                "name": "西友岐阜華陽店",
                "shop": "supermarket",
                "source": "MLIT_PLATEAU bldg_9b61ae42-39c1-4566-ad1d-f81895df939d",
                "start_date": "2000",
                "osm_type": "way",
                "osm_id": 228482399,
                "tag": "shop=supermarket"
            }
        },
        {
            "type": "Feature",
            "geometry": {
                "type": "Point",
                "coordinates": [
                    136.8115959,
                    35.2967599
                ]
            },
            "properties": {
                "building": "retail",
                "name": "カネスエ 北園通店",
                "shop": "supermarket",
                "source": "GSI/KIBAN 2500;NARO",
                "source_ref": "http://wiki.osm.org/wiki/GSI_KIBAN;NARO",
                "osm_type": "way",
                "osm_id": 229971939,
                "tag": "shop=supermarket"
            }
        },
        {
            "type": "Feature",
            "geometry": {
                "type": "Point",
                "coordinates": [
                    136.9127184,
                    35.2896225
                ]
            },
            "properties": {
                "branch": "小牧店",
                "brand": "ドン・キホーテ",
                "brand:en": "Don Quijote",
                "brand:ja": "ドン・キホーテ",
                "brand:wikidata": "Q1185381",
                "brand:wikipedia": "ja:ドン・キホーテ (企業)",
                "building": "retail",
                "building:levels": "-",
                "contact:website": "https://www.donki.com/store/shop_detail.php?shop_id=524",
                "fax": "+81 568-41-7800",
                "name": "MEGAドン・キホーテ",
                "name:en": "MEGA Don Quijote",
                "name:ja": "MEGAドン・キホーテ",
                "opening_hours": "24/7",
                "phone": "+81 570-092-711",
                "roof:shape": "flat",
                "shop": "supermarket",
                "short_name": "MEGAドンキ",
                "short_name:en": "MegaDonki",
                "short_name:ja": "MEGAドンキ",
                "toilets": "yes",
                "wikidata": "Q11284581",
                "wikipedia": "ja:MEGAドン・キホーテUNY小牧店",
                "osm_type": "way",
                "osm_id": 232953198,
                "tag": "shop=supermarket"
            }
        },
        {
            "type": "Feature",
            "geometry": {
                "type": "Point",
                "coordinates": [
                    137.0319365,
                    35.4167032
                ]
            },
            "properties": {
                "building": "yes",
                "name": "アミカ 可児店",
                "shop": "supermarket",
                "osm_type": "way",
                "osm_id": 233194211,
                "tag": "shop=supermarket"
            }
        },
        {
            "type": "Feature",
            "geometry": {
                "type": "Point",
                "coordinates": [
                    137.0331051,
                    35.417962
                ]
            },
            "properties": {
                "building": "yes",
                "name": "スーパーセンターオークワ 可児坂戸店",
                "shop": "supermarket",
                "osm_type": "way",
                "osm_id": 233194212,
                "tag": "shop=supermarket"
            }
        },
        {
            "type": "Feature",
            "geometry": {
                "type": "Point",
                "coordinates": [
                    137.0383888,
                    35.1725667
                ]
            },
            "properties": {
                "brand": "アピタ",
                "brand:en": "APITA",
                "brand:ja": "アピタ",
                "brand:wikidata": "Q55384637",
                "building": "retail",
                "name": "アピタ",
                "name:en": "APITA",
                "name:ja": "アピタ",
                "opening_hours": "Mo-Su,PH 09:00-21:30",
                "shop": "supermarket",
                "source": "GSI/KIBAN 2500",
                "osm_type": "way",
                "osm_id": 233588995,
                "tag": "shop=supermarket"
            }
        },
        {
            "type": "Feature",
            "geometry": {
                "type": "Point",
                "coordinates": [
                    136.9200298,
                    35.2400328
                ]
            },
            "properties": {
                "addr:city": "愛知県西春日井郡豊山町大字豊場字神戸",
                "addr:housenumber": "31-5",
                "branch": "豊山店",
                "brand": "西友",
                "brand:en": "Seiyu",
                "brand:ja": "西友",
                "brand:wikidata": "Q3108542",
                "brand:wikipedia": "en:Seiyu Group",
                "building": "retail",
                "check_date": "2025-09-13",
                "name": "西友",
                "name:en": "Seiyu",
                "name:ja": "西友",
                "opening_hours": "24/7",
                "phone": "+81 568 29 3730",
                "shop": "supermarket",
                "osm_type": "way",
                "osm_id": 236942682,
                "tag": "shop=supermarket"
            }
        },
        {
            "type": "Feature",
            "geometry": {
                "type": "Point",
                "coordinates": [
                    136.9050394,
                    35.2353921
                ]
            },
            "properties": {
                "building": "retail",
                "name": "生鮮館 やまひこ",
                "shop": "supermarket",
                "osm_type": "way",
                "osm_id": 236944756,
                "tag": "shop=supermarket"
            }
        },
        {
            "type": "Feature",
            "geometry": {
                "type": "Point",
                "coordinates": [
                    136.8133347,
                    35.2992826
                ]
            },
            "properties": {
                "building": "retail",
                "name": "アオキスーパー",
                "shop": "supermarket",
                "source": "GSI/KIBAN 2500; NARO",
                "source_ref": "http://wiki.osm.org/wiki/GSI_KIBAN; NARO",
                "osm_type": "way",
                "osm_id": 239279322,
                "tag": "shop=supermarket"
            }
        },
        {
            "type": "Feature",
            "geometry": {
                "type": "Point",
                "coordinates": [
                    136.9422876,
                    35.3095106
                ]
            },
            "properties": {
                "addr:block_number": "319",
                "addr:city": "小牧市",
                "addr:city:ja_kana": "こまきし",
                "addr:country": "JP",
                "addr:neighbourhood": "字下仲田",
                "addr:neighbourhood:ja_kana": "しもなかだ",
                "addr:postcode": "485-0828",
                "addr:province": "愛知県",
                "addr:province:ja_kana": "あいちけん",
                "addr:quarter": "大字小松寺",
                "addr:quarter:ja_kana": "おおあざこまつじ",
                "branch": "味岡店",
                "branch:ja_kana": "あじおかてん",
                "brand": "西友",
                "brand:en": "Seiyu",
                "brand:ja": "西友",
                "brand:wikidata": "Q3108542",
                "brand:wikipedia": "en:Seiyu Group",
                "building": "retail",
                "name": "西友",
                "name:en": "Seiyu",
                "name:ja": "西友",
                "name:ja-Hira": "せいゆう",
                "name:ja_rm": "Seiyu",
                "phone": "+81 568-73-5661",
                "shop": "supermarket",
                "osm_type": "way",
                "osm_id": 240353066,
                "tag": "shop=supermarket"
            }
        },
        {
            "type": "Feature",
            "geometry": {
                "type": "Point",
                "coordinates": [
                    137.6993915,
                    34.7231858
                ]
            },
            "properties": {
                "building": "retail",
                "name": "コープ静岡　富塚店",
                "shop": "supermarket",
                "osm_type": "way",
                "osm_id": 245014051,
                "tag": "shop=supermarket"
            }
        },
        {
            "type": "Feature",
            "geometry": {
                "type": "Point",
                "coordinates": [
                    137.0641731,
                    35.4270699
                ]
            },
            "properties": {
                "brand": "ドン・キホーテ",
                "brand:en": "Don Quijote",
                "brand:ja": "ドン・キホーテ",
                "brand:wikidata": "Q1185381",
                "building": "yes",
                "name": "ドン・キホーテUNY",
                "name:en": "Don Quijote UNY",
                "name:ja": "ドン・キホーテUNY",
                "opening_hours": "24/7",
                "operator": "UDリテール",
                "operator:en": "UD Retail",
                "operator:ja": "UDリテール",
                "operator:wikidata": "Q65232987",
                "shop": "supermarket",
                "short_name": "ドンキ",
                "short_name:en": "Donki",
                "short_name:ja": "ドンキ",
                "osm_type": "way",
                "osm_id": 245144135,
                "tag": "shop=supermarket"
            }
        },
        {
            "type": "Feature",
            "geometry": {
                "type": "Point",
                "coordinates": [
                    137.4914655,
                    34.7201082
                ]
            },
            "properties": {
                "addr:block_number": "3",
                "addr:city": "湖西市",
                "addr:housenumber": "1",
                "addr:neighbourhood": "駅南一丁目",
                "addr:postcode": "431-0422",
                "building": "retail",
                "name": "パレマルシェ 新所原店",
                "phone": "053-577-5111",
                "shop": "supermarket",
                "website": "http://www.okuwa.net/store/pare/013.html",
                "osm_type": "way",
                "osm_id": 245579949,
                "tag": "shop=supermarket"
            }
        },
        {
            "type": "Feature",
            "geometry": {
                "type": "Point",
                "coordinates": [
                    136.9571659,
                    35.2785955
                ]
            },
            "properties": {
                "branch": "ハッピーテーブル",
                "building": "retail",
                "name": "フィール",
                "name:en": "Feel",
                "opening_hours": "Mo-Sa 10:00-20:00; Su 09:30-20:00",
                "phone": "+81 568-89-2116",
                "shop": "supermarket",
                "website": "https://feel-corp.jp/store/owari-area/kasugai-city/entry-74.html",
                "osm_type": "way",
                "osm_id": 246576101,
                "tag": "shop=supermarket"
            }
        },
        {
            "type": "Feature",
            "geometry": {
                "type": "Point",
                "coordinates": [
                    137.7547656,
                    34.6906692
                ]
            },
            "properties": {
                "building": "retail",
                "name": "コープしずおかさんじの店",
                "shop": "supermarket",
                "source": "GSI/KIBAN 2500",
                "osm_type": "way",
                "osm_id": 250516766,
                "tag": "shop=supermarket"
            }
        },
        {
            "type": "Feature",
            "geometry": {
                "type": "Point",
                "coordinates": [
                    137.7606891,
                    34.6999929
                ]
            },
            "properties": {
                "name": "スーパーマーケット　マム",
                "shop": "supermarket",
                "osm_type": "way",
                "osm_id": 255748963,
                "tag": "shop=supermarket"
            }
        },
        {
            "type": "Feature",
            "geometry": {
                "type": "Point",
                "coordinates": [
                    137.3221736,
                    34.8432153
                ]
            },
            "properties": {
                "branch": "豊川御油店",
                "building": "retail",
                "building:levels": "1",
                "name": "業務スーパー",
                "shop": "supermarket",
                "source": "survey",
                "osm_type": "way",
                "osm_id": 256450442,
                "tag": "shop=supermarket"
            }
        },
        {
            "type": "Feature",
            "geometry": {
                "type": "Point",
                "coordinates": [
                    137.7173525,
                    34.7644914
                ]
            },
            "properties": {
                "shop": "supermarket",
                "osm_type": "way",
                "osm_id": 259684254,
                "tag": "shop=supermarket"
            }
        },
        {
            "type": "Feature",
            "geometry": {
                "type": "Point",
                "coordinates": [
                    136.8355351,
                    35.212611
                ]
            },
            "properties": {
                "branch": "清須店",
                "building": "retail",
                "name": "フィール",
                "shop": "supermarket",
                "osm_type": "way",
                "osm_id": 262795730,
                "tag": "shop=supermarket"
            }
        },
        {
            "type": "Feature",
            "geometry": {
                "type": "Point",
                "coordinates": [
                    137.5434285,
                    34.7129847
                ]
            },
            "properties": {
                "addr:city": "湖西市鷲津",
                "addr:housenumber": "760-2",
                "addr:postcode": "431-0431",
                "branch": "湖西店",
                "building": "retail",
                "name": "遠鉄ストア",
                "phone": "053-576-2331",
                "shop": "supermarket",
                "website": "https://www.entstore.co.jp/shop/kosai.html",
                "osm_type": "way",
                "osm_id": 264864231,
                "tag": "shop=supermarket"
            }
        },
        {
            "type": "Feature",
            "geometry": {
                "type": "Point",
                "coordinates": [
                    136.9745994,
                    34.9787972
                ]
            },
            "properties": {
                "building": "retail",
                "name": "イオン東浦店",
                "shop": "supermarket",
                "osm_type": "way",
                "osm_id": 265947455,
                "tag": "shop=supermarket"
            }
        },
        {
            "type": "Feature",
            "geometry": {
                "type": "Point",
                "coordinates": [
                    136.74243,
                    35.2686559
                ]
            },
            "properties": {
                "name": "ヤクルト玉野店",
                "shop": "supermarket",
                "osm_type": "way",
                "osm_id": 266142455,
                "tag": "shop=supermarket"
            }
        },
        {
            "type": "Feature",
            "geometry": {
                "type": "Point",
                "coordinates": [
                    137.0435276,
                    35.4256404
                ]
            },
            "properties": {
                "building": "retail",
                "name": "ビッグリブ",
                "shop": "supermarket",
                "osm_type": "way",
                "osm_id": 277800896,
                "tag": "shop=supermarket"
            }
        },
        {
            "type": "Feature",
            "geometry": {
                "type": "Point",
                "coordinates": [
                    136.6489274,
                    35.2931668
                ]
            },
            "properties": {
                "building": "retail",
                "name": "イオンタウン輪之内",
                "shop": "supermarket",
                "wikidata": "Q11286036",
                "wikipedia": "ja:イオンタウン輪之内ショッピングセンター",
                "osm_type": "way",
                "osm_id": 282624010,
                "tag": "shop=supermarket"
            }
        },
        {
            "type": "Feature",
            "geometry": {
                "type": "Point",
                "coordinates": [
                    136.7708338,
                    35.3241319
                ]
            },
            "properties": {
                "building": "retail",
                "name": "カネスエ",
                "shop": "supermarket",
                "osm_type": "way",
                "osm_id": 285821870,
                "tag": "shop=supermarket"
            }
        },
        {
            "type": "Feature",
            "geometry": {
                "type": "Point",
                "coordinates": [
                    137.7357609,
                    34.6996165
                ]
            },
            "properties": {
                "addr:city": "浜松市",
                "addr:housenumber": "222",
                "addr:neighbourhood": "砂山町",
                "addr:postcode": "430-0926",
                "addr:province": "静岡県",
                "addr:suburb": "中央区",
                "building": "retail",
                "name": "ビオ・あつみ エピスリー浜松",
                "opening_hours": "Mo-Su 09:30-21:00",
                "shop": "supermarket",
                "source": "survey, 2014-06-15",
                "website": "http://www.bioatsumi.com/",
                "osm_type": "way",
                "osm_id": 288154102,
                "tag": "shop=supermarket"
            }
        },
        {
            "type": "Feature",
            "geometry": {
                "type": "Point",
                "coordinates": [
                    136.977036,
                    35.2492344
                ]
            },
            "properties": {
                "brand": "ヤマナカ",
                "brand:en": "Yamanaka",
                "brand:ja": "ヤマナカ",
                "brand:wikidata": "Q11345199",
                "brand:wikipedia": "ja:ヤマナカ",
                "building": "retail",
                "name": "ヤマナカ",
                "name:en": "Yamanaka",
                "name:ja": "ヤマナカ",
                "shop": "supermarket",
                "osm_type": "way",
                "osm_id": 291118460,
                "tag": "shop=supermarket"
            }
        },
        {
            "type": "Feature",
            "geometry": {
                "type": "Point",
                "coordinates": [
                    136.9117743,
                    35.03969
                ]
            },
            "properties": {
                "building": "retail",
                "name": "FEELホームタウン",
                "shop": "supermarket",
                "osm_type": "way",
                "osm_id": 292250335,
                "tag": "shop=supermarket"
            }
        },
        {
            "type": "Feature",
            "geometry": {
                "type": "Point",
                "coordinates": [
                    136.7900737,
                    35.3444617
                ]
            },
            "properties": {
                "amenity": "parking",
                "name": "アピタ木曽川店",
                "parking": "surface",
                "shop": "supermarket",
                "source": "Bing",
                "osm_type": "way",
                "osm_id": 295387368,
                "tag": "shop=supermarket"
            }
        },
        {
            "type": "Feature",
            "geometry": {
                "type": "Point",
                "coordinates": [
                    136.8359637,
                    35.2354584
                ]
            },
            "properties": {
                "branch": "清須春日店",
                "building": "retail",
                "name": "マックス・バリュー",
                "shop": "supermarket",
                "osm_type": "way",
                "osm_id": 297498463,
                "tag": "shop=supermarket"
            }
        },
        {
            "type": "Feature",
            "geometry": {
                "type": "Point",
                "coordinates": [
                    137.322367,
                    35.2170838
                ]
            },
            "properties": {
                "building": "retail",
                "name": "坂口屋",
                "shop": "supermarket",
                "source": "Bing",
                "osm_type": "way",
                "osm_id": 301337155,
                "tag": "shop=supermarket"
            }
        },
        {
            "type": "Feature",
            "geometry": {
                "type": "Point",
                "coordinates": [
                    137.3228515,
                    35.2167965
                ]
            },
            "properties": {
                "building": "retail",
                "name": "まるや商店",
                "shop": "supermarket",
                "source": "Bing",
                "osm_type": "way",
                "osm_id": 301612795,
                "tag": "shop=supermarket"
            }
        },
        {
            "type": "Feature",
            "geometry": {
                "type": "Point",
                "coordinates": [
                    136.9152495,
                    35.1934789
                ]
            },
            "properties": {
                "building": "retail",
                "building:levels": "1",
                "ele": "5.7",
                "height": "9.3",
                "name": "ヤマナカ清水店",
                "shop": "supermarket",
                "source": "MLIT_PLATEAU bldg_9d8bb006-3b48-4fde-b6b8-aafafb03d996",
                "osm_type": "way",
                "osm_id": 302008605,
                "tag": "shop=supermarket"
            }
        },
        {
            "type": "Feature",
            "geometry": {
                "type": "Point",
                "coordinates": [
                    136.9064556,
                    35.197937
                ]
            },
            "properties": {
                "building": "retail",
                "name": "コープあいち",
                "shop": "supermarket",
                "source": "GSI/KIBAN 2500;NARO",
                "osm_type": "way",
                "osm_id": 302013245,
                "tag": "shop=supermarket"
            }
        },
        {
            "type": "Feature",
            "geometry": {
                "type": "Point",
                "coordinates": [
                    136.8760669,
                    35.1560659
                ]
            },
            "properties": {
                "air_conditioning": "yes",
                "branch": "豊成店",
                "brand": "平和堂",
                "brand:en": "HEIWADO",
                "brand:ja": "平和堂",
                "brand:wikidata": "Q11060757",
                "building": "retail",
                "changing_table": "yes",
                "fax": "+81 52-365-3575",
                "name": "平和堂",
                "name:en": "HEIWADO",
                "name:ja": "平和堂",
                "opening_hours": "Mo-Su 09:30-21:30",
                "phone": "+81 52-365-3570",
                "shop": "supermarket",
                "toilets": "yes",
                "wheelchair": "yes",
                "osm_type": "way",
                "osm_id": 303603994,
                "tag": "shop=supermarket"
            }
        },
        {
            "type": "Feature",
            "geometry": {
                "type": "Point",
                "coordinates": [
                    136.8560152,
                    35.3430393
                ]
            },
            "properties": {
                "brand": "アピタ",
                "brand:en": "APITA",
                "brand:ja": "アピタ",
                "brand:wikidata": "Q55384637",
                "building": "yes",
                "name": "アピタ",
                "name:en": "APITA",
                "name:ja": "アピタ",
                "shop": "supermarket",
                "osm_type": "way",
                "osm_id": 306068499,
                "tag": "shop=supermarket"
            }
        },
        {
            "type": "Feature",
            "geometry": {
                "type": "Point",
                "coordinates": [
                    136.9966175,
                    35.167054
                ]
            },
            "properties": {
                "branch": "一社店",
                "brand": "マックスバリュ",
                "brand:en": "Maxvalu Tokai",
                "brand:ja": "マックスバリュ",
                "brand:wikidata": "Q1960109",
                "brand:wikipedia": "en:MaxValu",
                "building": "retail",
                "building:levels": "2",
                "ele": "49.7",
                "height": "12.3",
                "name": "マックスバリュ",
                "name:en": "Maxvalu Tokai",
                "name:ja": "マックスバリュ",
                "operator": "マックスバリュ中部",
                "shop": "supermarket",
                "source": "MLIT_PLATEAU bldg_8a84d32b-72ad-4f84-b4b3-88463cf0011a",
                "osm_type": "way",
                "osm_id": 307913577,
                "tag": "shop=supermarket"
            }
        },
        {
            "type": "Feature",
            "geometry": {
                "type": "Point",
                "coordinates": [
                    136.9961686,
                    35.1644762
                ]
            },
            "properties": {
                "branch": "一社店",
                "brand": "バロー",
                "brand:en": "Valor",
                "brand:ja": "バロー",
                "brand:wikidata": "Q11328346",
                "brand:wikipedia": "ja:バロー (チェーンストア)",
                "building": "retail",
                "building:levels": "2",
                "ele": "56.8",
                "height": "14.2",
                "name": "バロー",
                "name:en": "Valor",
                "name:ja": "バロー",
                "shop": "supermarket",
                "source": "MLIT_PLATEAU bldg_30843bfb-ab99-44dd-8f16-4ba74ca6173f",
                "osm_type": "way",
                "osm_id": 307914855,
                "tag": "shop=supermarket"
            }
        },
        {
            "type": "Feature",
            "geometry": {
                "type": "Point",
                "coordinates": [
                    137.0031778,
                    35.1606733
                ]
            },
            "properties": {
                "branch": "メイトピア店",
                "building": "retail",
                "building:levels": "2",
                "ele": "33.1",
                "height": "17.9",
                "name": "イオンメイトピア",
                "opening_hours": "09:00-21:45",
                "shop": "supermarket",
                "source": "MLIT_PLATEAU bldg_2a94b4ca-55f6-4082-ad83-65f5d1c2215a",
                "osm_type": "way",
                "osm_id": 312445221,
                "tag": "shop=supermarket"
            }
        },
        {
            "type": "Feature",
            "geometry": {
                "type": "Point",
                "coordinates": [
                    136.9263881,
                    35.1713439
                ]
            },
            "properties": {
                "branch": "車道店",
                "brand": "バロー",
                "brand:en": "Valor",
                "brand:ja": "バロー",
                "brand:wikidata": "Q11328346",
                "brand:wikipedia": "ja:バロー (チェーンストア)",
                "building": "retail",
                "building:levels": "2",
                "ele": "11.4",
                "height": "13.6",
                "name": "バロー",
                "name:en": "Valor",
                "name:ja": "バロー",
                "opening_hours": "09:00-23:00",
                "shop": "supermarket",
                "source": "MLIT_PLATEAU bldg_1e5a8d04-2fef-4092-a32d-36899687163e",
                "osm_type": "way",
                "osm_id": 312616739,
                "tag": "shop=supermarket"
            }
        },
        {
            "type": "Feature",
            "geometry": {
                "type": "Point",
                "coordinates": [
                    137.0372191,
                    35.2150579
                ]
            },
            "properties": {
                "addr:city": "尾張旭市",
                "addr:province": "愛知県",
                "name": "尾張旭ショッピングタウンアスカ",
                "shop": "supermarket",
                "source": "bing",
                "osm_type": "way",
                "osm_id": 317749505,
                "tag": "shop=supermarket"
            }
        },
        {
            "type": "Feature",
            "geometry": {
                "type": "Point",
                "coordinates": [
                    136.951567,
                    35.021292
                ]
            },
            "properties": {
                "brand": "アピタ",
                "brand:en": "APITA",
                "brand:ja": "アピタ",
                "brand:wikidata": "Q55384637",
                "building": "yes",
                "name": "アピタ",
                "name:en": "APITA",
                "name:ja": "アピタ",
                "shop": "supermarket",
                "osm_type": "way",
                "osm_id": 321456587,
                "tag": "shop=supermarket"
            }
        },
        {
            "type": "Feature",
            "geometry": {
                "type": "Point",
                "coordinates": [
                    137.4143619,
                    34.7604871
                ]
            },
            "properties": {
                "addr:block_number": "1",
                "addr:city": "豊橋市",
                "addr:housenumber": "１２０",
                "addr:neighbourhood": "仲ノ町",
                "addr:province": "愛知県",
                "addr:street": "魚町",
                "branch": "東店",
                "name": "サンヨネ",
                "opening_hours": "Mo-Sa 09:50-19:00; Sa,PH 09:30-19:00",
                "phone": "+81-532-62-3333",
                "shop": "supermarket",
                "osm_type": "way",
                "osm_id": 326302351,
                "tag": "shop=supermarket"
            }
        },
        {
            "type": "Feature",
            "geometry": {
                "type": "Point",
                "coordinates": [
                    137.7199175,
                    34.703509
                ]
            },
            "properties": {
                "name": "中野薬局",
                "shop": "supermarket",
                "osm_type": "way",
                "osm_id": 354253659,
                "tag": "shop=supermarket"
            }
        },
        {
            "type": "Feature",
            "geometry": {
                "type": "Point",
                "coordinates": [
                    137.7159621,
                    34.703062
                ]
            },
            "properties": {
                "building": "yes",
                "name": "天竜屋",
                "shop": "supermarket",
                "source": "GSI/KIBAN 2500; NARO",
                "osm_type": "way",
                "osm_id": 354254158,
                "tag": "shop=supermarket"
            }
        },
        {
            "type": "Feature",
            "geometry": {
                "type": "Point",
                "coordinates": [
                    136.958973,
                    35.1451503
                ]
            },
            "properties": {
                "branch": "滝川町店",
                "brand": "バロー",
                "brand:en": "Valor",
                "brand:ja": "バロー",
                "brand:wikidata": "Q11328346",
                "brand:wikipedia": "ja:バロー (チェーンストア)",
                "building": "retail",
                "building:levels": "1",
                "ele": "31.6",
                "height": "9.8",
                "name": "バロー",
                "name:en": "Valor",
                "name:ja": "バロー",
                "shop": "supermarket",
                "source": "MLIT_PLATEAU bldg_0c609221-5875-4b43-afd4-382cb38b3746",
                "osm_type": "way",
                "osm_id": 354585794,
                "tag": "shop=supermarket"
            }
        },
        {
            "type": "Feature",
            "geometry": {
                "type": "Point",
                "coordinates": [
                    137.7223225,
                    34.7343262
                ]
            },
            "properties": {
                "building": "yes",
                "name": "エブリィビッグデー",
                "name:en": "Every Bigday",
                "shop": "supermarket",
                "osm_type": "way",
                "osm_id": 355014468,
                "tag": "shop=supermarket"
            }
        },
        {
            "type": "Feature",
            "geometry": {
                "type": "Point",
                "coordinates": [
                    137.7225118,
                    34.7599719
                ]
            },
            "properties": {
                "branch": "葵町店",
                "brand": "ザ・ビッグ",
                "brand:en": "THE BIG",
                "brand:ja": "ザ・ビッグ",
                "brand:wikidata": "Q11306676",
                "building": "retail",
                "building:levels": "2",
                "name": "ザ・ビッグ",
                "name:en": "THE BIG",
                "name:ja": "ザ・ビッグ",
                "shop": "supermarket",
                "osm_type": "way",
                "osm_id": 355687800,
                "tag": "shop=supermarket"
            }
        },
        {
            "type": "Feature",
            "geometry": {
                "type": "Point",
                "coordinates": [
                    137.0225197,
                    35.2834622
                ]
            },
            "properties": {
                "branch": "春日井坂下店",
                "brand": "マックスバリュ",
                "brand:en": "MaxValu",
                "brand:ja": "マックスバリュ",
                "brand:wikidata": "Q11340427",
                "brand:wikipedia": "en:MaxValu",
                "building": "yes",
                "name": "マックスバリュ",
                "name:en": "MaxValu",
                "name:ja": "マックスバリュ",
                "opening_hours": "07:00-23:00",
                "shop": "supermarket",
                "osm_type": "way",
                "osm_id": 360433702,
                "tag": "shop=supermarket"
            }
        },
        {
            "type": "Feature",
            "geometry": {
                "type": "Point",
                "coordinates": [
                    137.0203434,
                    35.2916205
                ]
            },
            "properties": {
                "building": "yes",
                "name": "坂下ショッピングセンターファミリーショップアミ",
                "shop": "supermarket",
                "osm_type": "way",
                "osm_id": 360673362,
                "tag": "shop=supermarket"
            }
        },
        {
            "type": "Feature",
            "geometry": {
                "type": "Point",
                "coordinates": [
                    137.0240738,
                    35.2735349
                ]
            },
            "properties": {
                "brand": "バロー",
                "brand:en": "Valor",
                "brand:ja": "バロー",
                "brand:wikidata": "Q11328346",
                "brand:wikipedia": "ja:バロー (チェーンストア)",
                "building": "yes",
                "name": "バロー",
                "name:en": "Valor",
                "name:ja": "バロー",
                "shop": "supermarket",
                "osm_type": "way",
                "osm_id": 360675240,
                "tag": "shop=supermarket"
            }
        },
        {
            "type": "Feature",
            "geometry": {
                "type": "Point",
                "coordinates": [
                    137.0290557,
                    35.2623731
                ]
            },
            "properties": {
                "building": "yes",
                "name": "ピアゴ気噴店",
                "shop": "supermarket",
                "osm_type": "way",
                "osm_id": 360678997,
                "tag": "shop=supermarket"
            }
        },
        {
            "type": "Feature",
            "geometry": {
                "type": "Point",
                "coordinates": [
                    137.7924628,
                    34.8293785
                ]
            },
            "properties": {
                "building": "retail",
                "name": "ビアゴ於呂店",
                "shop": "supermarket",
                "source": "Bung",
                "osm_type": "way",
                "osm_id": 365435381,
                "tag": "shop=supermarket"
            }
        },
        {
            "type": "Feature",
            "geometry": {
                "type": "Point",
                "coordinates": [
                    137.7989573,
                    34.8326181
                ]
            },
            "properties": {
                "building": "retail",
                "name": "スーパーこでら",
                "shop": "supermarket",
                "source": "Bing",
                "osm_type": "way",
                "osm_id": 365435642,
                "tag": "shop=supermarket"
            }
        },
        {
            "type": "Feature",
            "geometry": {
                "type": "Point",
                "coordinates": [
                    137.7989469,
                    34.8243521
                ]
            },
            "properties": {
                "building": "retail",
                "name": "スーパーつぼい",
                "shop": "supermarket",
                "source": "Bing",
                "osm_type": "way",
                "osm_id": 365463101,
                "tag": "shop=supermarket"
            }
        },
        {
            "type": "Feature",
            "geometry": {
                "type": "Point",
                "coordinates": [
                    137.6924011,
                    34.6879084
                ]
            },
            "properties": {
                "branch": "可美店",
                "building": "retail",
                "name": "クックマート",
                "name:en": "COOK MART",
                "shop": "supermarket",
                "osm_type": "way",
                "osm_id": 370129923,
                "tag": "shop=supermarket"
            }
        },
        {
            "type": "Feature",
            "geometry": {
                "type": "Point",
                "coordinates": [
                    137.3987997,
                    34.8187659
                ]
            },
            "properties": {
                "building": "retail",
                "name": "ひまわり農協 グリーンセンター豊川",
                "shop": "supermarket",
                "source": "Bing; survey",
                "osm_type": "way",
                "osm_id": 371493535,
                "tag": "shop=supermarket"
            }
        },
        {
            "type": "Feature",
            "geometry": {
                "type": "Point",
                "coordinates": [
                    137.3557546,
                    34.8313436
                ]
            },
            "properties": {
                "branch": "豊川西店",
                "building": "retail",
                "name": "フィール",
                "shop": "supermarket",
                "source": "survey",
                "osm_type": "way",
                "osm_id": 374308127,
                "tag": "shop=supermarket"
            }
        },
        {
            "type": "Feature",
            "geometry": {
                "type": "Point",
                "coordinates": [
                    136.6711094,
                    35.4864428
                ]
            },
            "properties": {
                "building": "yes",
                "name": "トミダヤ",
                "shop": "supermarket",
                "osm_type": "way",
                "osm_id": 375385584,
                "tag": "shop=supermarket"
            }
        },
        {
            "type": "Feature",
            "geometry": {
                "type": "Point",
                "coordinates": [
                    137.558735,
                    34.6934365
                ]
            },
            "properties": {
                "building": "retail",
                "name": "かきこや",
                "name:en": "Kakikoya",
                "shop": "supermarket",
                "source": "Bing, 3/16/2013-3/16/2013; survey",
                "survey:date": "2015-11-01",
                "osm_type": "way",
                "osm_id": 377822131,
                "tag": "shop=supermarket"
            }
        },
        {
            "type": "Feature",
            "geometry": {
                "type": "Point",
                "coordinates": [
                    137.0294226,
                    34.8109597
                ]
            },
            "properties": {
                "building": "yes",
                "shop": "supermarket",
                "osm_type": "way",
                "osm_id": 378846863,
                "tag": "shop=supermarket"
            }
        },
        {
            "type": "Feature",
            "geometry": {
                "type": "Point",
                "coordinates": [
                    137.0329224,
                    34.8059342
                ]
            },
            "properties": {
                "building": "yes",
                "shop": "supermarket",
                "osm_type": "way",
                "osm_id": 378846882,
                "tag": "shop=supermarket"
            }
        },
        {
            "type": "Feature",
            "geometry": {
                "type": "Point",
                "coordinates": [
                    136.9632661,
                    35.089009
                ]
            },
            "properties": {
                "building:levels": "1",
                "building:part": "retail",
                "ele": "31.6",
                "height": "13.4",
                "name": "ウオダイ",
                "shop": "supermarket",
                "source": "MLIT_PLATEAU bldg_1d3ba31d-ecc3-48a0-8f7a-18c601c995d7",
                "osm_type": "way",
                "osm_id": 382370515,
                "tag": "shop=supermarket"
            }
        },
        {
            "type": "Feature",
            "geometry": {
                "type": "Point",
                "coordinates": [
                    136.7713529,
                    35.3532348
                ]
            },
            "properties": {
                "brand": "平和堂",
                "brand:en": "HEIWADO",
                "brand:ja": "平和堂",
                "brand:wikidata": "Q11060757",
                "building": "retail",
                "name": "平和堂",
                "name:en": "HEIWADO",
                "name:ja": "平和堂",
                "shop": "supermarket",
                "source": "Bing",
                "osm_type": "way",
                "osm_id": 382465332,
                "tag": "shop=supermarket"
            }
        },
        {
            "type": "Feature",
            "geometry": {
                "type": "Point",
                "coordinates": [
                    136.9850935,
                    34.8721864
                ]
            },
            "properties": {
                "brand": "バロー",
                "brand:en": "Valor",
                "brand:ja": "バロー",
                "brand:wikidata": "Q11328346",
                "brand:wikipedia": "ja:バロー (チェーンストア)",
                "building": "yes",
                "name": "バロー",
                "name:en": "Valor",
                "name:ja": "バロー",
                "shop": "supermarket",
                "osm_type": "way",
                "osm_id": 382973674,
                "tag": "shop=supermarket"
            }
        },
        {
            "type": "Feature",
            "geometry": {
                "type": "Point",
                "coordinates": [
                    137.1616697,
                    34.889538
                ]
            },
            "properties": {
                "branch": "幸田店",
                "brand": "マックスバリュ",
                "brand:en": "MaxValu",
                "brand:ja": "マックスバリュ",
                "brand:wikidata": "Q11340427",
                "building": "yes",
                "name": "マックスバリュ",
                "name:en": "MaxValu",
                "name:ja": "マックスバリュ",
                "operator": "マックスバリュ東海",
                "shop": "supermarket",
                "source": "Bing",
                "osm_type": "way",
                "osm_id": 383025869,
                "tag": "shop=supermarket"
            }
        },
        {
            "type": "Feature",
            "geometry": {
                "type": "Point",
                "coordinates": [
                    136.9636917,
                    35.2077737
                ]
            },
            "properties": {
                "brand": "ピアゴ",
                "brand:en": "PIAGO",
                "brand:ja": "ピアゴ",
                "brand:wikidata": "Q91014434",
                "building": "retail",
                "building:levels": "3",
                "ele": "12",
                "height": "15",
                "name": "ピアゴ",
                "name:en": "PIAGO",
                "name:ja": "ピアゴ",
                "shop": "supermarket",
                "osm_type": "way",
                "osm_id": 383270128,
                "tag": "shop=supermarket"
            }
        },
        {
            "type": "Feature",
            "geometry": {
                "type": "Point",
                "coordinates": [
                    137.1479468,
                    34.9339752
                ]
            },
            "properties": {
                "building": "yes",
                "name": "ピアゴ上和田店",
                "shop": "supermarket",
                "osm_type": "way",
                "osm_id": 404488208,
                "tag": "shop=supermarket"
            }
        },
        {
            "type": "Feature",
            "geometry": {
                "type": "Point",
                "coordinates": [
                    137.0536259,
                    34.998177
                ]
            },
            "properties": {
                "addr:block_number": "大山18番地の1",
                "addr:city": "知立市長篠町",
                "addr:postcode": "472-0045",
                "addr:province": "愛知県",
                "brand": "アピタ",
                "brand:en": "APITA",
                "brand:ja": "アピタ",
                "brand:wikidata": "Q55384637",
                "building": "yes",
                "name": "アピタ",
                "name:en": "APITA",
                "name:ja": "アピタ",
                "opening_hours": "9:00-22:00",
                "payment:cash": "yes",
                "payment:credit_cards": "yes",
                "phone": "+81 566 85 3611",
                "shop": "supermarket",
                "wikidata": "Q11298198",
                "wikipedia": "ja:ギャラリエアピタ知立店",
                "osm_type": "way",
                "osm_id": 411691504,
                "tag": "shop=supermarket"
            }
        },
        {
            "type": "Feature",
            "geometry": {
                "type": "Point",
                "coordinates": [
                    137.7321242,
                    34.7245915
                ]
            },
            "properties": {
                "building": "yes",
                "name": "遠鉄ストア フードワン高林店",
                "shop": "supermarket",
                "osm_type": "way",
                "osm_id": 423051385,
                "tag": "shop=supermarket"
            }
        },
        {
            "type": "Feature",
            "geometry": {
                "type": "Point",
                "coordinates": [
                    137.6319995,
                    35.3244503
                ]
            },
            "properties": {
                "building": "yes",
                "name": "ひまわり市場",
                "name:en": "Himawari Market Hiraya",
                "name:ja": "ひまわり市場",
                "shop": "supermarket",
                "osm_type": "way",
                "osm_id": 427579894,
                "tag": "shop=supermarket"
            }
        },
        {
            "type": "Feature",
            "geometry": {
                "type": "Point",
                "coordinates": [
                    136.9632249,
                    34.9124893
                ]
            },
            "properties": {
                "building": "yes",
                "name": "トライアル　半田亀崎店",
                "shop": "supermarket",
                "osm_type": "way",
                "osm_id": 428165186,
                "tag": "shop=supermarket"
            }
        },
        {
            "type": "Feature",
            "geometry": {
                "type": "Point",
                "coordinates": [
                    136.9262614,
                    34.8955189
                ]
            },
            "properties": {
                "addr:city": "半田市",
                "addr:housenumber": "5",
                "addr:province": "愛知県",
                "addr:quarter": "泉町",
                "building": "yes",
                "name": "ピアゴ半田店",
                "shop": "supermarket",
                "osm_type": "way",
                "osm_id": 430452653,
                "tag": "shop=supermarket"
            }
        },
        {
            "type": "Feature",
            "geometry": {
                "type": "Point",
                "coordinates": [
                    136.9229479,
                    34.898773
                ]
            },
            "properties": {
                "branch": "星崎店",
                "building": "yes",
                "name": "ISHIHARA",
                "shop": "supermarket",
                "osm_type": "way",
                "osm_id": 430453220,
                "tag": "shop=supermarket"
            }
        },
        {
            "type": "Feature",
            "geometry": {
                "type": "Point",
                "coordinates": [
                    137.1681708,
                    35.009301
                ]
            },
            "properties": {
                "branch": "岩津店",
                "building": "yes",
                "name": "ドミー",
                "shop": "supermarket",
                "osm_type": "way",
                "osm_id": 435325230,
                "tag": "shop=supermarket"
            }
        },
        {
            "type": "Feature",
            "geometry": {
                "type": "Point",
                "coordinates": [
                    137.4485363,
                    34.8708385
                ]
            },
            "properties": {
                "addr:block_number": "105",
                "addr:city": "豊川市",
                "addr:country": "JP",
                "addr:full": "愛知県豊川市東上町松本227番地",
                "addr:neighbourhood": "松本",
                "addr:postcode": "441-1201",
                "addr:province": "愛知県",
                "addr:quarter": "東上町",
                "building": "yes",
                "contact:phone": "+81 533 93 6111",
                "contact:website": "http://www.ja-himawari.com/green-center.html",
                "name": "ひまわり農業協同組合 グリーンセンター一宮",
                "name:en": "JA Himawari Green Center Ichinomiya",
                "name:ja-Hira": "ひまわりのうぎょうきょうどうくみあい ぐりーんせんたーいちのみや",
                "name:ja-Latn": "Himawari Nōgyō Kyōdō Kumiai Gurīn Sentā Ichinomiya",
                "shop": "supermarket",
                "osm_type": "way",
                "osm_id": 436022481,
                "tag": "shop=supermarket"
            }
        },
        {
            "type": "Feature",
            "geometry": {
                "type": "Point",
                "coordinates": [
                    137.3166915,
                    34.8121055
                ]
            },
            "properties": {
                "addr:block_number": "67番地",
                "addr:city": "豊川市",
                "addr:neighbourhood": "松本",
                "addr:postcode": "441-0312",
                "addr:quarter": "御津町西方",
                "building": "yes",
                "name": "JAひまわり 産直ひろば御津",
                "opening_hours": "09:00-19:00",
                "operator": "JAひまわり",
                "phone": "+81 533 76 2135",
                "shop": "supermarket",
                "source": "GSImaps/std;survey;local knowledge",
                "source_ref": "http://www.chu.aichi-ja.or.jp/shop/shop-217.html",
                "osm_type": "way",
                "osm_id": 436553310,
                "tag": "shop=supermarket"
            }
        },
        {
            "type": "Feature",
            "geometry": {
                "type": "Point",
                "coordinates": [
                    137.4515283,
                    34.7220349
                ]
            },
            "properties": {
                "building": "yes",
                "name": "ニューライフフジ",
                "name:ru": "продуктовый магазин",
                "shop": "supermarket",
                "osm_type": "way",
                "osm_id": 438345773,
                "tag": "shop=supermarket"
            }
        },
        {
            "type": "Feature",
            "geometry": {
                "type": "Point",
                "coordinates": [
                    136.9341539,
                    35.4823291
                ]
            },
            "properties": {
                "brand": "バロー",
                "brand:en": "Valor",
                "brand:ja": "バロー",
                "brand:wikidata": "Q11328346",
                "brand:wikipedia": "ja:バロー (チェーンストア)",
                "building": "yes",
                "name": "バロー",
                "name:en": "Valor",
                "name:ja": "バロー",
                "shop": "supermarket",
                "osm_type": "way",
                "osm_id": 439123890,
                "tag": "shop=supermarket"
            }
        },
        {
            "type": "Feature",
            "geometry": {
                "type": "Point",
                "coordinates": [
                    136.6227323,
                    35.469471
                ]
            },
            "properties": {
                "building": "retail",
                "building:levels": "1",
                "name": "カネスエ 大野店",
                "opening_hours": "8:00-20:00",
                "phone": "0585-32-4111",
                "shop": "supermarket",
                "website": "https://www.kanesue.co.jp/?p=17",
                "osm_type": "way",
                "osm_id": 440952537,
                "tag": "shop=supermarket"
            }
        },
        {
            "type": "Feature",
            "geometry": {
                "type": "Point",
                "coordinates": [
                    136.8872119,
                    35.2686107
                ]
            },
            "properties": {
                "branch": "藤島店",
                "brand": "西友",
                "brand:en": "Seiyu",
                "brand:wikidata": "Q3108542",
                "brand:wikipedia": "en:Seiyu Group",
                "building": "yes",
                "name": "西友",
                "name:en": "Seiyu",
                "shop": "supermarket",
                "osm_type": "way",
                "osm_id": 441372764,
                "tag": "shop=supermarket"
            }
        },
        {
            "type": "Feature",
            "geometry": {
                "type": "Point",
                "coordinates": [
                    137.3858393,
                    34.8308196
                ]
            },
            "properties": {
                "building": "yes",
                "building:levels": "1",
                "name": "アミカ",
                "shop": "supermarket",
                "source": "Bing",
                "osm_type": "way",
                "osm_id": 442522934,
                "tag": "shop=supermarket"
            }
        },
        {
            "type": "Feature",
            "geometry": {
                "type": "Point",
                "coordinates": [
                    136.8837788,
                    35.2507813
                ]
            },
            "properties": {
                "branch": "師勝中央店",
                "building": "yes",
                "name": "ナフコ",
                "shop": "supermarket",
                "osm_type": "way",
                "osm_id": 445404182,
                "tag": "shop=supermarket"
            }
        },
        {
            "type": "Feature",
            "geometry": {
                "type": "Point",
                "coordinates": [
                    136.8836656,
                    35.2486756
                ]
            },
            "properties": {
                "branch": "師勝店",
                "brand": "バロー",
                "brand:en": "Valor",
                "brand:ja": "バロー",
                "brand:wikidata": "Q11328346",
                "building": "yes",
                "name": "バロー",
                "name:en": "Valor",
                "name:ja": "バロー",
                "shop": "supermarket",
                "osm_type": "way",
                "osm_id": 445404791,
                "tag": "shop=supermarket"
            }
        },
        {
            "type": "Feature",
            "geometry": {
                "type": "Point",
                "coordinates": [
                    137.2253003,
                    34.8212437
                ]
            },
            "properties": {
                "addr:city": "蒲郡市",
                "addr:province": "愛知県",
                "brand": "アピタ",
                "brand:en": "APITA",
                "brand:ja": "アピタ",
                "brand:wikidata": "Q55384637",
                "building": "yes",
                "name": "アピタ",
                "name:en": "APITA",
                "name:ja": "アピタ",
                "shop": "supermarket",
                "osm_type": "way",
                "osm_id": 446529382,
                "tag": "shop=supermarket"
            }
        },
        {
            "type": "Feature",
            "geometry": {
                "type": "Point",
                "coordinates": [
                    136.908007,
                    35.2064566
                ]
            },
            "properties": {
                "branch": "光音寺店",
                "brand": "バロー",
                "brand:en": "Valor",
                "brand:ja": "バロー",
                "brand:wikidata": "Q11328346",
                "brand:wikipedia": "ja:バロー (チェーンストア)",
                "building": "retail",
                "building:levels": "1",
                "ele": "5.1",
                "height": "14.9",
                "name": "バロー",
                "name:en": "Valor",
                "name:ja": "バロー",
                "operator": "バロー",
                "shop": "supermarket",
                "source": "MLIT_PLATEAU bldg_f5a6dc7e-52f1-4937-beb7-2f56a142eac4",
                "osm_type": "way",
                "osm_id": 452100978,
                "tag": "shop=supermarket"
            }
        },
        {
            "type": "Feature",
            "geometry": {
                "type": "Point",
                "coordinates": [
                    136.9084182,
                    35.2042401
                ]
            },
            "properties": {
                "building": "retail",
                "building:levels": "2",
                "ele": "5.5",
                "height": "9.5",
                "name": "トップワン志賀店",
                "shop": "supermarket",
                "source": "MLIT_PLATEAU bldg_33f057cb-00c0-4c33-8d42-444d7a917b29",
                "wikidata": "Q100273770",
                "wikimedia_commons": "Category:Top1 Shiga",
                "osm_type": "way",
                "osm_id": 452100980,
                "tag": "shop=supermarket"
            }
        },
        {
            "type": "Feature",
            "geometry": {
                "type": "Point",
                "coordinates": [
                    137.2107176,
                    35.5720161
                ]
            },
            "properties": {
                "building": "yes",
                "name": "マツオカ白川店",
                "shop": "supermarket",
                "osm_type": "way",
                "osm_id": 455242809,
                "tag": "shop=supermarket"
            }
        },
        {
            "type": "Feature",
            "geometry": {
                "type": "Point",
                "coordinates": [
                    137.576094,
                    35.2525214
                ]
            },
            "properties": {
                "building": "yes",
                "shop": "supermarket",
                "osm_type": "way",
                "osm_id": 463024418,
                "tag": "shop=supermarket"
            }
        },
        {
            "type": "Feature",
            "geometry": {
                "type": "Point",
                "coordinates": [
                    136.6000942,
                    34.9885137
                ]
            },
            "properties": {
                "branch": "生桑店",
                "brand": "マックスバリュ",
                "brand:en": "MaxValu",
                "brand:ja": "マックスバリュ",
                "brand:wikidata": "Q11340427",
                "brand:wikipedia": "en:MaxValu",
                "building": "retail",
                "ele": "9.7",
                "height": "8.3",
                "name": "マックスバリュ",
                "name:en": "MaxValu",
                "name:ja": "マックスバリュ",
                "shop": "supermarket",
                "source": "MLIT_PLATEAU 24202-bldg-58316",
                "start_date": "2004",
                "survey:date": "2018",
                "osm_type": "way",
                "osm_id": 463175636,
                "tag": "shop=supermarket"
            }
        },
        {
            "type": "Feature",
            "geometry": {
                "type": "Point",
                "coordinates": [
                    136.5999205,
                    34.9877921
                ]
            },
            "properties": {
                "building": "yes",
                "ele": "9.8",
                "height": "8.7",
                "name": "スーパーサンシ いくわ店",
                "shop": "supermarket",
                "source": "MLIT_PLATEAU 24202-bldg-119889",
                "start_date": "2001",
                "survey:date": "2018",
                "osm_type": "way",
                "osm_id": 463175637,
                "tag": "shop=supermarket"
            }
        },
        {
            "type": "Feature",
            "geometry": {
                "type": "Point",
                "coordinates": [
                    137.140957,
                    34.9781448
                ]
            },
            "properties": {
                "building": "yes",
                "name": "ピアゴ矢作店",
                "shop": "supermarket",
                "osm_type": "way",
                "osm_id": 463877961,
                "tag": "shop=supermarket"
            }
        },
        {
            "type": "Feature",
            "geometry": {
                "type": "Point",
                "coordinates": [
                    137.8202904,
                    34.8740593
                ]
            },
            "properties": {
                "building": "yes",
                "name": "遠鉄ストア",
                "shop": "supermarket",
                "osm_type": "way",
                "osm_id": 464543957,
                "tag": "shop=supermarket"
            }
        },
        {
            "type": "Feature",
            "geometry": {
                "type": "Point",
                "coordinates": [
                    137.1805259,
                    35.1504561
                ]
            },
            "properties": {
                "building": "yes",
                "name": "トヨタ生活協同組合藤岡店",
                "shop": "supermarket",
                "osm_type": "way",
                "osm_id": 464553356,
                "tag": "shop=supermarket"
            }
        },
        {
            "type": "Feature",
            "geometry": {
                "type": "Point",
                "coordinates": [
                    137.1616154,
                    34.9587191
                ]
            },
            "properties": {
                "building": "yes",
                "name": "アオキスーパー",
                "shop": "supermarket",
                "osm_type": "way",
                "osm_id": 466803261,
                "tag": "shop=supermarket"
            }
        },
        {
            "type": "Feature",
            "geometry": {
                "type": "Point",
                "coordinates": [
                    137.2686931,
                    34.6693897
                ]
            },
            "properties": {
                "building": "retail",
                "shop": "supermarket",
                "osm_type": "way",
                "osm_id": 468203000,
                "tag": "shop=supermarket"
            }
        },
        {
            "type": "Feature",
            "geometry": {
                "type": "Point",
                "coordinates": [
                    137.1616872,
                    34.925404
                ]
            },
            "properties": {
                "branch": "岡崎駅東店",
                "building": "yes",
                "name": "ドミー",
                "shop": "supermarket",
                "toilets:wheelchair": "yes",
                "wheelchair": "yes",
                "osm_type": "way",
                "osm_id": 475554102,
                "tag": "shop=supermarket"
            }
        },
        {
            "type": "Feature",
            "geometry": {
                "type": "Point",
                "coordinates": [
                    136.608121,
                    35.0798687
                ]
            },
            "properties": {
                "building": "yes",
                "name": "スーパーサンシ 桑名店",
                "shop": "supermarket",
                "osm_type": "way",
                "osm_id": 484434880,
                "tag": "shop=supermarket"
            }
        },
        {
            "type": "Feature",
            "geometry": {
                "type": "Point",
                "coordinates": [
                    136.763215,
                    35.3341695
                ]
            },
            "properties": {
                "branch": "木曽川店",
                "brand": "マックスバリュ",
                "brand:en": "MaxValu",
                "brand:ja": "マックスバリュ",
                "brand:wikidata": "Q11340427",
                "building": "yes",
                "name": "マックスバリュ",
                "name:en": "MaxValu",
                "name:ja": "マックスバリュ",
                "operator": "マックスバリュ東海",
                "shop": "supermarket",
                "osm_type": "way",
                "osm_id": 485807625,
                "tag": "shop=supermarket"
            }
        },
        {
            "type": "Feature",
            "geometry": {
                "type": "Point",
                "coordinates": [
                    137.0200777,
                    35.1936288
                ]
            },
            "properties": {
                "building:levels": "2",
                "building:part": "retail",
                "ele": "45.4",
                "height": "10.5",
                "name": "Frante",
                "shop": "supermarket",
                "source": "MLIT_PLATEAU bldg_12df2e0a-9171-436f-8738-0b142bf9665d",
                "osm_type": "way",
                "osm_id": 486884967,
                "tag": "shop=supermarket"
            }
        },
        {
            "type": "Feature",
            "geometry": {
                "type": "Point",
                "coordinates": [
                    137.027723,
                    35.1877084
                ]
            },
            "properties": {
                "building": "yes",
                "name": "平和堂",
                "name:en": "Heiwado",
                "shop": "supermarket",
                "osm_type": "way",
                "osm_id": 486887033,
                "tag": "shop=supermarket"
            }
        },
        {
            "type": "Feature",
            "geometry": {
                "type": "Point",
                "coordinates": [
                    136.7399592,
                    35.2144117
                ]
            },
            "properties": {
                "building": "yes",
                "name": "カネスエ",
                "shop": "supermarket",
                "osm_type": "way",
                "osm_id": 490510508,
                "tag": "shop=supermarket"
            }
        },
        {
            "type": "Feature",
            "geometry": {
                "type": "Point",
                "coordinates": [
                    137.0496068,
                    35.1164831
                ]
            },
            "properties": {
                "branch": "日進店",
                "building": "yes",
                "name": "フィール",
                "shop": "supermarket",
                "osm_type": "way",
                "osm_id": 493212923,
                "tag": "shop=supermarket"
            }
        },
        {
            "type": "Feature",
            "geometry": {
                "type": "Point",
                "coordinates": [
                    136.8626221,
                    35.3207373
                ]
            },
            "properties": {
                "building": "yes",
                "name": "セブンイレブン五明天王店",
                "shop": "supermarket",
                "osm_type": "way",
                "osm_id": 494204588,
                "tag": "shop=supermarket"
            }
        },
        {
            "type": "Feature",
            "geometry": {
                "type": "Point",
                "coordinates": [
                    136.9946375,
                    35.0533615
                ]
            },
            "properties": {
                "building": "retail",
                "name": "アミカ",
                "shop": "supermarket",
                "osm_type": "way",
                "osm_id": 494832273,
                "tag": "shop=supermarket"
            }
        },
        {
            "type": "Feature",
            "geometry": {
                "type": "Point",
                "coordinates": [
                    136.9846863,
                    35.0519156
                ]
            },
            "properties": {
                "building": "yes",
                "name": "アオキスーパー",
                "shop": "supermarket",
                "osm_type": "way",
                "osm_id": 495060720,
                "tag": "shop=supermarket"
            }
        },
        {
            "type": "Feature",
            "geometry": {
                "type": "Point",
                "coordinates": [
                    137.0008967,
                    35.079701
                ]
            },
            "properties": {
                "building:levels": "1",
                "building:part": "retail",
                "ele": "26.3",
                "height": "8.7",
                "name": "アオキスーパー",
                "shop": "supermarket",
                "source": "MLIT_PLATEAU bldg_e2b0c2a9-eb82-48f5-bf8d-389d2133d757",
                "osm_type": "way",
                "osm_id": 495084554,
                "tag": "shop=supermarket"
            }
        },
        {
            "type": "Feature",
            "geometry": {
                "type": "Point",
                "coordinates": [
                    136.7463149,
                    35.4332998
                ]
            },
            "properties": {
                "building": "retail",
                "building:levels": "2",
                "ele": "13.7",
                "height": "11.6",
                "shop": "supermarket",
                "source": "MLIT_PLATEAU bldg_7914c859-34f0-4018-ad80-1c05eba69431",
                "start_date": "2007",
                "osm_type": "way",
                "osm_id": 495442193,
                "tag": "shop=supermarket"
            }
        },
        {
            "type": "Feature",
            "geometry": {
                "type": "Point",
                "coordinates": [
                    137.0147071,
                    35.0617125
                ]
            },
            "properties": {
                "building": "yes",
                "name": "サンフレッシュ",
                "shop": "supermarket",
                "osm_type": "way",
                "osm_id": 496032992,
                "tag": "shop=supermarket"
            }
        },
        {
            "type": "Feature",
            "geometry": {
                "type": "Point",
                "coordinates": [
                    137.0162079,
                    35.0541557
                ]
            },
            "properties": {
                "building": "yes",
                "name": "フィール",
                "shop": "supermarket",
                "wheelchair": "limited",
                "osm_type": "way",
                "osm_id": 496033007,
                "tag": "shop=supermarket"
            }
        },
        {
            "type": "Feature",
            "geometry": {
                "type": "Point",
                "coordinates": [
                    137.1554829,
                    35.3144861
                ]
            },
            "properties": {
                "branch": "滝呂店",
                "brand": "西友",
                "brand:en": "Seiyu",
                "brand:ja": "西友",
                "brand:wikidata": "Q3108542",
                "building": "retail",
                "name": "西友",
                "name:en": "Seiyu",
                "name:ja": "西友",
                "shop": "supermarket",
                "osm_type": "way",
                "osm_id": 496116040,
                "tag": "shop=supermarket"
            }
        },
        {
            "type": "Feature",
            "geometry": {
                "type": "Point",
                "coordinates": [
                    137.132906,
                    35.3156771
                ]
            },
            "properties": {
                "branch": "多治見南店",
                "building": "yes",
                "name": "スーパーマーケットバロー",
                "shop": "supermarket",
                "osm_type": "way",
                "osm_id": 496123765,
                "tag": "shop=supermarket"
            }
        },
        {
            "type": "Feature",
            "geometry": {
                "type": "Point",
                "coordinates": [
                    136.9663162,
                    35.0458039
                ]
            },
            "properties": {
                "building:levels": "3",
                "building:part": "retail",
                "ele": "20.7",
                "height": "19.3",
                "name": "フィール",
                "shop": "supermarket",
                "source": "MLIT_PLATEAU bldg_4ed5e98d-cd4e-466c-9638-a63975b18fd8",
                "osm_type": "way",
                "osm_id": 496285017,
                "tag": "shop=supermarket"
            }
        },
        {
            "type": "Feature",
            "geometry": {
                "type": "Point",
                "coordinates": [
                    137.0060978,
                    35.0636305
                ]
            },
            "properties": {
                "building": "yes",
                "name": "アオキスーパー",
                "shop": "supermarket",
                "osm_type": "way",
                "osm_id": 497278986,
                "tag": "shop=supermarket"
            }
        },
        {
            "type": "Feature",
            "geometry": {
                "type": "Point",
                "coordinates": [
                    137.0971917,
                    34.951631
                ]
            },
            "properties": {
                "building": "yes",
                "name": "アオキスーパー　東明店",
                "shop": "supermarket",
                "osm_type": "way",
                "osm_id": 497647966,
                "tag": "shop=supermarket"
            }
        },
        {
            "type": "Feature",
            "geometry": {
                "type": "Point",
                "coordinates": [
                    137.0073843,
                    35.0650775
                ]
            },
            "properties": {
                "building": "yes",
                "name": "ハローフーヅ",
                "shop": "supermarket",
                "osm_type": "way",
                "osm_id": 497748888,
                "tag": "shop=supermarket"
            }
        },
        {
            "type": "Feature",
            "geometry": {
                "type": "Point",
                "coordinates": [
                    137.0904714,
                    34.9378194
                ]
            },
            "properties": {
                "building": "retail",
                "name": "アオキスーパー　古井店",
                "shop": "supermarket",
                "osm_type": "way",
                "osm_id": 498050008,
                "tag": "shop=supermarket"
            }
        },
        {
            "type": "Feature",
            "geometry": {
                "type": "Point",
                "coordinates": [
                    137.0037836,
                    35.1712034
                ]
            },
            "properties": {
                "building:part": "yes",
                "ele": "36.4",
                "height": "17.6",
                "layer": "1",
                "name": "フィールクオリテ　上社店",
                "shop": "supermarket",
                "source": "MLIT_PLATEAU bldg_ded71e95-735b-454a-ba01-454809e65d43",
                "osm_type": "way",
                "osm_id": 498107508,
                "tag": "shop=supermarket"
            }
        },
        {
            "type": "Feature",
            "geometry": {
                "type": "Point",
                "coordinates": [
                    137.0132535,
                    35.0555813
                ]
            },
            "properties": {
                "building": "retail",
                "name": "ハローフーヅ",
                "shop": "supermarket",
                "osm_type": "way",
                "osm_id": 498952520,
                "tag": "shop=supermarket"
            }
        },
        {
            "type": "Feature",
            "geometry": {
                "type": "Point",
                "coordinates": [
                    136.6780458,
                    35.3700853
                ]
            },
            "properties": {
                "building": "yes",
                "name": "PLANT-6瑞穂店",
                "shop": "supermarket",
                "osm_type": "way",
                "osm_id": 499484535,
                "tag": "shop=supermarket"
            }
        },
        {
            "type": "Feature",
            "geometry": {
                "type": "Point",
                "coordinates": [
                    136.6862928,
                    35.416797
                ]
            },
            "properties": {
                "building": "yes",
                "name": "カネスエ北方店",
                "shop": "supermarket",
                "osm_type": "way",
                "osm_id": 499489862,
                "tag": "shop=supermarket"
            }
        },
        {
            "type": "Feature",
            "geometry": {
                "type": "Point",
                "coordinates": [
                    136.6878355,
                    35.3958588
                ]
            },
            "properties": {
                "building": "yes",
                "name": "平和堂穂積店",
                "shop": "supermarket",
                "osm_type": "way",
                "osm_id": 499490374,
                "tag": "shop=supermarket"
            }
        },
        {
            "type": "Feature",
            "geometry": {
                "type": "Point",
                "coordinates": [
                    136.698981,
                    35.3907194
                ]
            },
            "properties": {
                "building": "yes",
                "name": "マックスバリュ 穂積店",
                "shop": "supermarket",
                "osm_type": "way",
                "osm_id": 499492982,
                "tag": "shop=supermarket"
            }
        },
        {
            "type": "Feature",
            "geometry": {
                "type": "Point",
                "coordinates": [
                    136.6582939,
                    35.0674431
                ]
            },
            "properties": {
                "branch": "桑名新西方店",
                "brand": "マックスバリュ",
                "brand:en": "MaxValu",
                "brand:ja": "マックスバリュ",
                "brand:wikidata": "Q11340427",
                "brand:wikipedia": "en:MaxValu",
                "building": "yes",
                "name": "マックスバリュ",
                "name:en": "MaxValu",
                "name:ja": "マックスバリュ",
                "shop": "supermarket",
                "osm_type": "way",
                "osm_id": 500705387,
                "tag": "shop=supermarket"
            }
        },
        {
            "type": "Feature",
            "geometry": {
                "type": "Point",
                "coordinates": [
                    136.8300729,
                    34.9251491
                ]
            },
            "properties": {
                "addr:city": "常滑市",
                "addr:housenumber": "10番地1",
                "addr:neighbourhood": "1丁目",
                "addr:province": "愛知県",
                "addr:quarter": "北汐見坂",
                "branch": "常滑青海店",
                "brand": "ヤマナカ",
                "brand:en": "Yamanaka",
                "brand:ja": "ヤマナカ",
                "brand:wikidata": "Q11345199",
                "building": "yes",
                "name": "ヤマナカ",
                "name:en": "Yamanaka",
                "name:ja": "ヤマナカ",
                "opening_hours": "Mo-Su 09:00-22:00",
                "shop": "supermarket",
                "osm_type": "way",
                "osm_id": 501309345,
                "tag": "shop=supermarket"
            }
        },
        {
            "type": "Feature",
            "geometry": {
                "type": "Point",
                "coordinates": [
                    137.5008499,
                    35.4963839
                ]
            },
            "properties": {
                "building": "yes",
                "shop": "supermarket",
                "osm_type": "way",
                "osm_id": 501619683,
                "tag": "shop=supermarket"
            }
        },
        {
            "type": "Feature",
            "geometry": {
                "type": "Point",
                "coordinates": [
                    137.5016224,
                    35.4945504
                ]
            },
            "properties": {
                "building": "yes",
                "shop": "supermarket",
                "osm_type": "way",
                "osm_id": 501629476,
                "tag": "shop=supermarket"
            }
        },
        {
            "type": "Feature",
            "geometry": {
                "type": "Point",
                "coordinates": [
                    137.5016338,
                    35.494306
                ]
            },
            "properties": {
                "building": "yes",
                "shop": "supermarket",
                "osm_type": "way",
                "osm_id": 501629478,
                "tag": "shop=supermarket"
            }
        },
        {
            "type": "Feature",
            "geometry": {
                "type": "Point",
                "coordinates": [
                    137.7295471,
                    34.7565116
                ]
            },
            "properties": {
                "branch": "小豆餅店",
                "brand": "業務スーパー",
                "brand:en": "Gyomu Super",
                "brand:ja": "業務スーパー",
                "brand:ja-Latn": "Gyōmu sūpā",
                "brand:wikidata": "Q105687460",
                "building": "retail",
                "name": "業務スーパー",
                "name:en": "Gyomu Super",
                "name:ja": "業務スーパー",
                "name:ja-Latn": "Gyōmu sūpā",
                "shop": "supermarket",
                "osm_type": "way",
                "osm_id": 501669083,
                "tag": "shop=supermarket"
            }
        },
        {
            "type": "Feature",
            "geometry": {
                "type": "Point",
                "coordinates": [
                    137.4303824,
                    34.7282146
                ]
            },
            "properties": {
                "building": "yes",
                "building:levels": "2",
                "name": "ヤマナカ二川店",
                "shop": "supermarket",
                "osm_type": "way",
                "osm_id": 503173826,
                "tag": "shop=supermarket"
            }
        },
        {
            "type": "Feature",
            "geometry": {
                "type": "Point",
                "coordinates": [
                    136.8698358,
                    34.9745592
                ]
            },
            "properties": {
                "building": "yes",
                "name": "マックスバリュ知多新知店",
                "shop": "supermarket",
                "osm_type": "way",
                "osm_id": 505213907,
                "tag": "shop=supermarket"
            }
        },
        {
            "type": "Feature",
            "geometry": {
                "type": "Point",
                "coordinates": [
                    136.8678786,
                    35.3518712
                ]
            },
            "properties": {
                "brand": "西友",
                "brand:en": "Seiyu",
                "brand:ja": "西友",
                "brand:wikidata": "Q3108542",
                "building": "yes",
                "name": "西友",
                "name:en": "Seiyu",
                "name:ja": "西友",
                "shop": "supermarket",
                "osm_type": "way",
                "osm_id": 506231882,
                "tag": "shop=supermarket"
            }
        },
        {
            "type": "Feature",
            "geometry": {
                "type": "Point",
                "coordinates": [
                    137.3776291,
                    34.7523446
                ]
            },
            "properties": {
                "addr:block_number": "21",
                "addr:city": "豊橋市",
                "addr:housenumber": "1",
                "addr:neighbourhood": "扇田",
                "addr:province": "愛知県",
                "addr:quarter": "牟呂町",
                "branch": "汐田フランテ館",
                "brand": "ヤマナカ",
                "brand:en": "Yamanaka",
                "brand:ja": "ヤマナカ",
                "brand:wikidata": "Q11345199",
                "brand:wikipedia": "ja:ヤマナカ",
                "building": "retail",
                "name": "ヤマナカ",
                "name:en": "Yamanaka",
                "name:ja": "ヤマナカ",
                "name:ja-Hira": "やまなか",
                "name:ja-Latn": "Yamanaka",
                "name:ja_rm": "Yamanaka",
                "opening_hours": "Mo-Su 09:30-23:00",
                "phone": "+81 532 37 5131",
                "shop": "supermarket",
                "osm_type": "way",
                "osm_id": 506319443,
                "tag": "shop=supermarket"
            }
        },
        {
            "type": "Feature",
            "geometry": {
                "type": "Point",
                "coordinates": [
                    137.2262255,
                    34.8300137
                ]
            },
            "properties": {
                "building": "yes",
                "name": "スーパーおおば",
                "shop": "supermarket",
                "osm_type": "way",
                "osm_id": 506730594,
                "tag": "shop=supermarket"
            }
        },
        {
            "type": "Feature",
            "geometry": {
                "type": "Point",
                "coordinates": [
                    136.9576396,
                    35.0361331
                ]
            },
            "properties": {
                "branch": "大府店",
                "brand": "マックスバリュ",
                "brand:en": "Maxvalu Tokai",
                "brand:ja": "マックスバリュ",
                "brand:wikidata": "Q1960109",
                "brand:wikipedia": "en:MaxValu",
                "building": "yes",
                "name": "マックスバリュ",
                "name:en": "Maxvalu Tokai",
                "name:ja": "マックスバリュ",
                "shop": "supermarket",
                "osm_type": "way",
                "osm_id": 507539522,
                "tag": "shop=supermarket"
            }
        },
        {
            "type": "Feature",
            "geometry": {
                "type": "Point",
                "coordinates": [
                    136.9220021,
                    35.2068573
                ]
            },
            "properties": {
                "building": "retail",
                "building:levels": "1",
                "ele": "6.7",
                "height": "9.3",
                "name": "FEEL EQVo! TSUJIMACHI",
                "shop": "supermarket",
                "source": "MLIT_PLATEAU bldg_478f7ede-8120-436c-9e68-acf6997de526",
                "osm_type": "way",
                "osm_id": 513941710,
                "tag": "shop=supermarket"
            }
        },
        {
            "type": "Feature",
            "geometry": {
                "type": "Point",
                "coordinates": [
                    137.0154871,
                    35.0093084
                ]
            },
            "properties": {
                "branch": "刈谷店",
                "brand": "業務スーパー",
                "brand:en": "Gyomu Super",
                "brand:ja": "業務スーパー",
                "brand:ja-Latn": "Gyōmu sūpā",
                "brand:wikidata": "Q11590183",
                "brand:wikipedia": "ja:神戸物産",
                "building": "yes",
                "name": "業務スーパー",
                "name:en": "Gyomu Super",
                "name:ja": "業務スーパー",
                "name:ja-Latn": "Gyōmu sūpā",
                "opening_hours": "Mo-Su 09:00-21:00",
                "shop": "supermarket",
                "osm_type": "way",
                "osm_id": 515457952,
                "tag": "shop=supermarket"
            }
        },
        {
            "type": "Feature",
            "geometry": {
                "type": "Point",
                "coordinates": [
                    137.3618227,
                    34.7464822
                ]
            },
            "properties": {
                "addr:city": "豊橋市",
                "addr:housenumber": "牟呂町北汐田",
                "addr:street": "平井牟呂大岩線",
                "building": "retail",
                "name": "バロー　牟呂店",
                "opening_hours": "10:00-21:00",
                "shop": "supermarket",
                "osm_type": "way",
                "osm_id": 518383039,
                "tag": "shop=supermarket"
            }
        },
        {
            "type": "Feature",
            "geometry": {
                "type": "Point",
                "coordinates": [
                    136.6301585,
                    34.8902396
                ]
            },
            "properties": {
                "addr:city": "鈴鹿市",
                "addr:postcode": "513-0043",
                "addr:province": "三重県",
                "addr:quarter": "長太栄町",
                "branch": "長太の浦店",
                "brand": "マックスバリュ",
                "brand:en": "Maxvalu Tokai",
                "brand:ja": "マックスバリュ",
                "brand:wikidata": "Q1960109",
                "brand:wikipedia": "en:MaxValu",
                "building": "yes",
                "name": "マックスバリュ",
                "name:en": "Maxvalu Tokai",
                "name:ja": "マックスバリュ",
                "opening_hours": "07:00-23:00",
                "operator": "マックスバリュ中部",
                "shop": "supermarket",
                "website": "https://www.mv-chubu.co.jp/store/321/",
                "osm_type": "way",
                "osm_id": 519018963,
                "tag": "shop=supermarket"
            }
        },
        {
            "type": "Feature",
            "geometry": {
                "type": "Point",
                "coordinates": [
                    136.8996834,
                    35.1060626
                ]
            },
            "properties": {
                "addr:block_number": "2番地",
                "addr:city": "名古屋市",
                "addr:housenumber": "21",
                "addr:postcode": "455-0021",
                "addr:province": "愛知県",
                "addr:quarter": "木場町",
                "addr:suburb": "港区",
                "building": "yes",
                "building:levels": "1",
                "name": "ラ・ムー",
                "opening_hours": "24/7",
                "shop": "supermarket",
                "osm_type": "way",
                "osm_id": 519692563,
                "tag": "shop=supermarket"
            }
        },
        {
            "type": "Feature",
            "geometry": {
                "type": "Point",
                "coordinates": [
                    137.3880024,
                    34.7097357
                ]
            },
            "properties": {
                "brand": "AEON",
                "building": "yes",
                "name": "イオン豊橋南店",
                "name:en": "AEON",
                "name:ja": "イオン豊橋南店",
                "name:ja-Hira": "いおんとよはしみなみてん",
                "name:ja-Latn": "Ion",
                "name:ja_rm": "Ion",
                "shop": "supermarket",
                "osm_type": "way",
                "osm_id": 520930565,
                "tag": "shop=supermarket"
            }
        },
        {
            "type": "Feature",
            "geometry": {
                "type": "Point",
                "coordinates": [
                    137.3732339,
                    34.7486525
                ]
            },
            "properties": {
                "branch": "EQVo!(エクボ) とよはし店",
                "brand": "FEEL",
                "building": "retail",
                "name": "EQVo!(エクボ) とよはし店",
                "opening_hours": "Mo-Sa 10:00-20:30;Su 09:00-20:30",
                "operator": "フィール",
                "shop": "supermarket",
                "osm_type": "way",
                "osm_id": 521422569,
                "tag": "shop=supermarket"
            }
        },
        {
            "type": "Feature",
            "geometry": {
                "type": "Point",
                "coordinates": [
                    137.3726355,
                    34.7520282
                ]
            },
            "properties": {
                "building": "yes",
                "name": "ラ・ムー豊橋店",
                "shop": "supermarket",
                "osm_type": "way",
                "osm_id": 521422577,
                "tag": "shop=supermarket"
            }
        },
        {
            "type": "Feature",
            "geometry": {
                "type": "Point",
                "coordinates": [
                    136.6351279,
                    34.916747
                ]
            },
            "properties": {
                "building": "yes",
                "ele": "1",
                "height": "7.8",
                "name": "Aコープ くす店",
                "shop": "supermarket",
                "source": "MLIT_PLATEAU 24202-bldg-238720",
                "start_date": "2013",
                "survey:date": "2018",
                "website": "http://www.acoop-kinki.co.jp/shop/shop_mie.html#kusu",
                "osm_type": "way",
                "osm_id": 522102959,
                "tag": "shop=supermarket"
            }
        },
        {
            "type": "Feature",
            "geometry": {
                "type": "Point",
                "coordinates": [
                    136.6281479,
                    34.9189419
                ]
            },
            "properties": {
                "building": "yes",
                "ele": "1.2",
                "height": "9.6",
                "name": "一号舘 北楠店",
                "shop": "supermarket",
                "source": "MLIT_PLATEAU 24202-bldg-180748",
                "start_date": "1995",
                "website": "https://tokubai.co.jp/%E3%82%B9%E3%83%BC%E3%83%91%E3%83%BC%E4%B8%80%E5%8F%B7%E8%88%98/13709",
                "osm_type": "way",
                "osm_id": 522374157,
                "tag": "shop=supermarket"
            }
        },
        {
            "type": "Feature",
            "geometry": {
                "type": "Point",
                "coordinates": [
                    137.3516824,
                    34.7442637
                ]
            },
            "properties": {
                "building": "retail",
                "name": "ドミー",
                "shop": "supermarket",
                "osm_type": "way",
                "osm_id": 522387287,
                "tag": "shop=supermarket"
            }
        },
        {
            "type": "Feature",
            "geometry": {
                "type": "Point",
                "coordinates": [
                    137.0182659,
                    35.4400679
                ]
            },
            "properties": {
                "building": "yes",
                "ele": "64.9",
                "height": "9.1",
                "name": "コノミヤ",
                "name:en": "Konomiya",
                "name:ja": "コノミヤ",
                "shop": "supermarket",
                "source": "MLIT_PLATEAU bldg_466351f7-04b1-402e-9c09-a6e72b09ada7",
                "osm_type": "way",
                "osm_id": 528293427,
                "tag": "shop=supermarket"
            }
        },
        {
            "type": "Feature",
            "geometry": {
                "type": "Point",
                "coordinates": [
                    136.6199815,
                    34.8675493
                ]
            },
            "properties": {
                "building": "yes",
                "name": "マックスバリュ 若松店",
                "name:en": "MaxValu Wakamatsu Shop",
                "shop": "supermarket",
                "osm_type": "way",
                "osm_id": 529142219,
                "tag": "shop=supermarket"
            }
        },
        {
            "type": "Feature",
            "geometry": {
                "type": "Point",
                "coordinates": [
                    136.9630209,
                    35.1633261
                ]
            },
            "properties": {
                "alt_name:en": "Co-op",
                "brand": "コープ",
                "brand:en": "CO・OP",
                "brand:ja": "コープ",
                "brand:wikidata": "Q11508615",
                "brand:wikipedia": "ja:日本生活協同組合連合会",
                "building": "retail",
                "building:levels": "3",
                "ele": "22.4",
                "height": "23.6",
                "name": "コープ",
                "name:ja": "コープ",
                "official_name": "日本生活協同組合連合会",
                "official_name:en": "Japanese Consumers' Co-operative Union",
                "shop": "supermarket",
                "osm_type": "way",
                "osm_id": 530177863,
                "tag": "shop=supermarket"
            }
        },
        {
            "type": "Feature",
            "geometry": {
                "type": "Point",
                "coordinates": [
                    137.719792,
                    34.7719215
                ]
            },
            "properties": {
                "building": "yes",
                "name": "遠鉄ストア 初生店",
                "shop": "supermarket",
                "osm_type": "way",
                "osm_id": 536574088,
                "tag": "shop=supermarket"
            }
        },
        {
            "type": "Feature",
            "geometry": {
                "type": "Point",
                "coordinates": [
                    137.7307787,
                    34.7937037
                ]
            },
            "properties": {
                "building": "yes",
                "name": "辻上新鮮市場",
                "shop": "supermarket",
                "osm_type": "way",
                "osm_id": 537307601,
                "tag": "shop=supermarket"
            }
        },
        {
            "type": "Feature",
            "geometry": {
                "type": "Point",
                "coordinates": [
                    137.7299493,
                    34.7938654
                ]
            },
            "properties": {
                "building": "yes",
                "name": "フードセンターマム 肉市場テクノ店",
                "shop": "supermarket",
                "osm_type": "way",
                "osm_id": 537307602,
                "tag": "shop=supermarket"
            }
        },
        {
            "type": "Feature",
            "geometry": {
                "type": "Point",
                "coordinates": [
                    136.9396299,
                    35.2849186
                ]
            },
            "properties": {
                "branch": "小牧店",
                "brand": "イオン",
                "brand:en": "AEON",
                "brand:ja": "イオン",
                "brand:wikidata": "Q11285951",
                "building": "yes",
                "internet_access": "wlan",
                "name": "イオン",
                "name:en": "AEON",
                "name:ja": "イオン",
                "shop": "supermarket",
                "osm_type": "way",
                "osm_id": 537718051,
                "tag": "shop=supermarket"
            }
        },
        {
            "type": "Feature",
            "geometry": {
                "type": "Point",
                "coordinates": [
                    136.9464451,
                    35.2570596
                ]
            },
            "properties": {
                "brand": "バロー",
                "brand:en": "Valor",
                "brand:ja": "バロー",
                "brand:wikidata": "Q11328346",
                "brand:wikipedia": "ja:バロー (チェーンストア)",
                "building": "yes",
                "name": "バロー",
                "name:en": "Valor",
                "name:ja": "バロー",
                "shop": "supermarket",
                "osm_type": "way",
                "osm_id": 537738095,
                "tag": "shop=supermarket"
            }
        },
        {
            "type": "Feature",
            "geometry": {
                "type": "Point",
                "coordinates": [
                    137.7260635,
                    34.7769394
                ]
            },
            "properties": {
                "branch": "三方原店",
                "brand": "マックスバリュ",
                "brand:en": "MaxValu",
                "brand:ja": "マックスバリュ",
                "brand:wikidata": "Q11340427",
                "building": "yes",
                "name": "マックスバリュ",
                "name:en": "MaxValu",
                "name:ja": "マックスバリュ",
                "shop": "supermarket",
                "osm_type": "way",
                "osm_id": 538211093,
                "tag": "shop=supermarket"
            }
        },
        {
            "type": "Feature",
            "geometry": {
                "type": "Point",
                "coordinates": [
                    137.6831367,
                    34.7015808
                ]
            },
            "properties": {
                "branch": "佐鳴湖南店",
                "building": "supermarket",
                "name": "クックマート",
                "name:en": "COOK MART",
                "phone": "+81 53 415 2200",
                "shop": "supermarket",
                "osm_type": "way",
                "osm_id": 539854920,
                "tag": "shop=supermarket"
            }
        },
        {
            "type": "Feature",
            "geometry": {
                "type": "Point",
                "coordinates": [
                    137.7744898,
                    34.7791383
                ]
            },
            "properties": {
                "building": "yes",
                "name": "遠鉄ストア 西ヶ崎店",
                "shop": "supermarket",
                "osm_type": "way",
                "osm_id": 540436164,
                "tag": "shop=supermarket"
            }
        },
        {
            "type": "Feature",
            "geometry": {
                "type": "Point",
                "coordinates": [
                    137.7104883,
                    34.7806565
                ]
            },
            "properties": {
                "building": "yes",
                "name": "アミカ 浜松店",
                "shop": "supermarket",
                "osm_type": "way",
                "osm_id": 541229165,
                "tag": "shop=supermarket"
            }
        },
        {
            "type": "Feature",
            "geometry": {
                "type": "Point",
                "coordinates": [
                    137.0682458,
                    35.1249547
                ]
            },
            "properties": {
                "addr:city": "日進市",
                "addr:housenumber": "1401",
                "addr:neighbourhood": "6",
                "addr:postcode": "4700118",
                "addr:province": "愛知県",
                "addr:quarter": "米野木台",
                "building": "yes",
                "name": "マックスバリュ米野木店",
                "opening_hours": "07:00-23:00",
                "operator": "マックスバリュ中部株式会社",
                "phone": "+81 561 72 6733",
                "shop": "supermarket",
                "website": "https://www.mv-chubu.co.jp/store/284/",
                "osm_type": "way",
                "osm_id": 544139805,
                "tag": "shop=supermarket"
            }
        },
        {
            "type": "Feature",
            "geometry": {
                "type": "Point",
                "coordinates": [
                    137.061438,
                    34.950759
                ]
            },
            "properties": {
                "building": "yes",
                "name": "ピアゴ福釜店",
                "shop": "supermarket",
                "osm_type": "way",
                "osm_id": 545859563,
                "tag": "shop=supermarket"
            }
        },
        {
            "type": "Feature",
            "geometry": {
                "type": "Point",
                "coordinates": [
                    137.3472017,
                    34.832379
                ]
            },
            "properties": {
                "brand": "マックスバリュ",
                "brand:en": "MaxValu",
                "brand:ja": "マックスバリュ",
                "brand:wikidata": "Q11340427",
                "building": "retail",
                "building:levels": "1",
                "name": "マックスバリュ",
                "name:en": "MaxValu",
                "name:ja": "マックスバリュ",
                "shop": "supermarket",
                "osm_type": "way",
                "osm_id": 546297123,
                "tag": "shop=supermarket"
            }
        },
        {
            "type": "Feature",
            "geometry": {
                "type": "Point",
                "coordinates": [
                    136.9488443,
                    35.2050482
                ]
            },
            "properties": {
                "brand": "アピタ",
                "brand:en": "APITA",
                "brand:ja": "アピタ",
                "brand:wikidata": "Q55384637",
                "building": "retail",
                "name": "アピタ",
                "name:en": "APITA",
                "name:ja": "アピタ",
                "shop": "supermarket",
                "osm_type": "way",
                "osm_id": 546337342,
                "tag": "shop=supermarket"
            }
        },
        {
            "type": "Feature",
            "geometry": {
                "type": "Point",
                "coordinates": [
                    136.6486618,
                    35.0103416
                ]
            },
            "properties": {
                "building": "retail",
                "ele": "2.4",
                "height": "14",
                "name": "やまなか",
                "shop": "supermarket",
                "osm_type": "way",
                "osm_id": 546364507,
                "tag": "shop=supermarket"
            }
        },
        {
            "type": "Feature",
            "geometry": {
                "type": "Point",
                "coordinates": [
                    136.6381539,
                    35.0190639
                ]
            },
            "properties": {
                "building": "yes",
                "name": "マックスバリュ大矢知店",
                "shop": "supermarket",
                "osm_type": "way",
                "osm_id": 546395455,
                "tag": "shop=supermarket"
            }
        },
        {
            "type": "Feature",
            "geometry": {
                "type": "Point",
                "coordinates": [
                    136.9371016,
                    35.1218725
                ]
            },
            "properties": {
                "brand": "マックスバリュ",
                "brand:en": "Maxvalu Tokai",
                "brand:ja": "マックスバリュ",
                "brand:wikidata": "Q1960109",
                "brand:wikipedia": "en:MaxValu",
                "building": "retail",
                "building:levels": "1",
                "ele": "3.6",
                "height": "9.4",
                "name": "マックスバリュ",
                "name:en": "Maxvalu Tokai",
                "name:ja": "マックスバリュ",
                "shop": "supermarket",
                "source": "MLIT_PLATEAU bldg_066e9f7d-c787-42a8-aaf4-ec62253e8f04",
                "osm_type": "way",
                "osm_id": 546828330,
                "tag": "shop=supermarket"
            }
        },
        {
            "type": "Feature",
            "geometry": {
                "type": "Point",
                "coordinates": [
                    136.9244367,
                    35.1209201
                ]
            },
            "properties": {
                "building": "retail",
                "building:levels": "1",
                "ele": "1.6",
                "height": "10.4",
                "shop": "supermarket",
                "osm_type": "way",
                "osm_id": 546828333,
                "tag": "shop=supermarket"
            }
        },
        {
            "type": "Feature",
            "geometry": {
                "type": "Point",
                "coordinates": [
                    136.9191497,
                    35.1297505
                ]
            },
            "properties": {
                "building": "retail",
                "building:levels": "1",
                "ele": "1",
                "height": "8.1",
                "shop": "supermarket",
                "source": "MLIT_PLATEAU bldg_ab94513f-499c-4044-b061-c1a15db467bb",
                "osm_type": "way",
                "osm_id": 546828335,
                "tag": "shop=supermarket"
            }
        },
        {
            "type": "Feature",
            "geometry": {
                "type": "Point",
                "coordinates": [
                    136.970873,
                    35.2494657
                ]
            },
            "properties": {
                "branch": "春日井店",
                "branch:ja": "春日井店",
                "building": "yes",
                "name": "清水屋",
                "name:ja": "清水屋",
                "shop": "supermarket",
                "source": "GSI/KIBAN 2500",
                "osm_type": "way",
                "osm_id": 549457688,
                "tag": "shop=supermarket"
            }
        },
        {
            "type": "Feature",
            "geometry": {
                "type": "Point",
                "coordinates": [
                    137.1717026,
                    34.8680539
                ]
            },
            "properties": {
                "building": "yes",
                "name": "山松ストア",
                "shop": "supermarket",
                "osm_type": "way",
                "osm_id": 550121025,
                "tag": "shop=supermarket"
            }
        },
        {
            "type": "Feature",
            "geometry": {
                "type": "Point",
                "coordinates": [
                    137.175005,
                    34.8724878
                ]
            },
            "properties": {
                "building": "yes",
                "shop": "supermarket",
                "osm_type": "way",
                "osm_id": 550235225,
                "tag": "shop=supermarket"
            }
        },
        {
            "type": "Feature",
            "geometry": {
                "type": "Point",
                "coordinates": [
                    137.22301,
                    34.8226266
                ]
            },
            "properties": {
                "building": "yes",
                "description": "バナナだけ売っています。",
                "description:en": "only bananas are sold here",
                "diet:vegan": "only",
                "name": "鈴木バナナ店",
                "name:ja-Hira": "すずきばななてん",
                "name:ja_rm": "Suzuki Banana-ten",
                "organic": "only",
                "phone": "+81 533 68 2725",
                "shop": "supermarket",
                "osm_type": "way",
                "osm_id": 551314836,
                "tag": "shop=supermarket"
            }
        },
        {
            "type": "Feature",
            "geometry": {
                "type": "Point",
                "coordinates": [
                    137.1914878,
                    35.3171388
                ]
            },
            "properties": {
                "branch": "南土岐店",
                "brand": "バロー",
                "brand:en": "Valor",
                "brand:ja": "バロー",
                "brand:wikidata": "Q11328346",
                "building": "yes",
                "name": "バロー",
                "name:en": "Valor",
                "name:ja": "バロー",
                "shop": "supermarket",
                "osm_type": "way",
                "osm_id": 553692852,
                "tag": "shop=supermarket"
            }
        },
        {
            "type": "Feature",
            "geometry": {
                "type": "Point",
                "coordinates": [
                    137.0488585,
                    35.2827891
                ]
            },
            "properties": {
                "addr:block_number": "5番地",
                "addr:city": "春日井市",
                "addr:neighbourhood": "中央台二丁目",
                "addr:postcode": "487-0011",
                "addr:province": "愛知県",
                "branch": "高蔵寺店",
                "brand": "アピタ",
                "brand:en": "APITA",
                "brand:ja": "アピタ",
                "brand:wikidata": "Q55384637",
                "building": "yes",
                "name": "アピタ",
                "name:en": "APITA",
                "name:ja": "アピタ",
                "opening_hours": "Mo-Su 09:00-21:00",
                "operator": "ユニー",
                "shop": "supermarket",
                "source": "GSI/KIBAN 2500;survey",
                "source_ref": "http://wiki.osm.org/wiki/GSI_KIBAN",
                "osm_type": "way",
                "osm_id": 554034289,
                "tag": "shop=supermarket"
            }
        },
        {
            "type": "Feature",
            "geometry": {
                "type": "Point",
                "coordinates": [
                    136.9558507,
                    35.204713
                ]
            },
            "properties": {
                "brand": "業務スーパー",
                "brand:en": "Gyomu Super",
                "brand:ja": "業務スーパー",
                "brand:wikidata": "Q11590183",
                "brand:wikipedia": "ja:神戸物産",
                "building": "retail",
                "building:levels": "1",
                "ele": "10.9",
                "height": "7.1",
                "name": "業務スーパー",
                "name:en": "Gyōmu sūpā",
                "name:ja": "業務スーパー",
                "shop": "supermarket",
                "source": "MLIT_PLATEAU bldg_0010de84-7ad0-4b2b-9ebf-485b17700c8f",
                "osm_type": "way",
                "osm_id": 554279284,
                "tag": "shop=supermarket"
            }
        },
        {
            "type": "Feature",
            "geometry": {
                "type": "Point",
                "coordinates": [
                    137.8054186,
                    34.822045
                ]
            },
            "properties": {
                "brand": "マックスバリュ",
                "brand:en": "MaxValu",
                "brand:ja": "マックスバリュ",
                "brand:wikidata": "Q11340427",
                "building": "yes",
                "name": "マックスバリュ",
                "name:en": "MaxValu",
                "name:ja": "マックスバリュ",
                "shop": "supermarket",
                "osm_type": "way",
                "osm_id": 554650265,
                "tag": "shop=supermarket"
            }
        },
        {
            "type": "Feature",
            "geometry": {
                "type": "Point",
                "coordinates": [
                    136.7610137,
                    35.3091341
                ]
            },
            "properties": {
                "building": "yes",
                "name": "アオキスーパー三条店",
                "shop": "supermarket",
                "osm_type": "way",
                "osm_id": 557165228,
                "tag": "shop=supermarket"
            }
        },
        {
            "type": "Feature",
            "geometry": {
                "type": "Point",
                "coordinates": [
                    136.6436271,
                    34.9879438
                ]
            },
            "properties": {
                "building": "retail",
                "ele": "1.7",
                "height": "18.6",
                "name": "ラ・ムー 四日市店",
                "shop": "supermarket",
                "source": "MLIT_PLATEAU 24202-bldg-80328",
                "start_date": "2013",
                "survey:date": "2018",
                "osm_type": "way",
                "osm_id": 561209318,
                "tag": "shop=supermarket"
            }
        },
        {
            "type": "Feature",
            "geometry": {
                "type": "Point",
                "coordinates": [
                    136.6560396,
                    35.035652
                ]
            },
            "properties": {
                "building": "yes",
                "name": "スーパーセンターオークワ みえ朝日インター店",
                "shop": "supermarket",
                "osm_type": "way",
                "osm_id": 561766186,
                "tag": "shop=supermarket"
            }
        },
        {
            "type": "Feature",
            "geometry": {
                "type": "Point",
                "coordinates": [
                    137.7477558,
                    34.6718793
                ]
            },
            "properties": {
                "building": "yes",
                "name": "激安ガリバー",
                "shop": "supermarket",
                "osm_type": "way",
                "osm_id": 562367804,
                "tag": "shop=supermarket"
            }
        },
        {
            "type": "Feature",
            "geometry": {
                "type": "Point",
                "coordinates": [
                    137.0414298,
                    35.2638466
                ]
            },
            "properties": {
                "brand": "エーコープ",
                "brand:en": "A-COOP",
                "brand:ja": "エーコープ",
                "brand:wikidata": "Q11291524",
                "brand:wikipedia": "ja:エーコープ",
                "building": "yes",
                "check_date": "2024-04-18",
                "name": "エーコープ",
                "name:en": "A-COOP",
                "name:ja": "エーコープ",
                "opening_hours": "09:30-19:30",
                "organic": "only",
                "shop": "supermarket",
                "source": "GSI/KIBAN 2500",
                "source_ref": "http://wiki.osm.org/wiki/GSI_KIBAN",
                "osm_type": "way",
                "osm_id": 562718264,
                "tag": "shop=supermarket"
            }
        },
        {
            "type": "Feature",
            "geometry": {
                "type": "Point",
                "coordinates": [
                    137.2489365,
                    35.3560102
                ]
            },
            "properties": {
                "addr:city": "瑞浪市",
                "addr:neighbourhood": "355-3",
                "addr:postcode": "5096104",
                "addr:province": "岐阜県",
                "addr:quarter": "山田町後田",
                "branch": "瑞浪店",
                "brand": "バロー",
                "brand:en": "Valor",
                "brand:ja": "バロー",
                "brand:wikidata": "Q11328346",
                "brand:wikipedia": "ja:バロー (チェーンストア)",
                "building": "retail",
                "building:levels": "1",
                "name": "バロー",
                "name:en": "Valor",
                "name:ja": "バロー",
                "shop": "supermarket",
                "osm_type": "way",
                "osm_id": 563019219,
                "tag": "shop=supermarket"
            }
        },
        {
            "type": "Feature",
            "geometry": {
                "type": "Point",
                "coordinates": [
                    136.6327918,
                    35.15957
                ]
            },
            "properties": {
                "building": "yes",
                "name": "一号館",
                "shop": "supermarket",
                "osm_type": "way",
                "osm_id": 563025243,
                "tag": "shop=supermarket"
            }
        },
        {
            "type": "Feature",
            "geometry": {
                "type": "Point",
                "coordinates": [
                    137.4550526,
                    34.7266928
                ]
            },
            "properties": {
                "name": "たつみストアー",
                "shop": "supermarket",
                "osm_type": "way",
                "osm_id": 563237499,
                "tag": "shop=supermarket"
            }
        },
        {
            "type": "Feature",
            "geometry": {
                "type": "Point",
                "coordinates": [
                    136.6059406,
                    34.9604252
                ]
            },
            "properties": {
                "building": "yes",
                "ele": "3.2",
                "height": "9.4",
                "name": "一号館 ときわ店",
                "shop": "supermarket",
                "source": "MLIT_PLATEAU 24202-bldg-255368",
                "start_date": "2005",
                "survey:date": "2018",
                "osm_type": "way",
                "osm_id": 563643881,
                "tag": "shop=supermarket"
            }
        },
        {
            "type": "Feature",
            "geometry": {
                "type": "Point",
                "coordinates": [
                    137.7462129,
                    34.7951218
                ]
            },
            "properties": {
                "building": "retail",
                "name": "遠鉄ストア フードワンきらりタウン店",
                "operator": "株式会社遠鉄ストア",
                "shop": "supermarket",
                "osm_type": "way",
                "osm_id": 564912135,
                "tag": "shop=supermarket"
            }
        },
        {
            "type": "Feature",
            "geometry": {
                "type": "Point",
                "coordinates": [
                    137.0713263,
                    34.8264611
                ]
            },
            "properties": {
                "name": "ドミー　吉良店",
                "shop": "supermarket",
                "osm_type": "way",
                "osm_id": 565660166,
                "tag": "shop=supermarket"
            }
        },
        {
            "type": "Feature",
            "geometry": {
                "type": "Point",
                "coordinates": [
                    136.7326624,
                    35.4593325
                ]
            },
            "properties": {
                "building": "retail",
                "building:levels": "1",
                "ele": "12.3",
                "height": "7.9",
                "name": "カネスエ 黒野",
                "shop": "supermarket",
                "source": "MLIT_PLATEAU bldg_4714b93e-5636-486f-b41c-bfd105ca6c2b",
                "start_date": "2003",
                "osm_type": "way",
                "osm_id": 566004414,
                "tag": "shop=supermarket"
            }
        },
        {
            "type": "Feature",
            "geometry": {
                "type": "Point",
                "coordinates": [
                    136.8531641,
                    34.9361242
                ]
            },
            "properties": {
                "building": "yes",
                "shop": "supermarket",
                "osm_type": "way",
                "osm_id": 566041692,
                "tag": "shop=supermarket"
            }
        },
        {
            "type": "Feature",
            "geometry": {
                "type": "Point",
                "coordinates": [
                    137.210444,
                    34.8288552
                ]
            },
            "properties": {
                "branch": "蒲郡店",
                "brand": "イオン",
                "brand:en": "AEON",
                "brand:ja": "イオン",
                "brand:wikidata": "Q11285951",
                "building": "yes",
                "name": "イオン",
                "name:en": "AEON",
                "name:ja": "イオン",
                "operator": "イオンリテール",
                "shop": "supermarket",
                "osm_type": "way",
                "osm_id": 566486373,
                "tag": "shop=supermarket"
            }
        },
        {
            "type": "Feature",
            "geometry": {
                "type": "Point",
                "coordinates": [
                    137.6398269,
                    34.6953858
                ]
            },
            "properties": {
                "branch": "雄踏店",
                "building": "supermarket",
                "name": "クックマート",
                "name:en": "COOK MART",
                "phone": "+81 53 597 2755",
                "shop": "supermarket",
                "source": "GSImaps/ort",
                "osm_type": "way",
                "osm_id": 567795611,
                "tag": "shop=supermarket"
            }
        },
        {
            "type": "Feature",
            "geometry": {
                "type": "Point",
                "coordinates": [
                    136.9082315,
                    35.0799968
                ]
            },
            "properties": {
                "building": "retail",
                "building:levels": "2",
                "ele": "0.4",
                "height": "10.6",
                "name": "アオキスーパー",
                "shop": "supermarket",
                "source": "MLIT_PLATEAU bldg_c6afe0f6-25dd-4c79-bf3d-bd80ff73c8b2",
                "osm_type": "way",
                "osm_id": 568474376,
                "tag": "shop=supermarket"
            }
        },
        {
            "type": "Feature",
            "geometry": {
                "type": "Point",
                "coordinates": [
                    136.7049321,
                    35.4702936
                ]
            },
            "properties": {
                "landuse": "retail",
                "name": "スーパー三心",
                "shop": "supermarket",
                "osm_type": "way",
                "osm_id": 568505169,
                "tag": "shop=supermarket"
            }
        },
        {
            "type": "Feature",
            "geometry": {
                "type": "Point",
                "coordinates": [
                    136.9105541,
                    35.0652052
                ]
            },
            "properties": {
                "building": "yes",
                "name": "アミカ",
                "shop": "supermarket",
                "osm_type": "way",
                "osm_id": 568520064,
                "tag": "shop=supermarket"
            }
        },
        {
            "type": "Feature",
            "geometry": {
                "type": "Point",
                "coordinates": [
                    137.3761763,
                    34.7510383
                ]
            },
            "properties": {
                "branch": "豊橋店",
                "brand": "業務用食品スーパー アミカ",
                "building": "retail",
                "name": "業務用食品スーパー アミカ",
                "name:en": "Commercial food supermarket Amika",
                "name:ja": "業務用食品スーパー アミカ",
                "name:ja-Hira": "ぎょうむようしょくひんすーぱー あみか",
                "name:ja-Latn": "Commercial cibum forum Amika",
                "name:ja_rm": "Gyoumu-you shokuhin Super Amika",
                "operator": "株式会社 大光",
                "shop": "supermarket",
                "osm_type": "way",
                "osm_id": 569725616,
                "tag": "shop=supermarket"
            }
        },
        {
            "type": "Feature",
            "geometry": {
                "type": "Point",
                "coordinates": [
                    137.6294423,
                    34.7019297
                ]
            },
            "properties": {
                "building": "retail",
                "name": "おかだや",
                "shop": "supermarket",
                "source": "local knowledge",
                "osm_type": "way",
                "osm_id": 570555881,
                "tag": "shop=supermarket"
            }
        },
        {
            "type": "Feature",
            "geometry": {
                "type": "Point",
                "coordinates": [
                    136.7611775,
                    35.4547235
                ]
            },
            "properties": {
                "branch": "長良店",
                "building": "retail",
                "building:levels": "1",
                "ele": "14.9",
                "height": "9.9",
                "name": "アミカ",
                "shop": "supermarket",
                "source": "MLIT_PLATEAU bldg_4117ce4b-d60b-40c9-8bf1-070c87c03a78",
                "start_date": "2000",
                "osm_type": "way",
                "osm_id": 571525987,
                "tag": "shop=supermarket"
            }
        },
        {
            "type": "Feature",
            "geometry": {
                "type": "Point",
                "coordinates": [
                    136.6197877,
                    34.9771777
                ]
            },
            "properties": {
                "building": "retail",
                "ele": "4.3",
                "height": "8",
                "name": "A-プライス 四日市店",
                "shop": "supermarket",
                "source": "MLIT_PLATEAU 24202-bldg-229642",
                "start_date": "2014",
                "survey:date": "2018",
                "osm_type": "way",
                "osm_id": 572354338,
                "tag": "shop=supermarket"
            }
        },
        {
            "type": "Feature",
            "geometry": {
                "type": "Point",
                "coordinates": [
                    137.6181498,
                    34.6830044
                ]
            },
            "properties": {
                "branch": "舞阪店",
                "building": "supermarket",
                "name": "かきこや",
                "shop": "supermarket",
                "osm_type": "way",
                "osm_id": 572408149,
                "tag": "shop=supermarket"
            }
        },
        {
            "type": "Feature",
            "geometry": {
                "type": "Point",
                "coordinates": [
                    136.6432558,
                    35.0067024
                ]
            },
            "properties": {
                "branch": "四日市富田店",
                "brand": "トライアル",
                "brand:en": "Trial",
                "brand:ja": "トライアル",
                "brand:wikidata": "Q11321723",
                "building": "yes",
                "ele": "2.9",
                "height": "9.5",
                "name": "トライアル",
                "name:en": "Trial",
                "name:ja": "トライアル",
                "shop": "supermarket",
                "source": "MLIT_PLATEAU 24202-bldg-113178",
                "start_date": "1995",
                "survey:date": "2018",
                "osm_type": "way",
                "osm_id": 573166438,
                "tag": "shop=supermarket"
            }
        },
        {
            "type": "Feature",
            "geometry": {
                "type": "Point",
                "coordinates": [
                    137.0665652,
                    34.8663626
                ]
            },
            "properties": {
                "addr:postcode": "445-0071",
                "building": "yes",
                "name": "にぎわい市場 マルス 西尾店",
                "shop": "supermarket",
                "osm_type": "way",
                "osm_id": 575574348,
                "tag": "shop=supermarket"
            }
        },
        {
            "type": "Feature",
            "geometry": {
                "type": "Point",
                "coordinates": [
                    137.0679284,
                    34.8604173
                ]
            },
            "properties": {
                "building": "yes",
                "name": "ドミー 丁田店",
                "shop": "supermarket",
                "osm_type": "way",
                "osm_id": 576008600,
                "tag": "shop=supermarket"
            }
        },
        {
            "type": "Feature",
            "geometry": {
                "type": "Point",
                "coordinates": [
                    136.7498094,
                    35.4465637
                ]
            },
            "properties": {
                "building": "retail",
                "building:levels": "3",
                "ele": "14.8",
                "height": "11.1",
                "name": "フレッシュスーパー・モリカワ",
                "shop": "supermarket",
                "source": "MLIT_PLATEAU bldg_faf71694-d2ba-4482-acf0-d1c6c4e30f41",
                "start_date": "1988",
                "osm_type": "way",
                "osm_id": 578086927,
                "tag": "shop=supermarket"
            }
        },
        {
            "type": "Feature",
            "geometry": {
                "type": "Point",
                "coordinates": [
                    136.8903471,
                    35.1781526
                ]
            },
            "properties": {
                "building": "yes",
                "name": "川村商店",
                "shop": "supermarket",
                "osm_type": "way",
                "osm_id": 578295065,
                "tag": "shop=supermarket"
            }
        },
        {
            "type": "Feature",
            "geometry": {
                "type": "Point",
                "coordinates": [
                    136.7609758,
                    35.4463898
                ]
            },
            "properties": {
                "building": "retail",
                "building:levels": "2",
                "ele": "15.5",
                "height": "9.5",
                "name": "スーパー三心",
                "shop": "supermarket",
                "source": "MLIT_PLATEAU bldg_cb7269df-3062-42c0-ae65-1966e9735fae",
                "start_date": "2006",
                "osm_type": "way",
                "osm_id": 578907325,
                "tag": "shop=supermarket"
            }
        },
        {
            "type": "Feature",
            "geometry": {
                "type": "Point",
                "coordinates": [
                    137.3687094,
                    34.7533173
                ]
            },
            "properties": {
                "branch": "東脇店",
                "brand": "クックマート",
                "building": "retail",
                "name": "クックマート",
                "name:en": "Cook Mart",
                "name:ja": "クックマート",
                "name:ja-Hira": "くっくまーと",
                "name:ja_rm": "Cook Mart",
                "opening_hours": "Mo-Su 09:30-20:00",
                "operator": "株式会社デライト",
                "shop": "supermarket",
                "osm_type": "way",
                "osm_id": 579247606,
                "tag": "shop=supermarket"
            }
        },
        {
            "type": "Feature",
            "geometry": {
                "type": "Point",
                "coordinates": [
                    136.7461381,
                    35.4411226
                ]
            },
            "properties": {
                "building": "retail",
                "building:levels": "3",
                "ele": "13.7",
                "height": "10.9",
                "name": "ますぶち園",
                "shop": "supermarket",
                "source": "MLIT_PLATEAU bldg_8a96c7fb-8276-4a24-a9c6-43c89a6c1f26",
                "start_date": "1986",
                "osm_type": "way",
                "osm_id": 579330414,
                "tag": "shop=supermarket"
            }
        },
        {
            "type": "Feature",
            "geometry": {
                "type": "Point",
                "coordinates": [
                    136.6890897,
                    35.4835058
                ]
            },
            "properties": {
                "building": "retail",
                "ele": "29.8",
                "height": "10.1",
                "name": "スーパーマーケットバロー",
                "shop": "supermarket",
                "source": "MLIT_PLATEAU bldg_360be0b7-40b9-4a9d-bd8d-0d1c120726ee",
                "osm_type": "way",
                "osm_id": 580076789,
                "tag": "shop=supermarket"
            }
        },
        {
            "type": "Feature",
            "geometry": {
                "type": "Point",
                "coordinates": [
                    136.6077265,
                    34.9734499
                ]
            },
            "properties": {
                "building": "retail",
                "ele": "5.9",
                "height": "15.2",
                "name": "ピアゴ 久保田店",
                "shop": "supermarket",
                "source": "MLIT_PLATEAU 24202-bldg-237003",
                "start_date": "1989",
                "survey:date": "2018",
                "osm_type": "way",
                "osm_id": 582258741,
                "tag": "shop=supermarket"
            }
        },
        {
            "type": "Feature",
            "geometry": {
                "type": "Point",
                "coordinates": [
                    137.3930591,
                    34.7538633
                ]
            },
            "properties": {
                "branch": "豊橋店",
                "brand": "バロー",
                "brand:en": "Valor",
                "brand:ja": "バロー",
                "brand:wikidata": "Q11328346",
                "brand:wikipedia": "ja:バロー (チェーンストア)",
                "building": "yes",
                "name": "バロー",
                "name:en": "Valor",
                "name:ja": "バロー",
                "name:ja-Hira": "ばろー",
                "name:ja-Latn": "Barō",
                "name:ja_rm": "Barō",
                "opening_hours": "Mo-Fr 10:00-21:00; Sa,Su 09:30-21:00",
                "shop": "supermarket",
                "osm_type": "way",
                "osm_id": 582466855,
                "tag": "shop=supermarket"
            }
        },
        {
            "type": "Feature",
            "geometry": {
                "type": "Point",
                "coordinates": [
                    137.8257838,
                    35.5053241
                ]
            },
            "properties": {
                "branch": "鼎店",
                "building": "retail",
                "name": "キラヤ",
                "shop": "supermarket",
                "osm_type": "way",
                "osm_id": 583972333,
                "tag": "shop=supermarket"
            }
        },
        {
            "type": "Feature",
            "geometry": {
                "type": "Point",
                "coordinates": [
                    136.7721567,
                    35.4458492
                ]
            },
            "properties": {
                "building": "yes",
                "name": "スーパーヤオジン",
                "shop": "supermarket",
                "osm_type": "way",
                "osm_id": 584042004,
                "tag": "shop=supermarket"
            }
        },
        {
            "type": "Feature",
            "geometry": {
                "type": "Point",
                "coordinates": [
                    136.7743426,
                    35.4521071
                ]
            },
            "properties": {
                "brand": "ピアゴ",
                "brand:en": "PIAGO",
                "brand:ja": "ピアゴ",
                "brand:wikidata": "Q91014434",
                "building": "retail",
                "building:levels": "3",
                "ele": "16.8",
                "height": "20.6",
                "name": "ピアゴ",
                "name:en": "PIAGO",
                "name:ja": "ピアゴ",
                "shop": "supermarket",
                "source": "MLIT_PLATEAU bldg_c72ed610-b828-4f31-b3e8-764038bbd71a",
                "start_date": "1977",
                "osm_type": "way",
                "osm_id": 584082727,
                "tag": "shop=supermarket"
            }
        },
        {
            "type": "Feature",
            "geometry": {
                "type": "Point",
                "coordinates": [
                    136.7749715,
                    35.4612267
                ]
            },
            "properties": {
                "building": "retail",
                "building:levels": "1",
                "ele": "18.3",
                "height": "12.3",
                "name": "サンマートサカイ",
                "shop": "supermarket",
                "source": "MLIT_PLATEAU bldg_b619855f-9cf4-4341-b2f6-12a0477c0a76",
                "start_date": "1991",
                "osm_type": "way",
                "osm_id": 584343852,
                "tag": "shop=supermarket"
            }
        },
        {
            "type": "Feature",
            "geometry": {
                "type": "Point",
                "coordinates": [
                    137.2343562,
                    35.3614707
                ]
            },
            "properties": {
                "addr:city": "瑞浪市",
                "addr:neighbourhood": "1-40",
                "addr:postcode": "5096135",
                "addr:province": "岐阜県",
                "addr:quarter": "薬師",
                "branch": "瑞浪店",
                "building": "yes",
                "name": "カネスエ",
                "shop": "supermarket",
                "osm_type": "way",
                "osm_id": 585398052,
                "tag": "shop=supermarket"
            }
        },
        {
            "type": "Feature",
            "geometry": {
                "type": "Point",
                "coordinates": [
                    137.2327549,
                    35.3624946
                ]
            },
            "properties": {
                "addr:city": "瑞浪市",
                "addr:neighbourhood": "2-72",
                "addr:postcode": "5096135",
                "addr:province": "岐阜県",
                "addr:quarter": "薬師町",
                "branch": "瑞浪店",
                "brand": "ピアゴ",
                "brand:en": "PIAGO",
                "brand:ja": "ピアゴ",
                "brand:wikidata": "Q91014434",
                "building": "yes",
                "name": "ピアゴ",
                "name:en": "PIAGO",
                "name:ja": "ピアゴ",
                "shop": "supermarket",
                "osm_type": "way",
                "osm_id": 586790283,
                "tag": "shop=supermarket"
            }
        },
        {
            "type": "Feature",
            "geometry": {
                "type": "Point",
                "coordinates": [
                    137.2577219,
                    35.3678389
                ]
            },
            "properties": {
                "building": "yes",
                "name": "スーパーマーケットワンダー",
                "shop": "supermarket",
                "osm_type": "way",
                "osm_id": 586800941,
                "tag": "shop=supermarket"
            }
        },
        {
            "type": "Feature",
            "geometry": {
                "type": "Point",
                "coordinates": [
                    137.2711882,
                    35.3504277
                ]
            },
            "properties": {
                "addr:city": "瑞浪市",
                "addr:neighbourhood": "1090-1",
                "addr:postcode": "5096103",
                "addr:province": "岐阜県",
                "addr:quarter": "稲津町小里",
                "building": "yes",
                "name": "スーパーセンターオークワ 瑞浪店",
                "operator": "株式会社オークワ",
                "shop": "supermarket",
                "osm_type": "way",
                "osm_id": 586802876,
                "tag": "shop=supermarket"
            }
        },
        {
            "type": "Feature",
            "geometry": {
                "type": "Point",
                "coordinates": [
                    137.6737663,
                    34.8315363
                ]
            },
            "properties": {
                "building": "yes",
                "shop": "supermarket",
                "osm_type": "way",
                "osm_id": 589583441,
                "tag": "shop=supermarket"
            }
        },
        {
            "type": "Feature",
            "geometry": {
                "type": "Point",
                "coordinates": [
                    136.984332,
                    35.2040018
                ]
            },
            "properties": {
                "building": "retail",
                "building:levels": "2",
                "ele": "34.6",
                "height": "7.9",
                "name": "ナフコ",
                "shop": "supermarket",
                "source": "MLIT_PLATEAU bldg_8b9280c3-ff0e-496d-a5e3-426068555dc1",
                "osm_type": "way",
                "osm_id": 592073911,
                "tag": "shop=supermarket"
            }
        },
        {
            "type": "Feature",
            "geometry": {
                "type": "Point",
                "coordinates": [
                    137.0410642,
                    34.7988449
                ]
            },
            "properties": {
                "building": "yes",
                "shop": "supermarket",
                "osm_type": "way",
                "osm_id": 593786269,
                "tag": "shop=supermarket"
            }
        },
        {
            "type": "Feature",
            "geometry": {
                "type": "Point",
                "coordinates": [
                    137.179343,
                    34.9275065
                ]
            },
            "properties": {
                "building": "yes",
                "name": "フィールNEWS",
                "shop": "supermarket",
                "osm_type": "way",
                "osm_id": 595964768,
                "tag": "shop=supermarket"
            }
        },
        {
            "type": "Feature",
            "geometry": {
                "type": "Point",
                "coordinates": [
                    137.7469587,
                    34.7094025
                ]
            },
            "properties": {
                "branch": "浜松相生店",
                "brand": "業務スーパー",
                "brand:en": "Gyomu Super",
                "brand:ja": "業務スーパー",
                "brand:ja-Latn": "Gyōmu sūpā",
                "brand:wikidata": "Q105687460",
                "building": "yes",
                "name": "業務スーパー",
                "name:en": "Gyomu Super",
                "name:ja": "業務スーパー",
                "name:ja-Latn": "Gyōmu sūpā",
                "shop": "supermarket",
                "osm_type": "way",
                "osm_id": 598014445,
                "tag": "shop=supermarket"
            }
        },
        {
            "type": "Feature",
            "geometry": {
                "type": "Point",
                "coordinates": [
                    137.7472356,
                    34.7096963
                ]
            },
            "properties": {
                "building": "yes",
                "name": "生鮮市場Bi・an・can",
                "shop": "supermarket",
                "osm_type": "way",
                "osm_id": 598014451,
                "tag": "shop=supermarket"
            }
        },
        {
            "type": "Feature",
            "geometry": {
                "type": "Point",
                "coordinates": [
                    137.7402361,
                    34.7192044
                ]
            },
            "properties": {
                "building": "yes",
                "name": "フィール ハミング",
                "shop": "supermarket",
                "osm_type": "way",
                "osm_id": 599170471,
                "tag": "shop=supermarket"
            }
        },
        {
            "type": "Feature",
            "geometry": {
                "type": "Point",
                "coordinates": [
                    137.7968866,
                    34.7562031
                ]
            },
            "properties": {
                "building": "retail",
                "name": "JAとぴあ浜松ファーマーズマーケット 東店",
                "opening_hours": "09:00-17:00",
                "operator": "とぴあ浜松農業協同組合",
                "shop": "supermarket",
                "osm_type": "way",
                "osm_id": 601159202,
                "tag": "shop=supermarket"
            }
        },
        {
            "type": "Feature",
            "geometry": {
                "type": "Point",
                "coordinates": [
                    136.6242461,
                    34.9605246
                ]
            },
            "properties": {
                "building": "retail",
                "ele": "1.3",
                "height": "7.7",
                "name": "バロー 北浜田店",
                "shop": "supermarket",
                "source": "MLIT_PLATEAU 24202-bldg-251379",
                "start_date": "2012",
                "survey:date": "2018",
                "osm_type": "way",
                "osm_id": 604804648,
                "tag": "shop=supermarket"
            }
        },
        {
            "type": "Feature",
            "geometry": {
                "type": "Point",
                "coordinates": [
                    136.9048321,
                    35.3979881
                ]
            },
            "properties": {
                "branch": "各務原店",
                "brand": "アピタ",
                "brand:en": "APITA",
                "brand:ja": "アピタ",
                "brand:wikidata": "Q55384637",
                "building": "yes",
                "name": "アピタ",
                "name:en": "APITA",
                "name:ja": "アピタ",
                "shop": "supermarket",
                "osm_type": "way",
                "osm_id": 613723994,
                "tag": "shop=supermarket"
            }
        },
        {
            "type": "Feature",
            "geometry": {
                "type": "Point",
                "coordinates": [
                    137.6846145,
                    34.6952778
                ]
            },
            "properties": {
                "branch": "入野店",
                "building": "supermarket",
                "name": "エブリィビッグデー",
                "name:en": "Every BIGDAY",
                "phone": "+81 53 448 9988",
                "shop": "supermarket",
                "website": "https://www.bigfuji.co.jp/store00019.html",
                "osm_type": "way",
                "osm_id": 616307724,
                "tag": "shop=supermarket"
            }
        },
        {
            "type": "Feature",
            "geometry": {
                "type": "Point",
                "coordinates": [
                    137.0647688,
                    34.9705898
                ]
            },
            "properties": {
                "building": "yes",
                "name": "ビッグリブ安城店",
                "shop": "supermarket",
                "osm_type": "way",
                "osm_id": 616814987,
                "tag": "shop=supermarket"
            }
        },
        {
            "type": "Feature",
            "geometry": {
                "type": "Point",
                "coordinates": [
                    136.9516295,
                    35.1750546
                ]
            },
            "properties": {
                "building": "retail",
                "building:levels": "3",
                "ele": "23.3",
                "height": "10.7",
                "name": "新鮮組",
                "shop": "supermarket",
                "osm_type": "way",
                "osm_id": 623831607,
                "tag": "shop=supermarket"
            }
        },
        {
            "type": "Feature",
            "geometry": {
                "type": "Point",
                "coordinates": [
                    136.9487607,
                    35.173813
                ]
            },
            "properties": {
                "building": "yes",
                "name": "高見ストア",
                "shop": "supermarket",
                "osm_type": "way",
                "osm_id": 624160327,
                "tag": "shop=supermarket"
            }
        },
        {
            "type": "Feature",
            "geometry": {
                "type": "Point",
                "coordinates": [
                    136.9176545,
                    34.8691961
                ]
            },
            "properties": {
                "building": "yes",
                "name": "イオン半田店",
                "shop": "supermarket",
                "wikidata": "Q11286237",
                "wikipedia": "ja:イオン半田店",
                "osm_type": "way",
                "osm_id": 629776370,
                "tag": "shop=supermarket"
            }
        },
        {
            "type": "Feature",
            "geometry": {
                "type": "Point",
                "coordinates": [
                    136.9169879,
                    34.8762582
                ]
            },
            "properties": {
                "building": "commercial",
                "name": "食祭館",
                "shop": "supermarket",
                "osm_type": "way",
                "osm_id": 631599064,
                "tag": "shop=supermarket"
            }
        },
        {
            "type": "Feature",
            "geometry": {
                "type": "Point",
                "coordinates": [
                    136.9217311,
                    34.8852978
                ]
            },
            "properties": {
                "branch": "成岩店",
                "name": "ISHIHARA",
                "shop": "supermarket",
                "osm_type": "way",
                "osm_id": 631636802,
                "tag": "shop=supermarket"
            }
        },
        {
            "type": "Feature",
            "geometry": {
                "type": "Point",
                "coordinates": [
                    137.7485709,
                    34.7243154
                ]
            },
            "properties": {
                "name": "かきこや生鮮市場　早出店",
                "shop": "supermarket",
                "osm_type": "way",
                "osm_id": 633157047,
                "tag": "shop=supermarket"
            }
        },
        {
            "type": "Feature",
            "geometry": {
                "type": "Point",
                "coordinates": [
                    137.7485709,
                    34.7243154
                ]
            },
            "properties": {
                "building": "retail",
                "name": "かきこや生鮮市場 早出店",
                "shop": "supermarket",
                "osm_type": "way",
                "osm_id": 633157049,
                "tag": "shop=supermarket"
            }
        },
        {
            "type": "Feature",
            "geometry": {
                "type": "Point",
                "coordinates": [
                    137.820599,
                    34.7136933
                ]
            },
            "properties": {
                "brand": "マックスバリュ",
                "brand:en": "MaxValu",
                "brand:ja": "マックスバリュ",
                "brand:wikidata": "Q11340427",
                "building": "retail",
                "name": "マックスバリュ",
                "name:en": "MaxValu",
                "name:ja": "マックスバリュ",
                "shop": "supermarket",
                "osm_type": "way",
                "osm_id": 633160084,
                "tag": "shop=supermarket"
            }
        },
        {
            "type": "Feature",
            "geometry": {
                "type": "Point",
                "coordinates": [
                    136.8293177,
                    35.3292287
                ]
            },
            "properties": {
                "branch": "瀬部店",
                "building": "retail",
                "name": "カネスエ",
                "name:en": "Kanesue",
                "name:ja": "カネスエ",
                "name:ja-Hira": "かねすえ",
                "name:ja-Latn": "Kanesue",
                "shop": "supermarket",
                "osm_type": "way",
                "osm_id": 633757428,
                "tag": "shop=supermarket"
            }
        },
        {
            "type": "Feature",
            "geometry": {
                "type": "Point",
                "coordinates": [
                    136.8568634,
                    35.5200031
                ]
            },
            "properties": {
                "brand": "バロー",
                "brand:en": "Valor",
                "brand:ja": "バロー",
                "brand:wikidata": "Q11328346",
                "brand:wikipedia": "ja:バロー (チェーンストア)",
                "building": "yes",
                "name": "バロー",
                "name:en": "Valor",
                "name:ja": "バロー",
                "shop": "supermarket",
                "osm_type": "way",
                "osm_id": 641780415,
                "tag": "shop=supermarket"
            }
        },
        {
            "type": "Feature",
            "geometry": {
                "type": "Point",
                "coordinates": [
                    136.6446959,
                    35.2611186
                ]
            },
            "properties": {
                "building": "yes",
                "name": "早水商店",
                "shop": "supermarket",
                "osm_type": "way",
                "osm_id": 660151390,
                "tag": "shop=supermarket"
            }
        },
        {
            "type": "Feature",
            "geometry": {
                "type": "Point",
                "coordinates": [
                    136.6450185,
                    35.2600772
                ]
            },
            "properties": {
                "building": "yes",
                "name": "八百慶スーパー",
                "shop": "supermarket",
                "osm_type": "way",
                "osm_id": 660151407,
                "tag": "shop=supermarket"
            }
        },
        {
            "type": "Feature",
            "geometry": {
                "type": "Point",
                "coordinates": [
                    136.6450157,
                    35.2614294
                ]
            },
            "properties": {
                "building": "yes",
                "name": "しおのくら",
                "shop": "supermarket",
                "osm_type": "way",
                "osm_id": 660363350,
                "tag": "shop=supermarket"
            }
        },
        {
            "type": "Feature",
            "geometry": {
                "type": "Point",
                "coordinates": [
                    136.6468066,
                    35.2630788
                ]
            },
            "properties": {
                "building": "yes",
                "name": "青木漬物店",
                "shop": "supermarket",
                "osm_type": "way",
                "osm_id": 660441383,
                "tag": "shop=supermarket"
            }
        },
        {
            "type": "Feature",
            "geometry": {
                "type": "Point",
                "coordinates": [
                    136.7048378,
                    35.4505779
                ]
            },
            "properties": {
                "building": "retail",
                "building:levels": "1",
                "ele": "15.1",
                "height": "10",
                "shop": "supermarket",
                "source": "MLIT_PLATEAU bldg_e167586d-c34e-4561-bac4-b60abed6bbb0",
                "start_date": "2009",
                "osm_type": "way",
                "osm_id": 660872651,
                "tag": "shop=supermarket"
            }
        },
        {
            "type": "Feature",
            "geometry": {
                "type": "Point",
                "coordinates": [
                    136.8968725,
                    35.3234069
                ]
            },
            "properties": {
                "addr:block_number": "146-1",
                "addr:city": "大口町",
                "addr:county": "丹羽郡",
                "addr:neighbourhood": "1丁目",
                "addr:postcode": "480-0131",
                "addr:province": "愛知県",
                "addr:quarter": "高橋",
                "building": "yes",
                "name": "フレッシュライフ大口店",
                "opening_hours": "Mo-Sa 10:00-19:00",
                "shop": "supermarket",
                "osm_type": "way",
                "osm_id": 661690932,
                "tag": "shop=supermarket"
            }
        },
        {
            "type": "Feature",
            "geometry": {
                "type": "Point",
                "coordinates": [
                    136.6009707,
                    35.2537841
                ]
            },
            "properties": {
                "building": "yes",
                "name": "スーパーセンターオークワ 養老店",
                "name:en": "Okuws",
                "shop": "supermarket",
                "osm_type": "way",
                "osm_id": 662778545,
                "tag": "shop=supermarket"
            }
        },
        {
            "type": "Feature",
            "geometry": {
                "type": "Point",
                "coordinates": [
                    136.7753604,
                    35.3820584
                ]
            },
            "properties": {
                "building": "yes",
                "name": "トミダヤ",
                "shop": "supermarket",
                "osm_type": "way",
                "osm_id": 666438575,
                "tag": "shop=supermarket"
            }
        },
        {
            "type": "Feature",
            "geometry": {
                "type": "Point",
                "coordinates": [
                    136.9474517,
                    35.1845314
                ]
            },
            "properties": {
                "addr:city": "名古屋市",
                "addr:province": "愛知県",
                "addr:suburb": "千種区",
                "building": "yes",
                "name": "食の殿堂　ユーストア萱場店",
                "opening_hours": "Mo-Su,PH 09:00-22:00",
                "shop": "supermarket",
                "osm_type": "way",
                "osm_id": 666804950,
                "tag": "shop=supermarket"
            }
        },
        {
            "type": "Feature",
            "geometry": {
                "type": "Point",
                "coordinates": [
                    137.4265115,
                    34.7440707
                ]
            },
            "properties": {
                "building": "yes",
                "name": "ドミー飯村店",
                "shop": "supermarket",
                "source": "bing",
                "source_1": "survey",
                "osm_type": "way",
                "osm_id": 667090002,
                "tag": "shop=supermarket"
            }
        },
        {
            "type": "Feature",
            "geometry": {
                "type": "Point",
                "coordinates": [
                    136.9676558,
                    35.2089803
                ]
            },
            "properties": {
                "addr:city": "名古屋市",
                "addr:neighbourhood": "258",
                "addr:postcode": "463-0096",
                "addr:province": "愛知県",
                "addr:quarter": "森宮町",
                "addr:suburb": "守山区",
                "building": "retail",
                "building:levels": "1",
                "ele": "13",
                "height": "10",
                "name": "（株）ナフコ不二屋 守山店",
                "opening_hours": "09:00-20:00",
                "payment:cash": "yes",
                "payment:credit_cards": "yes",
                "shop": "supermarket",
                "source": "MLIT_PLATEAU bldg_dce165d9-8ae6-4f1c-a6a2-1ec6e90720ce",
                "osm_type": "way",
                "osm_id": 667439662,
                "tag": "shop=supermarket"
            }
        },
        {
            "type": "Feature",
            "geometry": {
                "type": "Point",
                "coordinates": [
                    137.7995628,
                    35.5025379
                ]
            },
            "properties": {
                "brand": "西友",
                "brand:en": "Seiyu",
                "brand:ja": "西友",
                "brand:wikidata": "Q3108542",
                "brand:wikipedia": "en:Seiyu Group",
                "building": "retail",
                "name": "西友",
                "name:en": "Seiyu",
                "name:ja": "西友",
                "opening_hours": "24/7",
                "shop": "supermarket",
                "osm_type": "way",
                "osm_id": 668205088,
                "tag": "shop=supermarket"
            }
        },
        {
            "type": "Feature",
            "geometry": {
                "type": "Point",
                "coordinates": [
                    136.9222577,
                    35.1779887
                ]
            },
            "properties": {
                "building": "yes",
                "ele": "12",
                "height": "14",
                "name:en": "MaxValu Daikan Store",
                "name:ja": "マックスバリュ代官店",
                "opening_hours": "24/7",
                "payment:app": "yes",
                "payment:cash": "yes",
                "payment:contactless": "yes",
                "payment:credit_cards": "yes",
                "payment:debit_cards": "yes",
                "payment:google_pay": "yes",
                "phone": "+052-933-9371",
                "shop": "supermarket",
                "website": "https://www.mv-tokai.co.jp/store/173/",
                "osm_type": "way",
                "osm_id": 669362577,
                "tag": "shop=supermarket"
            }
        },
        {
            "type": "Feature",
            "geometry": {
                "type": "Point",
                "coordinates": [
                    136.9377576,
                    35.1732441
                ]
            },
            "properties": {
                "brand": "マックスバリュ",
                "brand:en": "MaxValu",
                "brand:ja": "マックスバリュ",
                "brand:wikidata": "Q11340427",
                "brand:wikipedia": "en:MaxValu",
                "building": "yes",
                "name": "マックスバリュ",
                "name:en": "MaxValu",
                "name:ja": "マックスバリュ",
                "shop": "supermarket",
                "osm_type": "way",
                "osm_id": 669362618,
                "tag": "shop=supermarket"
            }
        },
        {
            "type": "Feature",
            "geometry": {
                "type": "Point",
                "coordinates": [
                    136.9353549,
                    35.1838021
                ]
            },
            "properties": {
                "brand": "イオン",
                "brand:en": "AEON",
                "brand:ja": "イオン",
                "brand:wikidata": "Q11285951",
                "brand:wikipedia": "ja:イオン (店舗ブランド)",
                "building": "yes",
                "name": "イオン",
                "name:en": "AEON",
                "name:ja": "イオン",
                "name:ja_rm": "Ion",
                "shop": "supermarket",
                "osm_type": "way",
                "osm_id": 675569135,
                "tag": "shop=supermarket"
            }
        },
        {
            "type": "Feature",
            "geometry": {
                "type": "Point",
                "coordinates": [
                    136.9135257,
                    34.8966506
                ]
            },
            "properties": {
                "branch": "半田清城店",
                "building": "yes",
                "name": "ラフーズコア",
                "shop": "supermarket",
                "osm_type": "way",
                "osm_id": 675599178,
                "tag": "shop=supermarket"
            }
        },
        {
            "type": "Feature",
            "geometry": {
                "type": "Point",
                "coordinates": [
                    136.9115675,
                    34.9078544
                ]
            },
            "properties": {
                "building": "yes",
                "name": "EQVo半田店",
                "shop": "supermarket",
                "osm_type": "way",
                "osm_id": 675609768,
                "tag": "shop=supermarket"
            }
        },
        {
            "type": "Feature",
            "geometry": {
                "type": "Point",
                "coordinates": [
                    136.9130876,
                    34.8989786
                ]
            },
            "properties": {
                "building": "yes",
                "name": "アオキスーパー清城店",
                "shop": "supermarket",
                "osm_type": "way",
                "osm_id": 677439517,
                "tag": "shop=supermarket"
            }
        },
        {
            "type": "Feature",
            "geometry": {
                "type": "Point",
                "coordinates": [
                    136.9083119,
                    34.8965359
                ]
            },
            "properties": {
                "building": "yes",
                "name": "アミカ半田店",
                "shop": "supermarket",
                "osm_type": "way",
                "osm_id": 678415835,
                "tag": "shop=supermarket"
            }
        },
        {
            "type": "Feature",
            "geometry": {
                "type": "Point",
                "coordinates": [
                    136.94266,
                    34.9173658
                ]
            },
            "properties": {
                "branch": "乙川店",
                "building": "yes",
                "name": "アオキスーパー",
                "shop": "supermarket",
                "osm_type": "way",
                "osm_id": 680355223,
                "tag": "shop=supermarket"
            }
        },
        {
            "type": "Feature",
            "geometry": {
                "type": "Point",
                "coordinates": [
                    137.6949563,
                    34.700143
                ]
            },
            "properties": {
                "branch": "SANARUDAI",
                "building": "supermarket",
                "name": "KOmart fine",
                "shop": "supermarket",
                "osm_type": "way",
                "osm_id": 680633116,
                "tag": "shop=supermarket"
            }
        },
        {
            "type": "Feature",
            "geometry": {
                "type": "Point",
                "coordinates": [
                    136.8527502,
                    34.8960645
                ]
            },
            "properties": {
                "brand": "ベイシア",
                "brand:en": "Beisia",
                "brand:ja": "ベイシア",
                "brand:wikidata": "Q11336776",
                "brand:wikipedia": "ja:ベイシア",
                "building": "yes",
                "name": "ベイシア",
                "name:en": "Beisia",
                "name:ja": "ベイシア",
                "shop": "supermarket",
                "osm_type": "way",
                "osm_id": 683477530,
                "tag": "shop=supermarket"
            }
        },
        {
            "type": "Feature",
            "geometry": {
                "type": "Point",
                "coordinates": [
                    137.1474061,
                    35.0558655
                ]
            },
            "properties": {
                "building": "retail",
                "name": "ドミー",
                "shop": "supermarket",
                "osm_type": "way",
                "osm_id": 685884842,
                "tag": "shop=supermarket"
            }
        },
        {
            "type": "Feature",
            "geometry": {
                "type": "Point",
                "coordinates": [
                    137.1370597,
                    35.1467835
                ]
            },
            "properties": {
                "building": "yes",
                "name": "Fox Town",
                "shop": "supermarket",
                "osm_type": "way",
                "osm_id": 685997910,
                "tag": "shop=supermarket"
            }
        },
        {
            "type": "Feature",
            "geometry": {
                "type": "Point",
                "coordinates": [
                    136.8427635,
                    34.8869921
                ]
            },
            "properties": {
                "brand": "バロー",
                "brand:en": "Valor",
                "brand:ja": "バロー",
                "brand:wikidata": "Q11328346",
                "brand:wikipedia": "ja:バロー (チェーンストア)",
                "building": "yes",
                "name": "バロー",
                "name:en": "Valor",
                "name:ja": "バロー",
                "shop": "supermarket",
                "osm_type": "way",
                "osm_id": 686292655,
                "tag": "shop=supermarket"
            }
        },
        {
            "type": "Feature",
            "geometry": {
                "type": "Point",
                "coordinates": [
                    136.9395804,
                    35.4771693
                ]
            },
            "properties": {
                "name": "スーパーセンターオオクワ",
                "opening_hours": "09:00-22:00",
                "shop": "supermarket",
                "osm_type": "way",
                "osm_id": 686886093,
                "tag": "shop=supermarket"
            }
        },
        {
            "type": "Feature",
            "geometry": {
                "type": "Point",
                "coordinates": [
                    137.0346839,
                    34.9771912
                ]
            },
            "properties": {
                "brand": "ピアゴ",
                "brand:en": "PIAGO",
                "brand:ja": "ピアゴ",
                "brand:wikidata": "Q91014434",
                "building": "yes",
                "name": "ピアゴ",
                "name:en": "PIAGO",
                "name:ja": "ピアゴ",
                "shop": "supermarket",
                "osm_type": "way",
                "osm_id": 689912947,
                "tag": "shop=supermarket"
            }
        },
        {
            "type": "Feature",
            "geometry": {
                "type": "Point",
                "coordinates": [
                    137.1070368,
                    35.3469258
                ]
            },
            "properties": {
                "branch": "光ヶ丘店",
                "building": "yes",
                "name": "オオマツフード",
                "shop": "supermarket",
                "osm_type": "way",
                "osm_id": 694847991,
                "tag": "shop=supermarket"
            }
        },
        {
            "type": "Feature",
            "geometry": {
                "type": "Point",
                "coordinates": [
                    137.1228214,
                    35.3436614
                ]
            },
            "properties": {
                "branch": "多治見店",
                "brand": "ピアゴ",
                "brand:en": "PIAGO",
                "brand:ja": "ピアゴ",
                "brand:wikidata": "Q91014434",
                "building": "retail",
                "name": "ピアゴ",
                "name:en": "PIAGO",
                "name:ja": "ピアゴ",
                "shop": "supermarket",
                "osm_type": "way",
                "osm_id": 695623093,
                "tag": "shop=supermarket"
            }
        },
        {
            "type": "Feature",
            "geometry": {
                "type": "Point",
                "coordinates": [
                    137.1607739,
                    35.0764507
                ]
            },
            "properties": {
                "building": "retail",
                "name": "メガ・ドン・キホーテ",
                "shop": "supermarket",
                "osm_type": "way",
                "osm_id": 696685423,
                "tag": "shop=supermarket"
            }
        },
        {
            "type": "Feature",
            "geometry": {
                "type": "Point",
                "coordinates": [
                    137.131393,
                    35.0123333
                ]
            },
            "properties": {
                "building": "retail",
                "name": "やまのぶ",
                "shop": "supermarket",
                "osm_type": "way",
                "osm_id": 698252453,
                "tag": "shop=supermarket"
            }
        },
        {
            "type": "Feature",
            "geometry": {
                "type": "Point",
                "coordinates": [
                    137.0271847,
                    35.1419971
                ]
            },
            "properties": {
                "building": "yes",
                "name": "Mio香久山",
                "shop": "supermarket",
                "osm_type": "way",
                "osm_id": 699058420,
                "tag": "shop=supermarket"
            }
        },
        {
            "type": "Feature",
            "geometry": {
                "type": "Point",
                "coordinates": [
                    137.0772096,
                    35.2261246
                ]
            },
            "properties": {
                "addr:city": "瀬戸市",
                "addr:province": "愛知県",
                "brand": "バロー",
                "brand:en": "Valor",
                "brand:ja": "バロー",
                "brand:wikidata": "Q11328346",
                "building": "yes",
                "name": "バロー",
                "name:en": "Valor",
                "name:ja": "バロー",
                "shop": "supermarket",
                "osm_type": "way",
                "osm_id": 705934886,
                "tag": "shop=supermarket"
            }
        },
        {
            "type": "Feature",
            "geometry": {
                "type": "Point",
                "coordinates": [
                    136.6784238,
                    35.3331226
                ]
            },
            "properties": {
                "building": "yes",
                "name": "ハイショップヤスイ",
                "shop": "supermarket",
                "osm_type": "way",
                "osm_id": 708701741,
                "tag": "shop=supermarket"
            }
        },
        {
            "type": "Feature",
            "geometry": {
                "type": "Point",
                "coordinates": [
                    137.1157376,
                    35.3673155
                ]
            },
            "properties": {
                "building": "yes",
                "name": "タチヤ多治見店",
                "shop": "supermarket",
                "osm_type": "way",
                "osm_id": 711897917,
                "tag": "shop=supermarket"
            }
        },
        {
            "type": "Feature",
            "geometry": {
                "type": "Point",
                "coordinates": [
                    137.057728,
                    35.1111498
                ]
            },
            "properties": {
                "building": "yes",
                "name": "パレマルシェ東郷",
                "shop": "supermarket",
                "osm_type": "way",
                "osm_id": 712041795,
                "tag": "shop=supermarket"
            }
        },
        {
            "type": "Feature",
            "geometry": {
                "type": "Point",
                "coordinates": [
                    136.6645291,
                    35.3945551
                ]
            },
            "properties": {
                "building": "yes",
                "name": "バロー 穂積西店",
                "shop": "supermarket",
                "osm_type": "way",
                "osm_id": 713192924,
                "tag": "shop=supermarket"
            }
        },
        {
            "type": "Feature",
            "geometry": {
                "type": "Point",
                "coordinates": [
                    137.1516343,
                    35.3022074
                ]
            },
            "properties": {
                "building": "yes",
                "name": "オオマツフード 笠原店",
                "shop": "supermarket",
                "osm_type": "way",
                "osm_id": 716028491,
                "tag": "shop=supermarket"
            }
        },
        {
            "type": "Feature",
            "geometry": {
                "type": "Point",
                "coordinates": [
                    137.6933113,
                    34.698143
                ]
            },
            "properties": {
                "branch": "入野店",
                "building": "supermarket",
                "name": "EQVo!",
                "name:ja": "エクボ",
                "opening_hours": "Mo-Su 09:30-21:00",
                "phone": "+81 53 401 4410",
                "shop": "supermarket",
                "osm_type": "way",
                "osm_id": 718898209,
                "tag": "shop=supermarket"
            }
        },
        {
            "type": "Feature",
            "geometry": {
                "type": "Point",
                "coordinates": [
                    137.336188,
                    34.8399664
                ]
            },
            "properties": {
                "building": "yes",
                "shop": "supermarket",
                "osm_type": "way",
                "osm_id": 722841214,
                "tag": "shop=supermarket"
            }
        },
        {
            "type": "Feature",
            "geometry": {
                "type": "Point",
                "coordinates": [
                    137.1366548,
                    35.1241699
                ]
            },
            "properties": {
                "brand": "バロー",
                "brand:en": "Valor",
                "brand:ja": "バロー",
                "brand:wikidata": "Q11328346",
                "building": "yes",
                "name": "バロー",
                "name:en": "Valor",
                "name:ja": "バロー",
                "shop": "supermarket",
                "osm_type": "way",
                "osm_id": 722876695,
                "tag": "shop=supermarket"
            }
        },
        {
            "type": "Feature",
            "geometry": {
                "type": "Point",
                "coordinates": [
                    136.9921062,
                    35.098007
                ]
            },
            "properties": {
                "addr:city": "Nagoya",
                "addr:housename": "Walmart",
                "addr:street": "Sakuri Dori",
                "branch": "鳴海店",
                "brand": "西友",
                "brand:en": "Seiyu",
                "brand:ja": "西友",
                "brand:wikidata": "Q3108542",
                "brand:wikipedia": "en:Seiyu Group",
                "building": "retail",
                "building:levels": "3",
                "ele": "38.1",
                "height": "18.9",
                "name": "西友",
                "name:en": "Seiyu",
                "name:ja": "西友",
                "operator": "西友",
                "shop": "supermarket",
                "source": "MLIT_PLATEAU bldg_4880f174-b994-42ea-ab30-81089efb906d",
                "osm_type": "way",
                "osm_id": 723027453,
                "tag": "shop=supermarket"
            }
        },
        {
            "type": "Feature",
            "geometry": {
                "type": "Point",
                "coordinates": [
                    137.3955969,
                    34.7333948
                ]
            },
            "properties": {
                "building": "yes",
                "name": "クックマート ユーアイ店",
                "shop": "supermarket",
                "osm_type": "way",
                "osm_id": 723311699,
                "tag": "shop=supermarket"
            }
        },
        {
            "type": "Feature",
            "geometry": {
                "type": "Point",
                "coordinates": [
                    136.9494515,
                    34.9108736
                ]
            },
            "properties": {
                "branch": "乙川店",
                "building": "yes",
                "name": "フィール",
                "shop": "supermarket",
                "osm_type": "way",
                "osm_id": 724839479,
                "tag": "shop=supermarket"
            }
        },
        {
            "type": "Feature",
            "geometry": {
                "type": "Point",
                "coordinates": [
                    137.0430029,
                    34.868848
                ]
            },
            "properties": {
                "building": "yes",
                "name": "ヤマナカ下町店",
                "shop": "supermarket",
                "osm_type": "way",
                "osm_id": 733480228,
                "tag": "shop=supermarket"
            }
        },
        {
            "type": "Feature",
            "geometry": {
                "type": "Point",
                "coordinates": [
                    136.9234118,
                    35.1619856
                ]
            },
            "properties": {
                "addr:block_number": "16-13",
                "addr:city": "名古屋市",
                "addr:neighbourhood": "千種二丁目",
                "addr:province": "愛知県",
                "addr:suburb": "千種区",
                "branch": "千種若宮大通店",
                "brand": "マックスバリュ",
                "brand:en": "MaxValu",
                "brand:ja": "マックスバリュ",
                "brand:wikidata": "Q11340427",
                "brand:wikipedia": "en:MaxValu",
                "building": "retail",
                "building:levels": "5",
                "ele": "8.5",
                "height": "21.5",
                "name": "マックスバリュ",
                "name:en": "MaxValu",
                "name:ja": "マックスバリュ",
                "opening_hours": "24/7",
                "operator": "マックスバリュ東海",
                "shop": "supermarket",
                "source": "MLIT_PLATEAU bldg_c5f08122-2e00-4167-9283-5c3272597ce9",
                "website": "https://www.mv-chubu.co.jp/store/187/",
                "osm_type": "way",
                "osm_id": 738397291,
                "tag": "shop=supermarket"
            }
        },
        {
            "type": "Feature",
            "geometry": {
                "type": "Point",
                "coordinates": [
                    136.9395556,
                    35.1571965
                ]
            },
            "properties": {
                "building": "retail",
                "building:levels": "1",
                "ele": "18",
                "height": "8",
                "shop": "supermarket",
                "source": "MLIT_PLATEAU bldg_aa219ed0-033a-43dd-89eb-edca218826ee",
                "osm_type": "way",
                "osm_id": 740407495,
                "tag": "shop=supermarket"
            }
        },
        {
            "type": "Feature",
            "geometry": {
                "type": "Point",
                "coordinates": [
                    137.3534597,
                    34.8299475
                ]
            },
            "properties": {
                "brand": "エーコープ",
                "brand:en": "A-COOP",
                "brand:ja": "エーコープ",
                "brand:wikidata": "Q11291524",
                "building": "yes",
                "name": "エーコープ",
                "name:en": "A-COOP",
                "name:ja": "エーコープ",
                "organic": "only",
                "shop": "supermarket",
                "source": "Bing",
                "osm_type": "way",
                "osm_id": 761924554,
                "tag": "shop=supermarket"
            }
        },
        {
            "type": "Feature",
            "geometry": {
                "type": "Point",
                "coordinates": [
                    136.9756003,
                    35.4501821
                ]
            },
            "properties": {
                "building": "yes",
                "name": "スーパーセンターオークワ坂祝店",
                "shop": "supermarket",
                "osm_type": "way",
                "osm_id": 785215088,
                "tag": "shop=supermarket"
            }
        },
        {
            "type": "Feature",
            "geometry": {
                "type": "Point",
                "coordinates": [
                    136.6841766,
                    35.4224684
                ]
            },
            "properties": {
                "building": "yes",
                "name": "タチヤ　北方店",
                "shop": "supermarket",
                "osm_type": "way",
                "osm_id": 787501092,
                "tag": "shop=supermarket"
            }
        },
        {
            "type": "Feature",
            "geometry": {
                "type": "Point",
                "coordinates": [
                    137.8419114,
                    35.3790612
                ]
            },
            "properties": {
                "branch": "泰阜事業所",
                "building": "yes",
                "name": "みなみ信州農業協同組合",
                "shop": "supermarket",
                "osm_type": "way",
                "osm_id": 788075684,
                "tag": "shop=supermarket"
            }
        },
        {
            "type": "Feature",
            "geometry": {
                "type": "Point",
                "coordinates": [
                    136.6215993,
                    35.3738647
                ]
            },
            "properties": {
                "brand": "バロー",
                "brand:en": "Valor",
                "brand:ja": "バロー",
                "brand:wikidata": "Q11328346",
                "brand:wikipedia": "ja:バロー (チェーンストア)",
                "building": "retail",
                "ele": "6.1",
                "height": "11.3",
                "name": "バロー",
                "name:en": "Valor",
                "name:ja": "バロー",
                "shop": "supermarket",
                "osm_type": "way",
                "osm_id": 793406885,
                "tag": "shop=supermarket"
            }
        },
        {
            "type": "Feature",
            "geometry": {
                "type": "Point",
                "coordinates": [
                    136.881691,
                    34.9952807
                ]
            },
            "properties": {
                "building": "yes",
                "shop": "supermarket",
                "osm_type": "way",
                "osm_id": 802962292,
                "tag": "shop=supermarket"
            }
        },
        {
            "type": "Feature",
            "geometry": {
                "type": "Point",
                "coordinates": [
                    136.8048538,
                    35.3802521
                ]
            },
            "properties": {
                "branch": "笠松店",
                "brand": "ピアゴ",
                "brand:en": "PIAGO",
                "brand:ja": "ピアゴ",
                "brand:wikidata": "Q91014434",
                "building": "yes",
                "name": "ピアゴ",
                "name:en": "PIAGO",
                "name:ja": "ピアゴ",
                "shop": "supermarket",
                "osm_type": "way",
                "osm_id": 810493111,
                "tag": "shop=supermarket"
            }
        },
        {
            "type": "Feature",
            "geometry": {
                "type": "Point",
                "coordinates": [
                    137.6775412,
                    34.7410821
                ]
            },
            "properties": {
                "building": "retail",
                "name": "フレッシュ スヤマ",
                "shop": "supermarket",
                "osm_type": "way",
                "osm_id": 810746520,
                "tag": "shop=supermarket"
            }
        },
        {
            "type": "Feature",
            "geometry": {
                "type": "Point",
                "coordinates": [
                    136.631438,
                    34.9994073
                ]
            },
            "properties": {
                "branch": "別名店",
                "brand": "バロー",
                "brand:en": "Valor",
                "brand:ja": "バロー",
                "brand:wikidata": "Q11328346",
                "brand:wikipedia": "ja:バロー (チェーンストア)",
                "building": "retail",
                "ele": "8.4",
                "height": "7.5",
                "name": "バロー",
                "name:en": "Valor",
                "name:ja": "バロー",
                "shop": "supermarket",
                "source": "MLIT_PLATEAU 24202-bldg-93188",
                "start_date": "2014",
                "survey:date": "2018",
                "osm_type": "way",
                "osm_id": 812391502,
                "tag": "shop=supermarket"
            }
        },
        {
            "type": "Feature",
            "geometry": {
                "type": "Point",
                "coordinates": [
                    137.7711264,
                    34.7062197
                ]
            },
            "properties": {
                "brand": "マックスバリュ",
                "brand:en": "Maxvalu Tokai",
                "brand:ja": "マックスバリュ",
                "brand:wikidata": "Q1960109",
                "brand:wikipedia": "en:MaxValu",
                "building": "yes",
                "name": "マックスバリュ エクスプレス浜松飯田店",
                "name:en": "Maxvalu Tokai",
                "name:ja": "マックスバリュ",
                "operator": "マックスバリュ東海",
                "shop": "supermarket",
                "osm_type": "way",
                "osm_id": 832460216,
                "tag": "shop=supermarket"
            }
        },
        {
            "type": "Feature",
            "geometry": {
                "type": "Point",
                "coordinates": [
                    137.0642519,
                    35.4828095
                ]
            },
            "properties": {
                "brand": "ピアゴ",
                "brand:en": "PIAGO",
                "brand:ja": "ピアゴ",
                "brand:wikidata": "Q91014434",
                "building": "yes",
                "name": "ピアゴ",
                "name:en": "PIAGO",
                "name:ja": "ピアゴ",
                "shop": "supermarket",
                "osm_type": "way",
                "osm_id": 836137044,
                "tag": "shop=supermarket"
            }
        },
        {
            "type": "Feature",
            "geometry": {
                "type": "Point",
                "coordinates": [
                    136.600385,
                    35.3268778
                ]
            },
            "properties": {
                "building": "retail",
                "ele": "3.7",
                "height": "8.6",
                "name": "萩野食料品店",
                "shop": "supermarket",
                "source": "MLIT_PLATEAU bldg_d5d0ec44-3b57-447b-944d-84f86211394e",
                "osm_type": "way",
                "osm_id": 841500026,
                "tag": "shop=supermarket"
            }
        },
        {
            "type": "Feature",
            "geometry": {
                "type": "Point",
                "coordinates": [
                    136.6029977,
                    35.4157303
                ]
            },
            "properties": {
                "branch": "神戸店",
                "building": "yes",
                "name": "トミダヤ",
                "shop": "supermarket",
                "osm_type": "way",
                "osm_id": 846845171,
                "tag": "shop=supermarket"
            }
        },
        {
            "type": "Feature",
            "geometry": {
                "type": "Point",
                "coordinates": [
                    136.6025321,
                    35.4135836
                ]
            },
            "properties": {
                "brand": "バロー",
                "brand:en": "Valor",
                "brand:ja": "バロー",
                "brand:wikidata": "Q11328346",
                "brand:wikipedia": "ja:バロー (チェーンストア)",
                "building": "yes",
                "name": "バロー",
                "name:en": "Valor",
                "name:ja": "バロー",
                "shop": "supermarket",
                "osm_type": "way",
                "osm_id": 846875521,
                "tag": "shop=supermarket"
            }
        },
        {
            "type": "Feature",
            "geometry": {
                "type": "Point",
                "coordinates": [
                    137.7956583,
                    35.4493223
                ]
            },
            "properties": {
                "addr:block_number": "231",
                "addr:city": "飯田市",
                "addr:postcode": "399-2434",
                "addr:province": "長野県",
                "addr:suburb": "伊豆木",
                "building": "yes",
                "name": "久保田屋商店",
                "name:ja": "久保田屋商店",
                "shop": "supermarket",
                "osm_type": "way",
                "osm_id": 850323532,
                "tag": "shop=supermarket"
            }
        },
        {
            "type": "Feature",
            "geometry": {
                "type": "Point",
                "coordinates": [
                    137.1570491,
                    35.0715156
                ]
            },
            "properties": {
                "building": "yes",
                "shop": "supermarket",
                "osm_type": "way",
                "osm_id": 857442444,
                "tag": "shop=supermarket"
            }
        },
        {
            "type": "Feature",
            "geometry": {
                "type": "Point",
                "coordinates": [
                    136.7486857,
                    35.453941
                ]
            },
            "properties": {
                "branch": "正木店",
                "brand": "バロー",
                "brand:en": "Valor",
                "brand:ja": "バロー",
                "brand:wikidata": "Q11328346",
                "brand:wikipedia": "ja:バロー (チェーンストア)",
                "building": "retail",
                "building:levels": "1",
                "ele": "13.3",
                "height": "9",
                "name": "バロー",
                "name:en": "Valor",
                "name:ja": "バロー",
                "name:ja_rm": "Baro",
                "shop": "supermarket",
                "source": "MLIT_PLATEAU bldg_1b0e00cc-43eb-4c63-a54c-612414c69df5",
                "start_date": "2017",
                "osm_type": "way",
                "osm_id": 858363304,
                "tag": "shop=supermarket"
            }
        },
        {
            "type": "Feature",
            "geometry": {
                "type": "Point",
                "coordinates": [
                    137.1888332,
                    35.070486
                ]
            },
            "properties": {
                "building": "yes",
                "name": "やまのぶ",
                "name:ja": "やまのぶ",
                "shop": "supermarket",
                "osm_type": "way",
                "osm_id": 858597202,
                "tag": "shop=supermarket"
            }
        },
        {
            "type": "Feature",
            "geometry": {
                "type": "Point",
                "coordinates": [
                    136.8746515,
                    35.1983767
                ]
            },
            "properties": {
                "addr:block_number": "4",
                "addr:city": "名古屋市",
                "addr:housenumber": "78",
                "addr:neighbourhood": "2丁目",
                "addr:postcode": "451-0054",
                "addr:province": "愛知県",
                "addr:quarter": "南堀越",
                "addr:suburb": "西区",
                "branch": "堀越店",
                "brand": "バロー",
                "brand:en": "Valor",
                "brand:ja": "バロー",
                "brand:wikidata": "Q11328346",
                "building": "retail",
                "building:levels": "1",
                "name": "バロー",
                "name:en": "Valor",
                "name:ja": "バロー",
                "shop": "supermarket",
                "osm_type": "way",
                "osm_id": 858598811,
                "tag": "shop=supermarket"
            }
        },
        {
            "type": "Feature",
            "geometry": {
                "type": "Point",
                "coordinates": [
                    137.7006804,
                    34.7016724
                ]
            },
            "properties": {
                "building": "supermarket",
                "name": "Combiniya",
                "name:en": "Combiniya",
                "name:ja": "コンビニヤ",
                "operator": "株式会社アイ・ビー・カンパニー",
                "shop": "supermarket",
                "osm_type": "way",
                "osm_id": 863244417,
                "tag": "shop=supermarket"
            }
        },
        {
            "type": "Feature",
            "geometry": {
                "type": "Point",
                "coordinates": [
                    137.8379999,
                    35.5288682
                ]
            },
            "properties": {
                "building": "retail",
                "name": "キラヤ",
                "shop": "supermarket",
                "osm_type": "way",
                "osm_id": 864186230,
                "tag": "shop=supermarket"
            }
        },
        {
            "type": "Feature",
            "geometry": {
                "type": "Point",
                "coordinates": [
                    137.1629672,
                    35.1043002
                ]
            },
            "properties": {
                "building": "yes",
                "building:levels": "2",
                "name": "スーパーやまのぶ梅坪店",
                "shop": "supermarket",
                "osm_type": "way",
                "osm_id": 870977196,
                "tag": "shop=supermarket"
            }
        },
        {
            "type": "Feature",
            "geometry": {
                "type": "Point",
                "coordinates": [
                    137.0056639,
                    34.6774178
                ]
            },
            "properties": {
                "building": "yes",
                "name": "アイランド",
                "shop": "supermarket",
                "osm_type": "way",
                "osm_id": 871707855,
                "tag": "shop=supermarket"
            }
        },
        {
            "type": "Feature",
            "geometry": {
                "type": "Point",
                "coordinates": [
                    136.9832822,
                    35.0711479
                ]
            },
            "properties": {
                "addr:province": "愛知県",
                "building": "retail",
                "building:levels": "1",
                "ele": "26.4",
                "height": "6.6",
                "name": "スーパーヤマダイ　うばこ店",
                "shop": "supermarket",
                "source": "MLIT_PLATEAU bldg_7469a759-bb0d-48f1-b6a8-f122b78b6370",
                "osm_type": "way",
                "osm_id": 878049875,
                "tag": "shop=supermarket"
            }
        },
        {
            "type": "Feature",
            "geometry": {
                "type": "Point",
                "coordinates": [
                    136.9523617,
                    35.0126325
                ]
            },
            "properties": {
                "building": "yes",
                "name": "フィールキャンパス",
                "shop": "supermarket",
                "wheelchair": "yes",
                "osm_type": "way",
                "osm_id": 884659593,
                "tag": "shop=supermarket"
            }
        },
        {
            "type": "Feature",
            "geometry": {
                "type": "Point",
                "coordinates": [
                    137.1705568,
                    34.9811956
                ]
            },
            "properties": {
                "building": "yes",
                "name": "フィール",
                "shop": "supermarket",
                "osm_type": "way",
                "osm_id": 891176407,
                "tag": "shop=supermarket"
            }
        },
        {
            "type": "Feature",
            "geometry": {
                "type": "Point",
                "coordinates": [
                    137.8472099,
                    35.4313302
                ]
            },
            "properties": {
                "building": "yes",
                "name": "ふれあい七和館",
                "shop": "supermarket",
                "osm_type": "way",
                "osm_id": 913002330,
                "tag": "shop=supermarket"
            }
        },
        {
            "type": "Feature",
            "geometry": {
                "type": "Point",
                "coordinates": [
                    137.1572843,
                    34.9908024
                ]
            },
            "properties": {
                "building": "yes",
                "name": "メグリアミニ 上里店",
                "shop": "supermarket",
                "osm_type": "way",
                "osm_id": 924820550,
                "tag": "shop=supermarket"
            }
        },
        {
            "type": "Feature",
            "geometry": {
                "type": "Point",
                "coordinates": [
                    136.972453,
                    34.9810555
                ]
            },
            "properties": {
                "brand": "イオン",
                "brand:en": "AEON",
                "brand:ja": "イオン",
                "brand:wikidata": "Q11285951",
                "brand:wikipedia": "ja:イオン (店舗ブランド)",
                "building": "yes",
                "name": "イオン",
                "name:en": "AEON",
                "name:ja": "イオン",
                "shop": "supermarket",
                "osm_type": "way",
                "osm_id": 960932337,
                "tag": "shop=supermarket"
            }
        },
        {
            "type": "Feature",
            "geometry": {
                "type": "Point",
                "coordinates": [
                    137.1137389,
                    35.3778478
                ]
            },
            "properties": {
                "brand": "西友",
                "brand:en": "Seiyu",
                "brand:ja": "西友",
                "brand:wikidata": "Q3108542",
                "brand:wikipedia": "en:Seiyu Group",
                "building": "yes",
                "name": "西友",
                "name:en": "Seiyu",
                "name:ja": "西友",
                "shop": "supermarket",
                "osm_type": "way",
                "osm_id": 972884822,
                "tag": "shop=supermarket"
            }
        },
        {
            "type": "Feature",
            "geometry": {
                "type": "Point",
                "coordinates": [
                    137.188759,
                    35.0851791
                ]
            },
            "properties": {
                "building": "yes",
                "name": "えぷろん",
                "shop": "supermarket",
                "osm_type": "way",
                "osm_id": 986702115,
                "tag": "shop=supermarket"
            }
        },
        {
            "type": "Feature",
            "geometry": {
                "type": "Point",
                "coordinates": [
                    137.7936977,
                    35.5007452
                ]
            },
            "properties": {
                "addr:block_number": "880",
                "addr:city": "飯田市",
                "addr:postcode": "395-0151",
                "addr:province": "長野県",
                "addr:quarter": "北方",
                "branch": "伊賀良店",
                "building": "retail",
                "building:levels": "1",
                "name": "キラヤ",
                "shop": "supermarket",
                "smoking": "outside",
                "osm_type": "way",
                "osm_id": 988482838,
                "tag": "shop=supermarket"
            }
        },
        {
            "type": "Feature",
            "geometry": {
                "type": "Point",
                "coordinates": [
                    137.506084,
                    34.8644758
                ]
            },
            "properties": {
                "building": "yes",
                "name": "やなマルシェ",
                "organic": "only",
                "shop": "supermarket",
                "osm_type": "way",
                "osm_id": 991065071,
                "tag": "shop=supermarket"
            }
        },
        {
            "type": "Feature",
            "geometry": {
                "type": "Point",
                "coordinates": [
                    137.1390283,
                    35.1236816
                ]
            },
            "properties": {
                "building": "yes",
                "name": "Felna",
                "shop": "supermarket",
                "osm_type": "way",
                "osm_id": 991200824,
                "tag": "shop=supermarket"
            }
        },
        {
            "type": "Feature",
            "geometry": {
                "type": "Point",
                "coordinates": [
                    137.1386582,
                    35.117238
                ]
            },
            "properties": {
                "building": "yes",
                "name": "えぷろん",
                "shop": "supermarket",
                "osm_type": "way",
                "osm_id": 991459546,
                "tag": "shop=supermarket"
            }
        },
        {
            "type": "Feature",
            "geometry": {
                "type": "Point",
                "coordinates": [
                    137.8012714,
                    35.5053455
                ]
            },
            "properties": {
                "addr:block_number": "17-14",
                "addr:city": "飯田市",
                "addr:neighbourhood": "1丁目",
                "addr:postcode": "395-0152",
                "addr:province": "長野県",
                "addr:quarter": "育良町",
                "branch": "飯田店",
                "building": "retail",
                "name": "アミカ",
                "opening_hours": "Mo-Su 09:30-20:00",
                "phone": "+81-265-25-0211",
                "shop": "supermarket",
                "osm_type": "way",
                "osm_id": 1001612551,
                "tag": "shop=supermarket"
            }
        },
        {
            "type": "Feature",
            "geometry": {
                "type": "Point",
                "coordinates": [
                    136.7626984,
                    35.4166339
                ]
            },
            "properties": {
                "brand": "マックスバリュ",
                "brand:en": "MaxValu",
                "brand:ja": "マックスバリュ",
                "brand:wikidata": "Q11340427",
                "brand:wikipedia": "en:MaxValu",
                "building": "retail",
                "building:levels": "1",
                "ele": "12.3",
                "height": "9.6",
                "name": "マックスバリュ",
                "name:en": "MaxValu",
                "name:ja": "マックスバリュ",
                "shop": "supermarket",
                "source": "MLIT_PLATEAU bldg_2f4231a7-ca88-488e-8509-1abad3518a1c",
                "start_date": "2012",
                "osm_type": "way",
                "osm_id": 1017817726,
                "tag": "shop=supermarket"
            }
        },
        {
            "type": "Feature",
            "geometry": {
                "type": "Point",
                "coordinates": [
                    136.9990305,
                    35.1942908
                ]
            },
            "properties": {
                "addr:block_number": "542",
                "addr:city": "名古屋市",
                "addr:neighbourhood": "3丁目",
                "addr:postcode": "465-0002",
                "addr:province": "愛知県",
                "addr:quarter": "引山",
                "addr:suburb": "名東区",
                "branch": "引山店",
                "building": "retail",
                "building:levels": "2",
                "ele": "38.1",
                "height": "7.9",
                "name": "ナフコ不二家",
                "opening_hours": "Mo-Su 09:30-20:00",
                "phone": "+81 52-726-6667",
                "shop": "supermarket",
                "source": "MLIT_PLATEAU bldg_3ad305f8-40a9-49b0-b5dd-9e5eea94e489",
                "osm_type": "way",
                "osm_id": 1060004339,
                "tag": "shop=supermarket"
            }
        },
        {
            "type": "Feature",
            "geometry": {
                "type": "Point",
                "coordinates": [
                    136.9724703,
                    35.092044
                ]
            },
            "properties": {
                "brand": "アオキスーパー",
                "building": "retail",
                "building:levels": "1",
                "ele": "38",
                "height": "9.4",
                "name": "アオキスーパー",
                "name:ja": "アオキスーパー",
                "shop": "supermarket",
                "osm_type": "way",
                "osm_id": 1060427686,
                "tag": "shop=supermarket"
            }
        },
        {
            "type": "Feature",
            "geometry": {
                "type": "Point",
                "coordinates": [
                    137.0262455,
                    35.1242341
                ]
            },
            "properties": {
                "building": "yes",
                "name": "D-MARKET",
                "shop": "supermarket",
                "osm_type": "way",
                "osm_id": 1062564033,
                "tag": "shop=supermarket"
            }
        },
        {
            "type": "Feature",
            "geometry": {
                "type": "Point",
                "coordinates": [
                    136.9790848,
                    35.1791013
                ]
            },
            "properties": {
                "branch": "クオリテ平和公園店",
                "building": "retail",
                "ele": "65.7",
                "height": "12.3",
                "name": "フィール",
                "shop": "supermarket",
                "source": "MLIT_PLATEAU bldg_b0d2462a-4f3d-4100-9739-0dfa78fee40e",
                "osm_type": "way",
                "osm_id": 1067121079,
                "tag": "shop=supermarket"
            }
        },
        {
            "type": "Feature",
            "geometry": {
                "type": "Point",
                "coordinates": [
                    136.925709,
                    34.9581093
                ]
            },
            "properties": {
                "building": "yes",
                "name": "にぎわい市場マルス東ケ丘店",
                "shop": "supermarket",
                "osm_type": "way",
                "osm_id": 1084424365,
                "tag": "shop=supermarket"
            }
        },
        {
            "type": "Feature",
            "geometry": {
                "type": "Point",
                "coordinates": [
                    137.8339998,
                    35.3333096
                ]
            },
            "properties": {
                "building": "yes",
                "shop": "supermarket",
                "osm_type": "way",
                "osm_id": 1086724357,
                "tag": "shop=supermarket"
            }
        },
        {
            "type": "Feature",
            "geometry": {
                "type": "Point",
                "coordinates": [
                    137.0676665,
                    35.2431483
                ]
            },
            "properties": {
                "addr:city": "瀬戸市",
                "addr:province": "愛知県",
                "brand": "イオン",
                "brand:en": "AEON",
                "brand:ja": "イオン",
                "brand:wikidata": "Q11285951",
                "building": "commercial",
                "name": "イオン",
                "name:en": "AEON",
                "name:ja": "イオン",
                "not:brand:wikidata": "Q11286068",
                "shop": "supermarket",
                "osm_type": "way",
                "osm_id": 1087816896,
                "tag": "shop=supermarket"
            }
        },
        {
            "type": "Feature",
            "geometry": {
                "type": "Point",
                "coordinates": [
                    137.063268,
                    35.2106535
                ]
            },
            "properties": {
                "building": "yes",
                "shop": "supermarket",
                "osm_type": "way",
                "osm_id": 1087817737,
                "tag": "shop=supermarket"
            }
        },
        {
            "type": "Feature",
            "geometry": {
                "type": "Point",
                "coordinates": [
                    137.0965516,
                    35.2229518
                ]
            },
            "properties": {
                "addr:block_number": "33",
                "addr:city": "瀬戸市",
                "addr:neighbourhood": "幸町",
                "addr:postcode": "489-0818",
                "addr:province": "愛知県",
                "branch": "瀬戸店",
                "brand": "アピタ",
                "brand:en": "APITA",
                "brand:ja": "アピタ",
                "brand:wikidata": "Q55384637",
                "building": "retail",
                "name": "アピタ",
                "name:en": "APITA",
                "name:ja": "アピタ",
                "opening_hours": "Mo-Su 09:00-21:00",
                "payment:cash": "yes",
                "payment:majica": "yes",
                "payment:ucs_card": "yes",
                "shop": "supermarket",
                "url": "https://www.uny.co.jp/shop/single.php?shop_id=9999961&utm_source=GMB&utm_medium=profile",
                "website": "https://www.uny.co.jp/shop/single.php?shop_id=9999961",
                "osm_type": "way",
                "osm_id": 1087819622,
                "tag": "shop=supermarket"
            }
        },
        {
            "type": "Feature",
            "geometry": {
                "type": "Point",
                "coordinates": [
                    137.0696829,
                    35.2143541
                ]
            },
            "properties": {
                "brand": "西友",
                "brand:en": "Seiyu",
                "brand:ja": "西友",
                "brand:wikidata": "Q3108542",
                "brand:wikipedia": "en:Seiyu Group",
                "building": "retail",
                "name": "西友",
                "name:en": "Seiyu",
                "name:ja": "西友",
                "shop": "supermarket",
                "osm_type": "way",
                "osm_id": 1105141230,
                "tag": "shop=supermarket"
            }
        },
        {
            "type": "Feature",
            "geometry": {
                "type": "Point",
                "coordinates": [
                    137.7484796,
                    34.7503993
                ]
            },
            "properties": {
                "building": "retail",
                "name": "エブリィビッグデー有玉南店",
                "shop": "supermarket",
                "smoking": "no",
                "osm_type": "way",
                "osm_id": 1123033251,
                "tag": "shop=supermarket"
            }
        },
        {
            "type": "Feature",
            "geometry": {
                "type": "Point",
                "coordinates": [
                    137.0215123,
                    35.1108012
                ]
            },
            "properties": {
                "building": "yes",
                "name": "フェルナ 赤池店",
                "name:en": "Felna Akaike",
                "name:ja": "フェルナ 赤池店",
                "shop": "supermarket",
                "osm_type": "way",
                "osm_id": 1125331486,
                "tag": "shop=supermarket"
            }
        },
        {
            "type": "Feature",
            "geometry": {
                "type": "Point",
                "coordinates": [
                    137.0455175,
                    34.9806696
                ]
            },
            "properties": {
                "building": "yes",
                "name": "アオキスーパー 刈谷店",
                "shop": "supermarket",
                "osm_type": "way",
                "osm_id": 1128179208,
                "tag": "shop=supermarket"
            }
        },
        {
            "type": "Feature",
            "geometry": {
                "type": "Point",
                "coordinates": [
                    136.9445268,
                    34.9162649
                ]
            },
            "properties": {
                "branch": "一ノ草店",
                "building": "yes",
                "name": "Felna",
                "shop": "supermarket",
                "osm_type": "way",
                "osm_id": 1128393263,
                "tag": "shop=supermarket"
            }
        },
        {
            "type": "Feature",
            "geometry": {
                "type": "Point",
                "coordinates": [
                    137.0486134,
                    34.9795
                ]
            },
            "properties": {
                "building": "yes",
                "name": "ヤオスズ キララ店",
                "shop": "supermarket",
                "osm_type": "way",
                "osm_id": 1135711183,
                "tag": "shop=supermarket"
            }
        },
        {
            "type": "Feature",
            "geometry": {
                "type": "Point",
                "coordinates": [
                    137.0601223,
                    34.9946805
                ]
            },
            "properties": {
                "building": "yes",
                "name": "アオキスーパー 知立店",
                "shop": "supermarket",
                "osm_type": "way",
                "osm_id": 1137465786,
                "tag": "shop=supermarket"
            }
        },
        {
            "type": "Feature",
            "geometry": {
                "type": "Point",
                "coordinates": [
                    136.9530793,
                    34.9133765
                ]
            },
            "properties": {
                "branch": "半田乙川店",
                "building": "yes",
                "name": "マルス",
                "shop": "supermarket",
                "osm_type": "way",
                "osm_id": 1148706482,
                "tag": "shop=supermarket"
            }
        },
        {
            "type": "Feature",
            "geometry": {
                "type": "Point",
                "coordinates": [
                    136.9561367,
                    34.9131505
                ]
            },
            "properties": {
                "building": "yes",
                "name": "スーパーよしおか",
                "shop": "supermarket",
                "osm_type": "way",
                "osm_id": 1160627267,
                "tag": "shop=supermarket"
            }
        },
        {
            "type": "Feature",
            "geometry": {
                "type": "Point",
                "coordinates": [
                    137.1634317,
                    34.8873792
                ]
            },
            "properties": {
                "building": "retail",
                "shop": "supermarket",
                "osm_type": "way",
                "osm_id": 1172875854,
                "tag": "shop=supermarket"
            }
        },
        {
            "type": "Feature",
            "geometry": {
                "type": "Point",
                "coordinates": [
                    136.9347352,
                    35.1001941
                ]
            },
            "properties": {
                "brand": "MaxValu",
                "building": "retail",
                "building:levels": "2",
                "ele": "11.5",
                "height": "10.5",
                "name": "マックスバリュ",
                "name:en": "MaxValu",
                "name:ja": "マックスバリュ",
                "name:ja-Hira": "まっくすばりゅ",
                "name:ja-Latn": "Makkusubaryu",
                "shop": "supermarket",
                "source": "MLIT_PLATEAU bldg_7ef368ab-5e4b-4ce6-ab20-05c2aa242442",
                "osm_type": "way",
                "osm_id": 1178022129,
                "tag": "shop=supermarket"
            }
        },
        {
            "type": "Feature",
            "geometry": {
                "type": "Point",
                "coordinates": [
                    137.458167,
                    34.7258269
                ]
            },
            "properties": {
                "name": "JA豊橋 Aコープ 産直プラザ二川",
                "shop": "supermarket",
                "osm_type": "way",
                "osm_id": 1181000996,
                "tag": "shop=supermarket"
            }
        },
        {
            "type": "Feature",
            "geometry": {
                "type": "Point",
                "coordinates": [
                    137.8141366,
                    35.5176881
                ]
            },
            "properties": {
                "brand": "エーコープ",
                "brand:en": "A-COOP",
                "brand:ja": "エーコープ",
                "brand:wikidata": "Q11291524",
                "building": "yes",
                "name": "エーコープ",
                "name:en": "A-COOP",
                "name:ja": "エーコープ",
                "organic": "only",
                "shop": "supermarket",
                "osm_type": "way",
                "osm_id": 1184129089,
                "tag": "shop=supermarket"
            }
        },
        {
            "type": "Feature",
            "geometry": {
                "type": "Point",
                "coordinates": [
                    137.1784697,
                    35.1513599
                ]
            },
            "properties": {
                "building": "yes",
                "name": "えぷろん藤岡店",
                "shop": "supermarket",
                "osm_type": "way",
                "osm_id": 1184609790,
                "tag": "shop=supermarket"
            }
        },
        {
            "type": "Feature",
            "geometry": {
                "type": "Point",
                "coordinates": [
                    136.8576309,
                    35.2370308
                ]
            },
            "properties": {
                "brand": "バロー",
                "brand:en": "Valor",
                "brand:ja": "バロー",
                "brand:wikidata": "Q11328346",
                "building": "yes",
                "name": "バロー",
                "name:en": "Valor",
                "name:ja": "バロー",
                "shop": "supermarket",
                "osm_type": "way",
                "osm_id": 1195398779,
                "tag": "shop=supermarket"
            }
        },
        {
            "type": "Feature",
            "geometry": {
                "type": "Point",
                "coordinates": [
                    137.1334306,
                    35.3393496
                ]
            },
            "properties": {
                "branch": "多治見店",
                "brand": "西友",
                "brand:en": "Seiyu",
                "brand:ja": "西友",
                "brand:wikidata": "Q3108542",
                "building": "yes",
                "name": "西友",
                "name:en": "Seiyu",
                "name:ja": "西友",
                "shop": "supermarket",
                "osm_type": "way",
                "osm_id": 1195529561,
                "tag": "shop=supermarket"
            }
        },
        {
            "type": "Feature",
            "geometry": {
                "type": "Point",
                "coordinates": [
                    136.8496414,
                    35.217523
                ]
            },
            "properties": {
                "brand": "ピアゴ",
                "brand:en": "PIAGO",
                "brand:ja": "ピアゴ",
                "brand:wikidata": "Q91014434",
                "building": "yes",
                "name": "ピアゴ",
                "name:en": "PIAGO",
                "name:ja": "ピアゴ",
                "shop": "supermarket",
                "osm_type": "way",
                "osm_id": 1212436770,
                "tag": "shop=supermarket"
            }
        },
        {
            "type": "Feature",
            "geometry": {
                "type": "Point",
                "coordinates": [
                    137.1015461,
                    35.0234101
                ]
            },
            "properties": {
                "addr:housenumber": "４３−１",
                "addr:postcode": "473-0914",
                "name": "スーパーやまのぶ 若林店",
                "opening_hours": "Mo-Su 09:30-20:00",
                "phone": "+81 565 51 5678",
                "shop": "supermarket",
                "website": "https://www.yamanobu.co.jp/",
                "osm_type": "way",
                "osm_id": 1220019991,
                "tag": "shop=supermarket"
            }
        },
        {
            "type": "Feature",
            "geometry": {
                "type": "Point",
                "coordinates": [
                    136.6165041,
                    35.3677349
                ]
            },
            "properties": {
                "branch": "大垣店",
                "building": "retail",
                "ele": "6",
                "height": "8.3",
                "level": "0",
                "name": "ラ・ムー",
                "opening_hours": "24/7",
                "operator": "大黒天物産",
                "shop": "supermarket",
                "source": "MLIT_PLATEAU bldg_e4e0d7c0-8ea8-4177-a06e-5962c7fbc024",
                "osm_type": "way",
                "osm_id": 1220434214,
                "tag": "shop=supermarket"
            }
        },
        {
            "type": "Feature",
            "geometry": {
                "type": "Point",
                "coordinates": [
                    137.1425407,
                    35.0641853
                ]
            },
            "properties": {
                "branch": "緑ヶ丘店",
                "building": "yes",
                "name": "フェルナ",
                "shop": "supermarket",
                "osm_type": "way",
                "osm_id": 1221287997,
                "tag": "shop=supermarket"
            }
        },
        {
            "type": "Feature",
            "geometry": {
                "type": "Point",
                "coordinates": [
                    137.1063071,
                    35.3421418
                ]
            },
            "properties": {
                "building": "yes",
                "name": "ゲンキー",
                "shop": "supermarket",
                "toilets": "yes",
                "wikidata": "Q11301649",
                "wikimedia_commons": "Category:Genky DrugStores",
                "wikipedia": "ja:ゲンキー",
                "osm_type": "way",
                "osm_id": 1255573319,
                "tag": "shop=supermarket"
            }
        },
        {
            "type": "Feature",
            "geometry": {
                "type": "Point",
                "coordinates": [
                    137.021526,
                    34.8415364
                ]
            },
            "properties": {
                "building": "yes",
                "shop": "supermarket",
                "osm_type": "way",
                "osm_id": 1264101794,
                "tag": "shop=supermarket"
            }
        },
        {
            "type": "Feature",
            "geometry": {
                "type": "Point",
                "coordinates": [
                    136.8641478,
                    35.2406962
                ]
            },
            "properties": {
                "building": "yes",
                "name": "カネスエ 西春店",
                "shop": "supermarket",
                "osm_type": "way",
                "osm_id": 1265182103,
                "tag": "shop=supermarket"
            }
        },
        {
            "type": "Feature",
            "geometry": {
                "type": "Point",
                "coordinates": [
                    137.0068873,
                    35.1543068
                ]
            },
            "properties": {
                "branch": "高針店",
                "brand": "西友",
                "brand:en": "Seiyu",
                "brand:wikidata": "Q3108542",
                "brand:wikipedia": "en:Seiyu Group",
                "building": "retail",
                "building:levels": "4",
                "ele": "31.1",
                "height": "24.9",
                "name": "西友",
                "name:en": "Seiyu",
                "operator": "西友",
                "shop": "supermarket",
                "osm_type": "way",
                "osm_id": 1278732979,
                "tag": "shop=supermarket"
            }
        },
        {
            "type": "Feature",
            "geometry": {
                "type": "Point",
                "coordinates": [
                    136.9365734,
                    35.1474638
                ]
            },
            "properties": {
                "brand": "マックスバリュ",
                "brand:en": "MaxValu",
                "brand:ja": "マックスバリュ",
                "brand:wikidata": "Q11340427",
                "building": "yes",
                "name": "マックスバリュ",
                "name:en": "MaxValu",
                "name:ja": "マックスバリュ",
                "shop": "supermarket",
                "osm_type": "way",
                "osm_id": 1280082604,
                "tag": "shop=supermarket"
            }
        },
        {
            "type": "Feature",
            "geometry": {
                "type": "Point",
                "coordinates": [
                    137.7882432,
                    34.7927752
                ]
            },
            "properties": {
                "brand": "マックスバリュ",
                "brand:en": "MaxValu",
                "brand:ja": "マックスバリュ",
                "brand:wikidata": "Q11340427",
                "building": "yes",
                "name": "マックスバリュ",
                "name:en": "MaxValu",
                "name:ja": "マックスバリュ",
                "shop": "supermarket",
                "osm_type": "way",
                "osm_id": 1280083937,
                "tag": "shop=supermarket"
            }
        },
        {
            "type": "Feature",
            "geometry": {
                "type": "Point",
                "coordinates": [
                    137.775658,
                    34.6862275
                ]
            },
            "properties": {
                "branch": "立野店",
                "brand": "マックスバリュ",
                "brand:en": "MaxValu",
                "brand:ja": "マックスバリュ",
                "brand:wikidata": "Q11340427",
                "building": "yes",
                "name": "マックスバリュ",
                "name:en": "MaxValu",
                "name:ja": "マックスバリュ",
                "operator": "マックスバリュ東海株式会社",
                "shop": "supermarket",
                "osm_type": "way",
                "osm_id": 1280086285,
                "tag": "shop=supermarket"
            }
        },
        {
            "type": "Feature",
            "geometry": {
                "type": "Point",
                "coordinates": [
                    136.9913577,
                    35.1437521
                ]
            },
            "properties": {
                "name": "フィールRISEやき山店",
                "shop": "supermarket",
                "osm_type": "way",
                "osm_id": 1286149695,
                "tag": "shop=supermarket"
            }
        },
        {
            "type": "Feature",
            "geometry": {
                "type": "Point",
                "coordinates": [
                    137.7034706,
                    34.6980705
                ]
            },
            "properties": {
                "brand": "イオン",
                "brand:wikidata": "Q11285951",
                "building": "supermarket",
                "building:levels": "1",
                "name": "イオンスタイル浜松西伊場",
                "name:en": "AEON STYLE",
                "opening_hours": "08:00-22:00",
                "operator": "イオンリテール株式会社",
                "shop": "supermarket",
                "osm_type": "way",
                "osm_id": 1286275161,
                "tag": "shop=supermarket"
            }
        },
        {
            "type": "Feature",
            "geometry": {
                "type": "Point",
                "coordinates": [
                    137.0027642,
                    35.2479684
                ]
            },
            "properties": {
                "brand": "オークワ",
                "brand:en": "Okuwa",
                "brand:ja": "オークワ",
                "brand:wikidata": "Q11293166",
                "building": "yes",
                "name": "オークワ",
                "name:en": "Okuwa",
                "name:ja": "オークワ",
                "shop": "supermarket",
                "osm_type": "way",
                "osm_id": 1294762715,
                "tag": "shop=supermarket"
            }
        },
        {
            "type": "Feature",
            "geometry": {
                "type": "Point",
                "coordinates": [
                    137.4098738,
                    34.7487712
                ]
            },
            "properties": {
                "addr:block_number": "2",
                "addr:city": "豊橋市",
                "addr:housenumber": "12",
                "addr:neighbourhood": "本興寺",
                "addr:postcode": "440-0837",
                "addr:province": "愛知県",
                "addr:quarter": "三ノ輪町",
                "building": "yes",
                "name": "ビオ・あつみ エピスリー豊橋",
                "opening_hours": "Mo-Su 10:00-20:00",
                "organic": "only",
                "phone": "0532-69-5544",
                "shop": "supermarket",
                "osm_type": "way",
                "osm_id": 1317586424,
                "tag": "shop=supermarket"
            }
        },
        {
            "type": "Feature",
            "geometry": {
                "type": "Point",
                "coordinates": [
                    136.6392811,
                    35.1359126
                ]
            },
            "properties": {
                "building": "yes",
                "name": "稲垣商店",
                "shop": "supermarket",
                "osm_type": "way",
                "osm_id": 1323598258,
                "tag": "shop=supermarket"
            }
        },
        {
            "type": "Feature",
            "geometry": {
                "type": "Point",
                "coordinates": [
                    136.9122085,
                    35.2075367
                ]
            },
            "properties": {
                "branch": "鳩岡店",
                "brand": "マックスバリュ",
                "brand:en": "Maxvalu Tokai",
                "brand:ja": "マックスバリュ",
                "brand:wikidata": "Q1960109",
                "brand:wikipedia": "en:MaxValu",
                "building": "retail",
                "building:levels": "1",
                "ele": "5.8",
                "height": "9.2",
                "name": "マックスバリュ",
                "name:en": "Maxvalu Tokai",
                "name:ja": "マックスバリュ",
                "operator": "マックスバリュ",
                "shop": "supermarket",
                "osm_type": "way",
                "osm_id": 1327716601,
                "tag": "shop=supermarket"
            }
        },
        {
            "type": "Feature",
            "geometry": {
                "type": "Point",
                "coordinates": [
                    137.3888719,
                    34.7657692
                ]
            },
            "properties": {
                "addr:city": "豊橋市",
                "addr:neighbourhood": "魚町",
                "addr:province": "愛知県",
                "building": "yes",
                "name": "スーパーサンヨネ魚町本店",
                "operator": "サンヨネ",
                "shop": "supermarket",
                "wikimedia_commons": "File:San'yone Head Store.JPG",
                "osm_type": "way",
                "osm_id": 1338621299,
                "tag": "shop=supermarket"
            }
        },
        {
            "type": "Feature",
            "geometry": {
                "type": "Point",
                "coordinates": [
                    137.1164092,
                    35.340367
                ]
            },
            "properties": {
                "addr:block_number": "1-34",
                "addr:city": "多治見市",
                "addr:neighbourhood": "若松町",
                "addr:province": "岐阜県",
                "air_conditioning": "yes",
                "branch": "多治見店",
                "brand": "バロー",
                "brand:en": "Valor",
                "brand:ja": "バロー",
                "brand:wikidata": "Q11328346",
                "building": "yes",
                "check_date": "2026-04-18",
                "internet_access": "no",
                "name": "バロー",
                "name:en": "Valor",
                "name:ja": "バロー",
                "opening_hours": "Mo-Fr 10:00-20:00; Sa-Su 09:30-20:00",
                "phone": "0572-23-9111",
                "second_hand": "no",
                "shop": "supermarket",
                "start_date": "2024-11-29",
                "toilets": "yes",
                "osm_type": "way",
                "osm_id": 1338806316,
                "tag": "shop=supermarket"
            }
        },
        {
            "type": "Feature",
            "geometry": {
                "type": "Point",
                "coordinates": [
                    136.7707859,
                    35.3912961
                ]
            },
            "properties": {
                "brand": "マックスバリュ",
                "brand:en": "MaxValu",
                "brand:ja": "マックスバリュ",
                "brand:wikidata": "Q11340427",
                "building": "yes",
                "name": "マックスバリュ",
                "name:en": "MaxValu",
                "name:ja": "マックスバリュ",
                "shop": "supermarket",
                "osm_type": "way",
                "osm_id": 1340319598,
                "tag": "shop=supermarket"
            }
        },
        {
            "type": "Feature",
            "geometry": {
                "type": "Point",
                "coordinates": [
                    137.8141215,
                    35.5197136
                ]
            },
            "properties": {
                "building": "yes",
                "name": "キラヤ",
                "payment:cash": "yes",
                "payment:contactless": "yes",
                "payment:credit_cards": "yes",
                "shop": "supermarket",
                "osm_type": "way",
                "osm_id": 1358669805,
                "tag": "shop=supermarket"
            }
        },
        {
            "type": "Feature",
            "geometry": {
                "type": "Point",
                "coordinates": [
                    137.8351143,
                    35.4780077
                ]
            },
            "properties": {
                "building": "yes",
                "name": "キラヤ",
                "shop": "supermarket",
                "osm_type": "way",
                "osm_id": 1384061532,
                "tag": "shop=supermarket"
            }
        },
        {
            "type": "Feature",
            "geometry": {
                "type": "Point",
                "coordinates": [
                    137.8263257,
                    35.4734771
                ]
            },
            "properties": {
                "brand": "エーコープ",
                "brand:en": "A-COOP",
                "brand:ja": "エーコープ",
                "brand:wikidata": "Q11291524",
                "building": "yes",
                "name": "エーコープ",
                "name:en": "A-COOP",
                "name:ja": "エーコープ",
                "organic": "only",
                "shop": "supermarket",
                "osm_type": "way",
                "osm_id": 1384061537,
                "tag": "shop=supermarket"
            }
        },
        {
            "type": "Feature",
            "geometry": {
                "type": "Point",
                "coordinates": [
                    137.7088871,
                    34.6947405
                ]
            },
            "properties": {
                "branch": "浜松若林店",
                "brand": "TRIAL",
                "brand:wikidata": "Q11321723",
                "building": "supermarket",
                "name": "トライアル",
                "name:en": "Trial",
                "opening_hours": "24/7",
                "phone": "+81 53 522 7581",
                "shop": "supermarket",
                "osm_type": "way",
                "osm_id": 1411865007,
                "tag": "shop=supermarket"
            }
        },
        {
            "type": "Feature",
            "geometry": {
                "type": "Point",
                "coordinates": [
                    137.5045399,
                    35.4849069
                ]
            },
            "properties": {
                "building": "yes",
                "shop": "supermarket",
                "osm_type": "way",
                "osm_id": 1420105795,
                "tag": "shop=supermarket"
            }
        },
        {
            "type": "Feature",
            "geometry": {
                "type": "Point",
                "coordinates": [
                    137.796671,
                    34.729522
                ]
            },
            "properties": {
                "branch": "中野町店",
                "brand": "バロー",
                "brand:en": "Valor",
                "brand:ja": "バロー",
                "brand:wikidata": "Q11328346",
                "building": "retail",
                "name": "バロー",
                "name:en": "Valor",
                "name:ja": "バロー",
                "shop": "supermarket",
                "osm_type": "way",
                "osm_id": 1436937925,
                "tag": "shop=supermarket"
            }
        },
        {
            "type": "Feature",
            "geometry": {
                "type": "Point",
                "coordinates": [
                    137.1666604,
                    34.9904737
                ]
            },
            "properties": {
                "branch": "井ノ口新町",
                "landuse": "retail",
                "name": "フェルナ",
                "opening_hours": "Mo-Su 08:00-21:00",
                "operator": "株式会社カネスエ商事",
                "phone": "+81 120 655 789",
                "ref:JP:invoice_issuer": "T3180001082422",
                "shop": "supermarket",
                "smoking": "no",
                "website": "https://www.kanesue.co.jp/",
                "wikidata": "Q6362058",
                "wikipedia": "ja:カネスエ",
                "osm_type": "way",
                "osm_id": 1441580536,
                "tag": "shop=supermarket"
            }
        },
        {
            "type": "Feature",
            "geometry": {
                "type": "Point",
                "coordinates": [
                    136.9183163,
                    35.1973636
                ]
            },
            "properties": {
                "access": "customers",
                "addr:city": "名古屋市北区",
                "addr:country": "JP",
                "addr:province": "愛知県",
                "addr:street": "猿投町２番地１",
                "amenity": "parking",
                "building": "yes",
                "fee": "no",
                "name": "Feel 黒川東店",
                "parking": "rooftop",
                "shop": "supermarket",
                "smoothness": "intermediate",
                "surface": "paved",
                "toilets": "yes",
                "toilets:access": "customers",
                "toilets:wheelchair": "yes",
                "website": "https://feel-corp.jp/store/nagoya/kita/store-638.html",
                "wikipedia": "ja:フィールコーポレーション",
                "osm_type": "way",
                "osm_id": 1442084132,
                "tag": "shop=supermarket"
            }
        },
        {
            "type": "Feature",
            "geometry": {
                "type": "Point",
                "coordinates": [
                    136.9326224,
                    35.4038998
                ]
            },
            "properties": {
                "building": "yes",
                "name": "平和堂鵜沼店",
                "shop": "supermarket",
                "osm_type": "way",
                "osm_id": 1443208863,
                "tag": "shop=supermarket"
            }
        },
        {
            "type": "Feature",
            "geometry": {
                "type": "Point",
                "coordinates": [
                    136.9159834,
                    35.3885002
                ]
            },
            "properties": {
                "building": "yes",
                "shop": "supermarket",
                "osm_type": "way",
                "osm_id": 1443707274,
                "tag": "shop=supermarket"
            }
        },
        {
            "type": "Feature",
            "geometry": {
                "type": "Point",
                "coordinates": [
                    137.0360515,
                    35.0715467
                ]
            },
            "properties": {
                "building": "yes",
                "name": "JA東尾張グリーンセンター",
                "shop": "supermarket",
                "osm_type": "way",
                "osm_id": 1447969233,
                "tag": "shop=supermarket"
            }
        },
        {
            "type": "Feature",
            "geometry": {
                "type": "Point",
                "coordinates": [
                    137.0687555,
                    35.435272
                ]
            },
            "properties": {
                "building": "yes",
                "name": "タチヤ可児店",
                "shop": "supermarket",
                "osm_type": "way",
                "osm_id": 1460511991,
                "tag": "shop=supermarket"
            }
        },
        {
            "type": "Feature",
            "geometry": {
                "type": "Point",
                "coordinates": [
                    137.0861764,
                    35.4277298
                ]
            },
            "properties": {
                "building": "yes",
                "name": "スーパーセンターオークワ 可児御嵩インター店",
                "shop": "supermarket",
                "osm_type": "way",
                "osm_id": 1460757356,
                "tag": "shop=supermarket"
            }
        },
        {
            "type": "Feature",
            "geometry": {
                "type": "Point",
                "coordinates": [
                    137.0624707,
                    35.4331297
                ]
            },
            "properties": {
                "building": "yes",
                "name": "コノミヤ可児店",
                "shop": "supermarket",
                "osm_type": "way",
                "osm_id": 1463919392,
                "tag": "shop=supermarket"
            }
        },
        {
            "type": "Feature",
            "geometry": {
                "type": "Point",
                "coordinates": [
                    137.0733776,
                    34.9601655
                ]
            },
            "properties": {
                "building": "yes",
                "name": "ドミー安城横山店",
                "shop": "supermarket",
                "osm_type": "way",
                "osm_id": 1479608837,
                "tag": "shop=supermarket"
            }
        },
        {
            "type": "Feature",
            "geometry": {
                "type": "Point",
                "coordinates": [
                    137.811443,
                    35.5077519
                ]
            },
            "properties": {
                "brand": "業務スーパー",
                "brand:en": "Gyomu Super",
                "brand:ja": "業務スーパー",
                "brand:ja-Latn": "Gyōmu sūpā",
                "brand:wikidata": "Q105687460",
                "building": "yes",
                "name": "業務スーパー",
                "name:en": "Gyomu Super",
                "name:ja": "業務スーパー",
                "name:ja-Latn": "Gyōmu sūpā",
                "shop": "supermarket",
                "osm_type": "way",
                "osm_id": 1490229518,
                "tag": "shop=supermarket"
            }
        },
        {
            "type": "Feature",
            "geometry": {
                "type": "Point",
                "coordinates": [
                    137.7761014,
                    34.7695484
                ]
            },
            "properties": {
                "branch": "浜松中郡店",
                "building": "retail",
                "name": "カネスエ",
                "opening_hours": "7:00-2100",
                "shop": "supermarket",
                "osm_type": "way",
                "osm_id": 1507425686,
                "tag": "shop=supermarket"
            }
        },
        {
            "type": "Feature",
            "geometry": {
                "type": "Point",
                "coordinates": [
                    137.1975392,
                    35.367057
                ]
            },
            "properties": {
                "building": "yes",
                "name": "ラ・ムー",
                "shop": "supermarket",
                "osm_type": "way",
                "osm_id": 1516018551,
                "tag": "shop=supermarket"
            }
        },
        {
            "type": "Feature",
            "geometry": {
                "type": "Point",
                "coordinates": [
                    136.9120992,
                    34.8699466
                ]
            },
            "properties": {
                "brand": "業務スーパー",
                "brand:en": "Gyomu Super",
                "brand:ja": "業務スーパー",
                "brand:ja-Latn": "Gyōmu sūpā",
                "brand:wikidata": "Q11590183",
                "brand:wikipedia": "ja:神戸物産",
                "building": "yes",
                "name": "業務スーパー",
                "name:en": "Gyomu Super",
                "name:ja": "業務スーパー",
                "name:ja-Latn": "Gyōmu sūpā",
                "shop": "supermarket",
                "type": "multipolygon",
                "osm_type": "relation",
                "osm_id": 8894805,
                "tag": "shop=supermarket"
            }
        },
        {
            "type": "Feature",
            "geometry": {
                "type": "Point",
                "coordinates": [
                    137.0068873,
                    35.1543068
                ]
            },
            "properties": {
                "branch": "高針店",
                "brand": "西友",
                "brand:en": "Seiyu",
                "brand:wikidata": "Q3108542",
                "brand:wikipedia": "en:Seiyu Group",
                "building": "retail",
                "building:levels": "4",
                "ele": "31.1",
                "height": "24.9",
                "name": "西友",
                "name:en": "Seiyu",
                "operator": "西友",
                "shop": "supermarket",
                "type": "building",
                "osm_type": "relation",
                "osm_id": 17544379,
                "tag": "shop=supermarket"
            }
        },
        {
            "type": "Feature",
            "geometry": {
                "type": "Point",
                "coordinates": [
                    136.9663149,
                    35.0457814
                ]
            },
            "properties": {
                "building": "retail",
                "building:levels": "3",
                "ele": "20.6",
                "height": "19.4",
                "name": "フィール",
                "shop": "supermarket",
                "type": "multipolygon",
                "osm_type": "relation",
                "osm_id": 17567401,
                "tag": "shop=supermarket"
            }
        },
        {
            "type": "Feature",
            "geometry": {
                "type": "Point",
                "coordinates": [
                    136.9663149,
                    35.0457814
                ]
            },
            "properties": {
                "building": "retail",
                "building:levels": "3",
                "ele": "20.7",
                "height": "19.4",
                "name": "フィール",
                "shop": "supermarket",
                "type": "building",
                "osm_type": "relation",
                "osm_id": 17567406,
                "tag": "shop=supermarket"
            }
        },
        {
            "type": "Feature",
            "geometry": {
                "type": "Point",
                "coordinates": [
                    136.9465776,
                    35.0845512
                ]
            },
            "properties": {
                "building": "retail",
                "building:levels": "4",
                "ele": "2.1",
                "height": "18.8",
                "name": "なるぱーく",
                "opening_hours": "10:00-21:00",
                "payment:cash": "yes",
                "shop": "supermarket",
                "type": "multipolygon",
                "wikidata": "Q11274554",
                "wikipedia": "ja:なるぱーく",
                "osm_type": "relation",
                "osm_id": 17616591,
                "tag": "shop=supermarket"
            }
        },
        {
            "type": "Feature",
            "geometry": {
                "type": "Point",
                "coordinates": [
                    136.91456,
                    34.9473106
                ]
            },
            "properties": {
                "addr:block_number": "65",
                "addr:city": "阿久比町",
                "addr:county": "知多郡",
                "addr:neighbourhood": "惣山",
                "addr:province": "愛知県",
                "addr:quarter": "卯坂",
                "branch": "阿久比北店",
                "brand": "ピアゴ",
                "brand:en": "PIAGO",
                "brand:ja": "ピアゴ",
                "brand:wikidata": "Q91014434",
                "building": "retail",
                "name": "ピアゴ",
                "name:en": "PIAGO",
                "name:ja": "ピアゴ",
                "shop": "supermarket",
                "type": "multipolygon",
                "osm_type": "relation",
                "osm_id": 17961501,
                "tag": "shop=supermarket"
            }
        }
    ]
}
