{
    "type": "FeatureCollection",
    "features": [
        {
            "type": "Feature",
            "geometry": {
                "type": "Point",
                "coordinates": [
                    130.4119673,
                    33.6118702
                ]
            },
            "properties": {
                "name": "ゆめタウン博多",
                "shop": "supermarket",
                "osm_type": "node",
                "osm_id": 485707433,
                "tag": "shop=supermarket"
            }
        },
        {
            "type": "Feature",
            "geometry": {
                "type": "Point",
                "coordinates": [
                    130.4264271,
                    33.5820188
                ]
            },
            "properties": {
                "branch": "駅南店",
                "name": "サニー",
                "name:en": "Sunny",
                "name:ja": "サニー",
                "name:th": "ซันนี่",
                "shop": "supermarket",
                "osm_type": "node",
                "osm_id": 495981699,
                "tag": "shop=supermarket"
            }
        },
        {
            "type": "Feature",
            "geometry": {
                "type": "Point",
                "coordinates": [
                    130.424087,
                    33.5823057
                ]
            },
            "properties": {
                "name": "マルショク",
                "shop": "supermarket",
                "osm_type": "node",
                "osm_id": 495989488,
                "tag": "shop=supermarket"
            }
        },
        {
            "type": "Feature",
            "geometry": {
                "type": "Point",
                "coordinates": [
                    130.4195531,
                    33.6240639
                ]
            },
            "properties": {
                "name": "ドン・キホーテ 楽市街道箱崎店",
                "name:en": "Don Quijote Rakuichi Kaido Hakozaki Shop",
                "opening_hours": "Mo-Su 00:00-03:00,10:00-24:00",
                "phone": "092-643-5511",
                "shop": "supermarket",
                "osm_type": "node",
                "osm_id": 510163207,
                "tag": "shop=supermarket"
            }
        },
        {
            "type": "Feature",
            "geometry": {
                "type": "Point",
                "coordinates": [
                    130.4121418,
                    33.6016703
                ]
            },
            "properties": {
                "branch": "千代町店",
                "name": "マルショク",
                "shop": "supermarket",
                "osm_type": "node",
                "osm_id": 534037962,
                "tag": "shop=supermarket"
            }
        },
        {
            "type": "Feature",
            "geometry": {
                "type": "Point",
                "coordinates": [
                    130.4056486,
                    33.5953282
                ]
            },
            "properties": {
                "name": "福岡リバレイン",
                "shop": "supermarket",
                "wheelchair": "yes",
                "osm_type": "node",
                "osm_id": 574367792,
                "tag": "shop=supermarket"
            }
        },
        {
            "type": "Feature",
            "geometry": {
                "type": "Point",
                "coordinates": [
                    130.4577377,
                    33.5335589
                ]
            },
            "properties": {
                "name": "サニー宝町店",
                "name:en": "sunny",
                "shop": "supermarket",
                "osm_type": "node",
                "osm_id": 692545057,
                "tag": "shop=supermarket"
            }
        },
        {
            "type": "Feature",
            "geometry": {
                "type": "Point",
                "coordinates": [
                    130.4340135,
                    33.5428149
                ]
            },
            "properties": {
                "name": "マルキョウ",
                "shop": "supermarket",
                "osm_type": "node",
                "osm_id": 705059464,
                "tag": "shop=supermarket"
            }
        },
        {
            "type": "Feature",
            "geometry": {
                "type": "Point",
                "coordinates": [
                    130.4759776,
                    33.5381183
                ]
            },
            "properties": {
                "addr:block_number": "1",
                "addr:city": "大野城市",
                "addr:country": "JP",
                "addr:housenumber": "1",
                "addr:neighbourhood": "4",
                "addr:postcode": "816-0935",
                "addr:province": "福岡県",
                "addr:quarter": "錦町",
                "branch:en": "Onojo",
                "brand:wikipedia": "ja:イオン (店舗ブランド)",
                "name": "イオン大野城",
                "shop": "supermarket",
                "osm_type": "node",
                "osm_id": 718529634,
                "tag": "shop=supermarket"
            }
        },
        {
            "type": "Feature",
            "geometry": {
                "type": "Point",
                "coordinates": [
                    130.4225688,
                    33.5147779
                ]
            },
            "properties": {
                "name": "サニー",
                "shop": "supermarket",
                "osm_type": "node",
                "osm_id": 765589849,
                "tag": "shop=supermarket"
            }
        },
        {
            "type": "Feature",
            "geometry": {
                "type": "Point",
                "coordinates": [
                    130.4713069,
                    33.5169213
                ]
            },
            "properties": {
                "name": "ACROSSMALL 春日",
                "name:en": "ACROSSMALL KASUGA",
                "name:ja": "ACROSSMALL 春日",
                "phone": "0922840855",
                "shop": "supermarket",
                "website": "https://kasuga.acrossmall.jp/",
                "wikidata": "Q105641755",
                "wikipedia": "ja:アクロスモール春日",
                "osm_type": "node",
                "osm_id": 770457342,
                "tag": "shop=supermarket"
            }
        },
        {
            "type": "Feature",
            "geometry": {
                "type": "Point",
                "coordinates": [
                    130.3732721,
                    33.5766081
                ]
            },
            "properties": {
                "check_date": "2024-11-03",
                "name": "サニー",
                "name:en": "Sunny",
                "name:ja": "サニー別府店",
                "opening_hours": "24/7",
                "payment:cash": "yes",
                "payment:credit_cards": "yes",
                "payment:debit_cards": "yes",
                "payment:qr_code": "yes",
                "shop": "supermarket",
                "wheelchair": "yes",
                "osm_type": "node",
                "osm_id": 770591757,
                "tag": "shop=supermarket"
            }
        },
        {
            "type": "Feature",
            "geometry": {
                "type": "Point",
                "coordinates": [
                    130.9327152,
                    33.8324404
                ]
            },
            "properties": {
                "name": "THE MALL",
                "shop": "supermarket",
                "osm_type": "node",
                "osm_id": 772377475,
                "tag": "shop=supermarket"
            }
        },
        {
            "type": "Feature",
            "geometry": {
                "type": "Point",
                "coordinates": [
                    130.2846366,
                    33.2805405
                ]
            },
            "properties": {
                "name": "maxvalue若楠店",
                "shop": "supermarket",
                "osm_type": "node",
                "osm_id": 774436356,
                "tag": "shop=supermarket"
            }
        },
        {
            "type": "Feature",
            "geometry": {
                "type": "Point",
                "coordinates": [
                    130.3005367,
                    33.3105823
                ]
            },
            "properties": {
                "addr:city": "佐賀市金立町大字千布3133-1",
                "addr:province": "佐賀県",
                "name": "JA産直「土の香きんりゅう」",
                "opening_hours": "09:00-18:00",
                "phone": "0952-98-3601",
                "shop": "supermarket",
                "osm_type": "node",
                "osm_id": 775480535,
                "tag": "shop=supermarket"
            }
        },
        {
            "type": "Feature",
            "geometry": {
                "type": "Point",
                "coordinates": [
                    130.3713187,
                    33.3080905
                ]
            },
            "properties": {
                "name": "マルキョウ神埼店",
                "shop": "supermarket",
                "osm_type": "node",
                "osm_id": 776083797,
                "tag": "shop=supermarket"
            }
        },
        {
            "type": "Feature",
            "geometry": {
                "type": "Point",
                "coordinates": [
                    130.4791676,
                    33.5432068
                ]
            },
            "properties": {
                "name": "ダイレックス大野城店",
                "shop": "supermarket",
                "osm_type": "node",
                "osm_id": 791470828,
                "tag": "shop=supermarket"
            }
        },
        {
            "type": "Feature",
            "geometry": {
                "type": "Point",
                "coordinates": [
                    130.1338357,
                    33.5133059
                ]
            },
            "properties": {
                "name": "マルキョウ",
                "shop": "supermarket",
                "osm_type": "node",
                "osm_id": 793231287,
                "tag": "shop=supermarket"
            }
        },
        {
            "type": "Feature",
            "geometry": {
                "type": "Point",
                "coordinates": [
                    130.4807808,
                    33.5050059
                ]
            },
            "properties": {
                "name": "チマキング",
                "shop": "supermarket",
                "osm_type": "node",
                "osm_id": 804619887,
                "tag": "shop=supermarket"
            }
        },
        {
            "type": "Feature",
            "geometry": {
                "type": "Point",
                "coordinates": [
                    130.5304271,
                    33.4136185
                ]
            },
            "properties": {
                "name": "マックスバリュ基山店",
                "shop": "supermarket",
                "source": "Bing; knowledge",
                "osm_type": "node",
                "osm_id": 1717458953,
                "tag": "shop=supermarket"
            }
        },
        {
            "type": "Feature",
            "geometry": {
                "type": "Point",
                "coordinates": [
                    130.3084144,
                    33.2753939
                ]
            },
            "properties": {
                "branch": "ゆめタウン佐賀",
                "brand": "ゆめタウン",
                "level": "0;1",
                "name:en": "You me Town",
                "name:ja": "ゆめタウン",
                "name:ja-Latn": "Yume Taun",
                "name:ko": "유메타운",
                "name:zh": "梦之城",
                "operator": "イズミ",
                "shop": "supermarket",
                "wheelchair": "yes",
                "osm_type": "node",
                "osm_id": 1872386341,
                "tag": "shop=supermarket"
            }
        },
        {
            "type": "Feature",
            "geometry": {
                "type": "Point",
                "coordinates": [
                    130.4239739,
                    33.5335693
                ]
            },
            "properties": {
                "branch": "巌流市場",
                "name": "レッドキャベツ",
                "shop": "supermarket",
                "osm_type": "node",
                "osm_id": 1924414877,
                "tag": "shop=supermarket"
            }
        },
        {
            "type": "Feature",
            "geometry": {
                "type": "Point",
                "coordinates": [
                    130.4658622,
                    33.6370347
                ]
            },
            "properties": {
                "name": "ザ・ビッグ土井店",
                "opening_hours": "Mo-Su 09:00-23:00",
                "shop": "supermarket",
                "osm_type": "node",
                "osm_id": 1931893093,
                "tag": "shop=supermarket"
            }
        },
        {
            "type": "Feature",
            "geometry": {
                "type": "Point",
                "coordinates": [
                    130.5546311,
                    33.3137158
                ]
            },
            "properties": {
                "branch": "久留米インター店",
                "level": "0",
                "name": "マルキョウ",
                "name:en": "Marukyo",
                "phone": "+81 942 41 0705",
                "shop": "supermarket",
                "osm_type": "node",
                "osm_id": 1932445865,
                "tag": "shop=supermarket"
            }
        },
        {
            "type": "Feature",
            "geometry": {
                "type": "Point",
                "coordinates": [
                    130.5172361,
                    33.3756389
                ]
            },
            "properties": {
                "name": "フレスポ鳥栖店",
                "name:en": "SunLive",
                "opening_hours": "10:00-21:00",
                "phone": "+81 942-81-5151",
                "shop": "supermarket",
                "source:name": "Recipt Paper",
                "osm_type": "node",
                "osm_id": 1971258094,
                "tag": "shop=supermarket"
            }
        },
        {
            "type": "Feature",
            "geometry": {
                "type": "Point",
                "coordinates": [
                    130.291985,
                    33.2567129
                ]
            },
            "properties": {
                "name": "レッドキャベツ多布施店",
                "shop": "supermarket",
                "osm_type": "node",
                "osm_id": 1982419442,
                "tag": "shop=supermarket"
            }
        },
        {
            "type": "Feature",
            "geometry": {
                "type": "Point",
                "coordinates": [
                    130.280885,
                    33.2571904
                ]
            },
            "properties": {
                "name": "ドラッグストアコスモス",
                "shop": "supermarket",
                "osm_type": "node",
                "osm_id": 1982513233,
                "tag": "shop=supermarket"
            }
        },
        {
            "type": "Feature",
            "geometry": {
                "type": "Point",
                "coordinates": [
                    130.4767398,
                    33.3285816
                ]
            },
            "properties": {
                "branch": "北茂安店",
                "name": "Mr.Max",
                "operator": "ミスターマックス",
                "operator:wikipedia": "ja:ミスターマックス",
                "shop": "supermarket",
                "osm_type": "node",
                "osm_id": 1985571419,
                "tag": "shop=supermarket"
            }
        },
        {
            "type": "Feature",
            "geometry": {
                "type": "Point",
                "coordinates": [
                    130.5213116,
                    33.3124057
                ]
            },
            "properties": {
                "name": "にしてつストア 久留米タミー店",
                "phone": "0942-34-3421",
                "shop": "supermarket",
                "osm_type": "node",
                "osm_id": 2071424342,
                "tag": "shop=supermarket"
            }
        },
        {
            "type": "Feature",
            "geometry": {
                "type": "Point",
                "coordinates": [
                    130.4435597,
                    33.7121569
                ]
            },
            "properties": {
                "brand": "MaxValu",
                "name": "マックスバリュ",
                "name:en": "MaxValu",
                "name:ja": "マックスバリュ",
                "name:ja_rm": "Makkusubaryu",
                "shop": "supermarket",
                "osm_type": "node",
                "osm_id": 2311921128,
                "tag": "shop=supermarket"
            }
        },
        {
            "type": "Feature",
            "geometry": {
                "type": "Point",
                "coordinates": [
                    130.9530476,
                    33.9980521
                ]
            },
            "properties": {
                "name": "丸喜 下関一の宮店",
                "shop": "supermarket",
                "osm_type": "node",
                "osm_id": 2420817189,
                "tag": "shop=supermarket"
            }
        },
        {
            "type": "Feature",
            "geometry": {
                "type": "Point",
                "coordinates": [
                    130.4294673,
                    33.656497
                ]
            },
            "properties": {
                "name": "イオン香椎浜店",
                "name:en": "AEON Kashi-hama Shop",
                "phone": "092-673-6100",
                "shop": "supermarket",
                "osm_type": "node",
                "osm_id": 2471387971,
                "tag": "shop=supermarket"
            }
        },
        {
            "type": "Feature",
            "geometry": {
                "type": "Point",
                "coordinates": [
                    130.516239,
                    33.311474
                ]
            },
            "properties": {
                "check_date": "2024-12-07",
                "name": "JOINT",
                "shop": "supermarket",
                "osm_type": "node",
                "osm_id": 2516899561,
                "tag": "shop=supermarket"
            }
        },
        {
            "type": "Feature",
            "geometry": {
                "type": "Point",
                "coordinates": [
                    130.200548,
                    33.55849
                ]
            },
            "properties": {
                "name": "サンリブ",
                "shop": "supermarket",
                "osm_type": "node",
                "osm_id": 2517035825,
                "tag": "shop=supermarket"
            }
        },
        {
            "type": "Feature",
            "geometry": {
                "type": "Point",
                "coordinates": [
                    130.5385704,
                    33.3096264
                ]
            },
            "properties": {
                "brand": "ザ・ビッグ",
                "brand:en": "THE BIG",
                "brand:ja": "ザ・ビッグ",
                "brand:wikidata": "Q11306676",
                "name": "ザ・ビッグ",
                "name:en": "THE BIG",
                "name:ja": "ザ・ビッグ",
                "shop": "supermarket",
                "osm_type": "node",
                "osm_id": 2517076429,
                "tag": "shop=supermarket"
            }
        },
        {
            "type": "Feature",
            "geometry": {
                "type": "Point",
                "coordinates": [
                    130.4826362,
                    33.6353159
                ]
            },
            "properties": {
                "name": "フルーツマルダイ",
                "shop": "supermarket",
                "osm_type": "node",
                "osm_id": 2526035696,
                "tag": "shop=supermarket"
            }
        },
        {
            "type": "Feature",
            "geometry": {
                "type": "Point",
                "coordinates": [
                    130.3590761,
                    33.583179
                ]
            },
            "properties": {
                "name": "坂辻商店",
                "phone": "092-831-1272",
                "shop": "supermarket",
                "source": "survey",
                "osm_type": "node",
                "osm_id": 2580372359,
                "tag": "shop=supermarket"
            }
        },
        {
            "type": "Feature",
            "geometry": {
                "type": "Point",
                "coordinates": [
                    130.4401688,
                    33.6488634
                ]
            },
            "properties": {
                "name": "レガネット千早",
                "name:en": "Reganet Chihaya",
                "phone": "092-681-8200",
                "shop": "supermarket",
                "wheelchair": "yes",
                "osm_type": "node",
                "osm_id": 2623078419,
                "tag": "shop=supermarket"
            }
        },
        {
            "type": "Feature",
            "geometry": {
                "type": "Point",
                "coordinates": [
                    130.7479348,
                    33.532985
                ]
            },
            "properties": {
                "name": "坂本店",
                "shop": "supermarket",
                "osm_type": "node",
                "osm_id": 2703604927,
                "tag": "shop=supermarket"
            }
        },
        {
            "type": "Feature",
            "geometry": {
                "type": "Point",
                "coordinates": [
                    130.3260199,
                    33.5837116
                ]
            },
            "properties": {
                "name": "ステーションフード",
                "shop": "supermarket",
                "source": "image,2014-03;Bing,2012-10-23",
                "osm_type": "node",
                "osm_id": 2717049323,
                "tag": "shop=supermarket"
            }
        },
        {
            "type": "Feature",
            "geometry": {
                "type": "Point",
                "coordinates": [
                    130.9241058,
                    33.949711
                ]
            },
            "properties": {
                "layer": "-1",
                "level": "-1",
                "name": "MaxValu",
                "name:en": "SunLive",
                "opening_hours": "10:00-20:00",
                "shop": "supermarket",
                "source": "image,2014-03,Bing,2012-11-19;GSI/KIBAN",
                "osm_type": "node",
                "osm_id": 2748741361,
                "tag": "shop=supermarket"
            }
        },
        {
            "type": "Feature",
            "geometry": {
                "type": "Point",
                "coordinates": [
                    130.5035803,
                    33.3116777
                ]
            },
            "properties": {
                "brand": "MaxValu",
                "name": "マックスバリュ",
                "name:en": "MaxValu",
                "name:ja": "マックスバリュ",
                "name:ja_rm": "Makkusubaryu",
                "opening_hours": "24/7",
                "shop": "supermarket",
                "source": "image,2014-03,Bing;GSI/KIBAN",
                "osm_type": "node",
                "osm_id": 2752947653,
                "tag": "shop=supermarket"
            }
        },
        {
            "type": "Feature",
            "geometry": {
                "type": "Point",
                "coordinates": [
                    130.4273558,
                    33.6490631
                ]
            },
            "properties": {
                "name": "マルキョウ 千早店",
                "name:en": "Marukyo Chihaya Shop",
                "phone": "092-672-7277",
                "shop": "supermarket",
                "source": "bing,2012;recipt",
                "osm_type": "node",
                "osm_id": 2893620168,
                "tag": "shop=supermarket"
            }
        },
        {
            "type": "Feature",
            "geometry": {
                "type": "Point",
                "coordinates": [
                    130.881726,
                    33.888401
                ]
            },
            "properties": {
                "name": "福さや",
                "organic": "only",
                "shop": "supermarket",
                "osm_type": "node",
                "osm_id": 2995719241,
                "tag": "shop=supermarket"
            }
        },
        {
            "type": "Feature",
            "geometry": {
                "type": "Point",
                "coordinates": [
                    130.4345107,
                    33.5160075
                ]
            },
            "properties": {
                "name": "エフコープ",
                "shop": "supermarket",
                "osm_type": "node",
                "osm_id": 3427579831,
                "tag": "shop=supermarket"
            }
        },
        {
            "type": "Feature",
            "geometry": {
                "type": "Point",
                "coordinates": [
                    130.4336421,
                    33.5142968
                ]
            },
            "properties": {
                "name": "ハローデイ",
                "shop": "supermarket",
                "osm_type": "node",
                "osm_id": 3427579843,
                "tag": "shop=supermarket"
            }
        },
        {
            "type": "Feature",
            "geometry": {
                "type": "Point",
                "coordinates": [
                    130.4296379,
                    33.5117981
                ]
            },
            "properties": {
                "name": "ワイドマート",
                "shop": "supermarket",
                "osm_type": "node",
                "osm_id": 3427579845,
                "tag": "shop=supermarket"
            }
        },
        {
            "type": "Feature",
            "geometry": {
                "type": "Point",
                "coordinates": [
                    130.4152226,
                    33.5175615
                ]
            },
            "properties": {
                "name": "マルキョウ",
                "shop": "supermarket",
                "osm_type": "node",
                "osm_id": 3427650167,
                "tag": "shop=supermarket"
            }
        },
        {
            "type": "Feature",
            "geometry": {
                "type": "Point",
                "coordinates": [
                    130.4797331,
                    33.3205033
                ]
            },
            "properties": {
                "name": "TRIAL",
                "shop": "supermarket",
                "osm_type": "node",
                "osm_id": 3510542331,
                "tag": "shop=supermarket"
            }
        },
        {
            "type": "Feature",
            "geometry": {
                "type": "Point",
                "coordinates": [
                    130.6668412,
                    33.6524309
                ]
            },
            "properties": {
                "name": "ディスカウントドラッグ コスモス 伊岐須店",
                "shop": "supermarket",
                "osm_type": "node",
                "osm_id": 3669767434,
                "tag": "shop=supermarket"
            }
        },
        {
            "type": "Feature",
            "geometry": {
                "type": "Point",
                "coordinates": [
                    130.6673454,
                    33.6405275
                ]
            },
            "properties": {
                "name": "ミスターマックス",
                "shop": "supermarket",
                "osm_type": "node",
                "osm_id": 3669767446,
                "tag": "shop=supermarket"
            }
        },
        {
            "type": "Feature",
            "geometry": {
                "type": "Point",
                "coordinates": [
                    130.6693946,
                    33.6406258
                ]
            },
            "properties": {
                "name": "ファディ",
                "shop": "supermarket",
                "osm_type": "node",
                "osm_id": 3669767447,
                "tag": "shop=supermarket"
            }
        },
        {
            "type": "Feature",
            "geometry": {
                "type": "Point",
                "coordinates": [
                    130.6633744,
                    33.6587906
                ]
            },
            "properties": {
                "name": "トレードマート相田店",
                "shop": "supermarket",
                "osm_type": "node",
                "osm_id": 3669779925,
                "tag": "shop=supermarket"
            }
        },
        {
            "type": "Feature",
            "geometry": {
                "type": "Point",
                "coordinates": [
                    130.4067216,
                    33.1633578
                ]
            },
            "properties": {
                "branch": "柳川店",
                "branch:en": "Yanagawa",
                "name": "グリーンコープ",
                "name:en": "Green Co-op",
                "shop": "supermarket",
                "osm_type": "node",
                "osm_id": 3711603756,
                "tag": "shop=supermarket"
            }
        },
        {
            "type": "Feature",
            "geometry": {
                "type": "Point",
                "coordinates": [
                    130.3813693,
                    33.1771621
                ]
            },
            "properties": {
                "branch": "柳川店",
                "branch:en": "Yanagawa",
                "name": "マミーズ",
                "name:en": "Mammy's",
                "shop": "supermarket",
                "osm_type": "node",
                "osm_id": 3714262932,
                "tag": "shop=supermarket"
            }
        },
        {
            "type": "Feature",
            "geometry": {
                "type": "Point",
                "coordinates": [
                    130.3879703,
                    33.2027963
                ]
            },
            "properties": {
                "name": "ゆめタウン大川店",
                "shop": "supermarket",
                "osm_type": "node",
                "osm_id": 3718093807,
                "tag": "shop=supermarket"
            }
        },
        {
            "type": "Feature",
            "geometry": {
                "type": "Point",
                "coordinates": [
                    130.4419762,
                    33.1641034
                ]
            },
            "properties": {
                "branch": "三橋店",
                "branch:en": "Mitsuhashi",
                "name": "ディスカウントストア ダイレックス",
                "name:en": "Discount Store DIREX",
                "shop": "supermarket",
                "osm_type": "node",
                "osm_id": 3751482116,
                "tag": "shop=supermarket"
            }
        },
        {
            "type": "Feature",
            "geometry": {
                "type": "Point",
                "coordinates": [
                    130.390679,
                    33.587498
                ]
            },
            "properties": {
                "check_date": "2025-05-25",
                "name": "Sunny",
                "name:ja": "サニー",
                "opening_hours": "24/7",
                "phone": "+81-92-714-3680",
                "ref": "T9330001006112",
                "shop": "supermarket",
                "wheelchair": "limited",
                "wikidata": "Q11304925",
                "osm_type": "node",
                "osm_id": 3832073865,
                "tag": "shop=supermarket"
            }
        },
        {
            "type": "Feature",
            "geometry": {
                "type": "Point",
                "coordinates": [
                    130.6696166,
                    33.8522141
                ]
            },
            "properties": {
                "addr:city": "福岡県遠賀郡遠賀町",
                "addr:housenumber": "1-1",
                "addr:postcode": "811-4305",
                "addr:street": "浜口遠賀線",
                "name": "ゆめタウン遠賀",
                "opening_hours": "9:30-21:30",
                "operator": "株式会社イズミ",
                "phone": "+81 93 293 8600",
                "shop": "supermarket",
                "wikidata": "Q11280938",
                "osm_type": "node",
                "osm_id": 4005090000,
                "tag": "shop=supermarket"
            }
        },
        {
            "type": "Feature",
            "geometry": {
                "type": "Point",
                "coordinates": [
                    130.5118043,
                    33.3133783
                ]
            },
            "properties": {
                "name": "マミーズ プレミアム六ツ門店",
                "name:en": "Mummy's Premium Mutsumon Shop",
                "phone": "0942-38-8032",
                "shop": "supermarket",
                "osm_type": "node",
                "osm_id": 4167917525,
                "tag": "shop=supermarket"
            }
        },
        {
            "type": "Feature",
            "geometry": {
                "type": "Point",
                "coordinates": [
                    130.3983789,
                    33.5938123
                ]
            },
            "properties": {
                "branch": "ショッパーズ",
                "brand": "イオン",
                "brand:en": "AEON",
                "brand:ja": "イオン",
                "brand:wikidata": "Q11285951",
                "name": "イオン",
                "name:en": "AEON",
                "name:ja": "イオン",
                "name:ko": "이온몰",
                "opening_hours": "Mo-Su 09:00-22:00",
                "shop": "supermarket",
                "osm_type": "node",
                "osm_id": 4211925394,
                "tag": "shop=supermarket"
            }
        },
        {
            "type": "Feature",
            "geometry": {
                "type": "Point",
                "coordinates": [
                    130.4532067,
                    33.6080217
                ]
            },
            "properties": {
                "name": "イオン福岡東",
                "name:en": "Aeon Fukuokahigashi",
                "name:ja": "イオン福岡東",
                "shop": "supermarket",
                "toilets:wheelchair": "yes",
                "wheelchair": "limited",
                "osm_type": "node",
                "osm_id": 4211960589,
                "tag": "shop=supermarket"
            }
        },
        {
            "type": "Feature",
            "geometry": {
                "type": "Point",
                "coordinates": [
                    130.4099982,
                    33.5978855
                ]
            },
            "properties": {
                "name:en": "Sunny",
                "shop": "supermarket",
                "website": "https://youme-mart.com/sunny/tenpo/gofukumachi/",
                "wikidata": "Q11304925",
                "wikipedia": "ja:サニー (スーパーマーケット)",
                "osm_type": "node",
                "osm_id": 4229270607,
                "tag": "shop=supermarket"
            }
        },
        {
            "type": "Feature",
            "geometry": {
                "type": "Point",
                "coordinates": [
                    130.3520642,
                    33.5814142
                ]
            },
            "properties": {
                "branch": "高取店",
                "level": "0",
                "name": "Sunny",
                "opening_hours": "24/7",
                "payment:app": "yes",
                "payment:cash": "yes",
                "payment:credit_cards": "yes",
                "shop": "supermarket",
                "osm_type": "node",
                "osm_id": 4237167186,
                "tag": "shop=supermarket"
            }
        },
        {
            "type": "Feature",
            "geometry": {
                "type": "Point",
                "coordinates": [
                    130.8624227,
                    33.8323275
                ]
            },
            "properties": {
                "name": "業務スーパー小倉南方店",
                "shop": "supermarket",
                "osm_type": "node",
                "osm_id": 4247785877,
                "tag": "shop=supermarket"
            }
        },
        {
            "type": "Feature",
            "geometry": {
                "type": "Point",
                "coordinates": [
                    130.8761234,
                    33.8337294
                ]
            },
            "properties": {
                "disused": "shop",
                "name": "イオン徳力店",
                "shop": "supermarket",
                "wikidata": "Q11286264",
                "osm_type": "node",
                "osm_id": 4247809784,
                "tag": "shop=supermarket"
            }
        },
        {
            "type": "Feature",
            "geometry": {
                "type": "Point",
                "coordinates": [
                    130.8754113,
                    33.8370129
                ]
            },
            "properties": {
                "name": "サンリブもりつね",
                "shop": "supermarket",
                "wikidata": "Q17210348",
                "wikipedia": "ja:サンリブもりつね",
                "osm_type": "node",
                "osm_id": 4247811618,
                "tag": "shop=supermarket"
            }
        },
        {
            "type": "Feature",
            "geometry": {
                "type": "Point",
                "coordinates": [
                    130.8654029,
                    33.830478
                ]
            },
            "properties": {
                "name": "マックスバリュエクスプレス徳力店",
                "shop": "supermarket",
                "website": "https://tenpo.aeon-kyushu.info/detail/mvex-tokuriki/",
                "osm_type": "node",
                "osm_id": 4247816452,
                "tag": "shop=supermarket"
            }
        },
        {
            "type": "Feature",
            "geometry": {
                "type": "Point",
                "coordinates": [
                    130.8614752,
                    33.8240067
                ]
            },
            "properties": {
                "name": "ウエルシアプラス小倉桜橋店",
                "opening_hours": "Mo-Su 09:00-22:00",
                "operator": "イオンウエルシア九州",
                "shop": "supermarket",
                "osm_type": "node",
                "osm_id": 4247818395,
                "tag": "shop=supermarket"
            }
        },
        {
            "type": "Feature",
            "geometry": {
                "type": "Point",
                "coordinates": [
                    130.8721403,
                    33.8219572
                ]
            },
            "properties": {
                "name": "エフコープ志井店",
                "shop": "supermarket",
                "osm_type": "node",
                "osm_id": 4247818546,
                "tag": "shop=supermarket"
            }
        },
        {
            "type": "Feature",
            "geometry": {
                "type": "Point",
                "coordinates": [
                    130.8589651,
                    33.8150437
                ]
            },
            "properties": {
                "name": "ダイソー",
                "shop": "supermarket",
                "osm_type": "node",
                "osm_id": 4247820934,
                "tag": "shop=supermarket"
            }
        },
        {
            "type": "Feature",
            "geometry": {
                "type": "Point",
                "coordinates": [
                    130.8590263,
                    33.8153175
                ]
            },
            "properties": {
                "name": "ルミエール",
                "shop": "supermarket",
                "osm_type": "node",
                "osm_id": 4247821644,
                "tag": "shop=supermarket"
            }
        },
        {
            "type": "Feature",
            "geometry": {
                "type": "Point",
                "coordinates": [
                    130.8732419,
                    33.8295149
                ]
            },
            "properties": {
                "name": "リエゾン志井店",
                "shop": "supermarket",
                "osm_type": "node",
                "osm_id": 4247822207,
                "tag": "shop=supermarket"
            }
        },
        {
            "type": "Feature",
            "geometry": {
                "type": "Point",
                "coordinates": [
                    130.8597733,
                    33.8164086
                ]
            },
            "properties": {
                "name": "大地の恵み",
                "shop": "supermarket",
                "osm_type": "node",
                "osm_id": 4247827632,
                "tag": "shop=supermarket"
            }
        },
        {
            "type": "Feature",
            "geometry": {
                "type": "Point",
                "coordinates": [
                    130.8764585,
                    33.8207927
                ]
            },
            "properties": {
                "name": "サンク企救丘店",
                "shop": "supermarket",
                "osm_type": "node",
                "osm_id": 4247828805,
                "tag": "shop=supermarket"
            }
        },
        {
            "type": "Feature",
            "geometry": {
                "type": "Point",
                "coordinates": [
                    130.89086,
                    33.8400734
                ]
            },
            "properties": {
                "name": "トライアル石田店",
                "shop": "supermarket",
                "osm_type": "node",
                "osm_id": 4247836447,
                "tag": "shop=supermarket"
            }
        },
        {
            "type": "Feature",
            "geometry": {
                "type": "Point",
                "coordinates": [
                    130.9015588,
                    33.837433
                ]
            },
            "properties": {
                "name": "ハローデイ横代店",
                "shop": "supermarket",
                "osm_type": "node",
                "osm_id": 4247838489,
                "tag": "shop=supermarket"
            }
        },
        {
            "type": "Feature",
            "geometry": {
                "type": "Point",
                "coordinates": [
                    130.9120676,
                    33.8401284
                ]
            },
            "properties": {
                "name": "ゆめマート小倉東店",
                "shop": "supermarket",
                "osm_type": "node",
                "osm_id": 4247850589,
                "tag": "shop=supermarket"
            }
        },
        {
            "type": "Feature",
            "geometry": {
                "type": "Point",
                "coordinates": [
                    130.8736198,
                    33.8381121
                ]
            },
            "properties": {
                "name": "Aプライス小倉南店",
                "shop": "supermarket",
                "osm_type": "node",
                "osm_id": 4247855048,
                "tag": "shop=supermarket"
            }
        },
        {
            "type": "Feature",
            "geometry": {
                "type": "Point",
                "coordinates": [
                    130.8946251,
                    33.8398553
                ]
            },
            "properties": {
                "name": "ダイレックス横代店",
                "shop": "supermarket",
                "osm_type": "node",
                "osm_id": 4249625904,
                "tag": "shop=supermarket"
            }
        },
        {
            "type": "Feature",
            "geometry": {
                "type": "Point",
                "coordinates": [
                    130.8901276,
                    33.8575517
                ]
            },
            "properties": {
                "name": "マルショク重住店",
                "shop": "supermarket",
                "osm_type": "node",
                "osm_id": 4249643192,
                "tag": "shop=supermarket"
            }
        },
        {
            "type": "Feature",
            "geometry": {
                "type": "Point",
                "coordinates": [
                    130.9321957,
                    33.8377044
                ]
            },
            "properties": {
                "brand": "トライアル",
                "brand:en": "Trial",
                "brand:ja": "トライアル",
                "brand:wikidata": "Q11321723",
                "name": "トライアル",
                "name:en": "Trial",
                "name:ja": "トライアル",
                "shop": "supermarket",
                "osm_type": "node",
                "osm_id": 4271325492,
                "tag": "shop=supermarket"
            }
        },
        {
            "type": "Feature",
            "geometry": {
                "type": "Point",
                "coordinates": [
                    130.9452437,
                    33.8456529
                ]
            },
            "properties": {
                "shop": "supermarket",
                "osm_type": "node",
                "osm_id": 4271374589,
                "tag": "shop=supermarket"
            }
        },
        {
            "type": "Feature",
            "geometry": {
                "type": "Point",
                "coordinates": [
                    130.9786252,
                    33.7012085
                ]
            },
            "properties": {
                "shop": "supermarket",
                "osm_type": "node",
                "osm_id": 4271377490,
                "tag": "shop=supermarket"
            }
        },
        {
            "type": "Feature",
            "geometry": {
                "type": "Point",
                "coordinates": [
                    130.9439531,
                    33.9271247
                ]
            },
            "properties": {
                "name": "トライアル",
                "shop": "supermarket",
                "osm_type": "node",
                "osm_id": 4272918198,
                "tag": "shop=supermarket"
            }
        },
        {
            "type": "Feature",
            "geometry": {
                "type": "Point",
                "coordinates": [
                    130.4379085,
                    33.122172
                ]
            },
            "properties": {
                "name": "中島早市",
                "shop": "supermarket",
                "osm_type": "node",
                "osm_id": 4292650004,
                "tag": "shop=supermarket"
            }
        },
        {
            "type": "Feature",
            "geometry": {
                "type": "Point",
                "coordinates": [
                    130.7945643,
                    33.86673
                ]
            },
            "properties": {
                "brand": "マックスバリュ",
                "brand:en": "MaxValu",
                "brand:ja": "マックスバリュ",
                "brand:wikidata": "Q11340427",
                "name": "マックスバリュ",
                "name:en": "MaxValu",
                "name:ja": "マックスバリュ",
                "shop": "supermarket",
                "osm_type": "node",
                "osm_id": 4410648692,
                "tag": "shop=supermarket"
            }
        },
        {
            "type": "Feature",
            "geometry": {
                "type": "Point",
                "coordinates": [
                    130.4153811,
                    33.5842144
                ]
            },
            "properties": {
                "name": "ニューヨークストア住吉店",
                "name:en": "New York Store Sumiyoshi",
                "name:es": "New York Sumoyoshi",
                "name:zh": "New York超市 住吉店",
                "shop": "supermarket",
                "osm_type": "node",
                "osm_id": 4428943991,
                "tag": "shop=supermarket"
            }
        },
        {
            "type": "Feature",
            "geometry": {
                "type": "Point",
                "coordinates": [
                    130.9329269,
                    33.8373618
                ]
            },
            "properties": {
                "brand": "トライアル",
                "brand:en": "Trial",
                "brand:ja": "トライアル",
                "brand:wikidata": "Q11321723",
                "name": "トライアル",
                "name:en": "Trial",
                "name:ja": "トライアル",
                "shop": "supermarket",
                "osm_type": "node",
                "osm_id": 4446805391,
                "tag": "shop=supermarket"
            }
        },
        {
            "type": "Feature",
            "geometry": {
                "type": "Point",
                "coordinates": [
                    130.4810747,
                    33.5954222
                ]
            },
            "properties": {
                "addr:block_number": "1",
                "addr:neighbourhood": "192",
                "addr:postcode": "811-2303",
                "addr:province": "福岡県",
                "addr:quarter": "糟屋郡粕屋町大字酒殿字老ノ木",
                "branch": "福岡",
                "branch:en": "Fukuoka",
                "brand": "イオン",
                "brand:en": "AEON",
                "brand:ja": "イオン",
                "brand:wikidata": "Q11285951",
                "brand:wikipedia": "ja:イオン (店舗ブランド)",
                "name": "イオン",
                "name:en": "AEON",
                "name:ja": "イオン",
                "shop": "supermarket",
                "osm_type": "node",
                "osm_id": 4457375789,
                "tag": "shop=supermarket"
            }
        },
        {
            "type": "Feature",
            "geometry": {
                "type": "Point",
                "coordinates": [
                    130.5521515,
                    33.4029499
                ]
            },
            "properties": {
                "name": "ダイレックス小郡店",
                "name:ja": "ダイレックス小郡店",
                "shop": "supermarket",
                "osm_type": "node",
                "osm_id": 4457397393,
                "tag": "shop=supermarket"
            }
        },
        {
            "type": "Feature",
            "geometry": {
                "type": "Point",
                "coordinates": [
                    130.962467,
                    34.0129683
                ]
            },
            "properties": {
                "name": "ウエスタまるき",
                "shop": "supermarket",
                "osm_type": "node",
                "osm_id": 4622797139,
                "tag": "shop=supermarket"
            }
        },
        {
            "type": "Feature",
            "geometry": {
                "type": "Point",
                "coordinates": [
                    130.9450685,
                    34.0047058
                ]
            },
            "properties": {
                "name": "トライアル",
                "shop": "supermarket",
                "osm_type": "node",
                "osm_id": 4628658735,
                "tag": "shop=supermarket"
            }
        },
        {
            "type": "Feature",
            "geometry": {
                "type": "Point",
                "coordinates": [
                    130.4066778,
                    33.5821925
                ]
            },
            "properties": {
                "check_date": "2025-02-21",
                "name": "Sunny",
                "name:ja": "サニー",
                "opening_hours": "24/7",
                "phone": "+81-92-525-3201",
                "ref": "T9330001006112",
                "shop": "supermarket",
                "website": "https://youme-mart.com/sunny/tenpo/watanabedori/",
                "osm_type": "node",
                "osm_id": 4631202899,
                "tag": "shop=supermarket"
            }
        },
        {
            "type": "Feature",
            "geometry": {
                "type": "Point",
                "coordinates": [
                    130.948606,
                    34.0142334
                ]
            },
            "properties": {
                "brand": "ゆめタウン",
                "brand:en": "YouMe Town",
                "brand:ja": "ゆめタウン",
                "brand:wikidata": "Q11280900",
                "name": "ゆめタウン",
                "name:en": "YouMe Town",
                "name:ja": "ゆめタウン",
                "shop": "supermarket",
                "osm_type": "node",
                "osm_id": 4632049772,
                "tag": "shop=supermarket"
            }
        },
        {
            "type": "Feature",
            "geometry": {
                "type": "Point",
                "coordinates": [
                    130.9268654,
                    33.8317346
                ]
            },
            "properties": {
                "addr:city": "北九州市",
                "addr:housenumber": "１－４０",
                "addr:neighbourhood": "1丁目",
                "addr:postcode": "800-0226",
                "addr:province": "福岡県",
                "addr:quarter": "田原新町",
                "addr:suburb": "小倉南区",
                "name": "マルキョウ曽根店",
                "shop": "supermarket",
                "osm_type": "node",
                "osm_id": 4712122404,
                "tag": "shop=supermarket"
            }
        },
        {
            "type": "Feature",
            "geometry": {
                "type": "Point",
                "coordinates": [
                    130.9266177,
                    33.8324284
                ]
            },
            "properties": {
                "addr:city": "北九州市",
                "addr:housenumber": "５－１０",
                "addr:neighbourhood": "1丁目",
                "addr:postcode": "800-0227",
                "addr:province": "福岡県",
                "addr:quarter": "津田新町",
                "addr:suburb": "小倉南区",
                "name": "ファミリーマート小倉田原新町店",
                "shop": "supermarket",
                "osm_type": "node",
                "osm_id": 4712125807,
                "tag": "shop=supermarket"
            }
        },
        {
            "type": "Feature",
            "geometry": {
                "type": "Point",
                "coordinates": [
                    130.5097103,
                    33.3740313
                ]
            },
            "properties": {
                "addr:block_number": "1248",
                "addr:city": "鳥栖市",
                "addr:housenumber": "1",
                "addr:neighbourhood": "元町",
                "addr:postcode": "841-0051",
                "addr:province": "佐賀県",
                "name": "サニー鳥栖店",
                "name:en": "Sunny Tosu",
                "opening_hours": "24/7",
                "phone": "+81 942-83-3733",
                "shop": "supermarket",
                "website": "http://www.seiyu.co.jp/shop/サニー鳥栖店",
                "osm_type": "node",
                "osm_id": 4743796722,
                "tag": "shop=supermarket"
            }
        },
        {
            "type": "Feature",
            "geometry": {
                "type": "Point",
                "coordinates": [
                    130.5239406,
                    33.378599
                ]
            },
            "properties": {
                "addr:postcode": "841-0025",
                "name": "くらし館 曽根崎店",
                "name:en": "Kurashi-kan Sonezaki",
                "opening_hours": "24/7",
                "phone": "+81 942 84 0037",
                "shop": "supermarket",
                "osm_type": "node",
                "osm_id": 4791575026,
                "tag": "shop=supermarket"
            }
        },
        {
            "type": "Feature",
            "geometry": {
                "type": "Point",
                "coordinates": [
                    130.4407035,
                    33.6371287
                ]
            },
            "properties": {
                "name": "A-プライス松崎店",
                "shop": "supermarket",
                "osm_type": "node",
                "osm_id": 4791666922,
                "tag": "shop=supermarket"
            }
        },
        {
            "type": "Feature",
            "geometry": {
                "type": "Point",
                "coordinates": [
                    130.4346654,
                    33.8996071
                ]
            },
            "properties": {
                "name": "高島商店",
                "shop": "supermarket",
                "osm_type": "node",
                "osm_id": 4799927586,
                "tag": "shop=supermarket"
            }
        },
        {
            "type": "Feature",
            "geometry": {
                "type": "Point",
                "coordinates": [
                    130.4343082,
                    33.899463
                ]
            },
            "properties": {
                "name": "松尾商店",
                "shop": "supermarket",
                "osm_type": "node",
                "osm_id": 4799927588,
                "tag": "shop=supermarket"
            }
        },
        {
            "type": "Feature",
            "geometry": {
                "type": "Point",
                "coordinates": [
                    131.03434,
                    34.0692611
                ]
            },
            "properties": {
                "name": "アルク",
                "shop": "supermarket",
                "osm_type": "node",
                "osm_id": 4814880282,
                "tag": "shop=supermarket"
            }
        },
        {
            "type": "Feature",
            "geometry": {
                "type": "Point",
                "coordinates": [
                    131.0486975,
                    34.0676946
                ]
            },
            "properties": {
                "name": "ウェスタまるき",
                "shop": "supermarket",
                "osm_type": "node",
                "osm_id": 4817157853,
                "tag": "shop=supermarket"
            }
        },
        {
            "type": "Feature",
            "geometry": {
                "type": "Point",
                "coordinates": [
                    130.7192347,
                    33.6197232
                ]
            },
            "properties": {
                "name": "トライアル上三緒店",
                "name:ja": "トライアル上三緒店",
                "shop": "supermarket",
                "osm_type": "node",
                "osm_id": 4829153921,
                "tag": "shop=supermarket"
            }
        },
        {
            "type": "Feature",
            "geometry": {
                "type": "Point",
                "coordinates": [
                    130.7502571,
                    33.7688724
                ]
            },
            "properties": {
                "addr:street": "国道200号バイパス",
                "name": "イオン直方",
                "name:ja": "イオン直方",
                "phone": "0949-29-8900",
                "shop": "supermarket",
                "osm_type": "node",
                "osm_id": 4846789622,
                "tag": "shop=supermarket"
            }
        },
        {
            "type": "Feature",
            "geometry": {
                "type": "Point",
                "coordinates": [
                    130.7505033,
                    33.7686797
                ]
            },
            "properties": {
                "addr:housenumber": "湯野原2丁目1-1",
                "addr:street": "国道200号バイパス",
                "name": "イオンモール直方",
                "name:ja": "イオンモール直方",
                "phone": "0948-29-8500",
                "shop": "supermarket",
                "osm_type": "node",
                "osm_id": 4846800821,
                "tag": "shop=supermarket"
            }
        },
        {
            "type": "Feature",
            "geometry": {
                "type": "Point",
                "coordinates": [
                    130.7229625,
                    33.8232086
                ]
            },
            "properties": {
                "addr:street": "中間引野線",
                "branch": "なかま",
                "branch:en": "Nakama",
                "brand": "イオン",
                "brand:en": "AEON",
                "brand:ja": "イオン",
                "brand:wikidata": "Q11285951",
                "name": "イオン",
                "name:en": "AEON",
                "name:ja": "イオン",
                "phone": "093-246-1147",
                "shop": "supermarket",
                "wikidata": "Q11308177",
                "wikipedia": "ja:イオンなかま店",
                "osm_type": "node",
                "osm_id": 4846800921,
                "tag": "shop=supermarket"
            }
        },
        {
            "type": "Feature",
            "geometry": {
                "type": "Point",
                "coordinates": [
                    130.443236,
                    33.546835
                ]
            },
            "properties": {
                "addr:street": "国道202号福岡外環状道路",
                "name": "ハローデイ井尻店",
                "name:ja": "ハローデイ井尻店",
                "shop": "supermarket",
                "osm_type": "node",
                "osm_id": 4846961521,
                "tag": "shop=supermarket"
            }
        },
        {
            "type": "Feature",
            "geometry": {
                "type": "Point",
                "coordinates": [
                    130.4735443,
                    33.6126268
                ]
            },
            "properties": {
                "name": "Sunny",
                "name:ja": "サニー原町店",
                "shop": "supermarket",
                "osm_type": "node",
                "osm_id": 4877045202,
                "tag": "shop=supermarket"
            }
        },
        {
            "type": "Feature",
            "geometry": {
                "type": "Point",
                "coordinates": [
                    130.4146416,
                    33.5669987
                ]
            },
            "properties": {
                "name": "にしてつストア",
                "opening_hours": "Mo-Su 07:00-23:59",
                "shop": "supermarket",
                "osm_type": "node",
                "osm_id": 4907288931,
                "tag": "shop=supermarket"
            }
        },
        {
            "type": "Feature",
            "geometry": {
                "type": "Point",
                "coordinates": [
                    130.4258607,
                    33.5691484
                ]
            },
            "properties": {
                "name": "マルキョウ",
                "phone": "+81925571250",
                "shop": "supermarket",
                "osm_type": "node",
                "osm_id": 4941407449,
                "tag": "shop=supermarket"
            }
        },
        {
            "type": "Feature",
            "geometry": {
                "type": "Point",
                "coordinates": [
                    130.7979624,
                    33.9114612
                ]
            },
            "properties": {
                "name": "サンリブ",
                "shop": "supermarket",
                "osm_type": "node",
                "osm_id": 4948336066,
                "tag": "shop=supermarket"
            }
        },
        {
            "type": "Feature",
            "geometry": {
                "type": "Point",
                "coordinates": [
                    130.9454652,
                    33.8518716
                ]
            },
            "properties": {
                "name": "ダイソー」",
                "shop": "supermarket",
                "osm_type": "node",
                "osm_id": 5026008772,
                "tag": "shop=supermarket"
            }
        },
        {
            "type": "Feature",
            "geometry": {
                "type": "Point",
                "coordinates": [
                    130.9447935,
                    33.8514289
                ]
            },
            "properties": {
                "name": "アルク",
                "shop": "supermarket",
                "osm_type": "node",
                "osm_id": 5026012831,
                "tag": "shop=supermarket"
            }
        },
        {
            "type": "Feature",
            "geometry": {
                "type": "Point",
                "coordinates": [
                    130.7870528,
                    33.3545579
                ]
            },
            "properties": {
                "name": "ローソン",
                "name:ko": "로손",
                "shop": "supermarket",
                "osm_type": "node",
                "osm_id": 5046970136,
                "tag": "shop=supermarket"
            }
        },
        {
            "type": "Feature",
            "geometry": {
                "type": "Point",
                "coordinates": [
                    130.4627026,
                    33.5463874
                ]
            },
            "properties": {
                "addr:province": "Fukuoka",
                "addr:suburb": "Hakata",
                "branch": "雑餉隈店",
                "check_date": "2024-10-25",
                "name": "マルキョウ",
                "name:en": "Maryukio",
                "opening_hours": "09:30-22:00",
                "payment:cash": "yes",
                "payment:credit_cards": "yes",
                "shop": "supermarket",
                "osm_type": "node",
                "osm_id": 5108491822,
                "tag": "shop=supermarket"
            }
        },
        {
            "type": "Feature",
            "geometry": {
                "type": "Point",
                "coordinates": [
                    130.5551235,
                    33.4617211
                ]
            },
            "properties": {
                "name": "マックスバリュエクスプレス筑紫駅前店",
                "shop": "supermarket",
                "osm_type": "node",
                "osm_id": 5111983188,
                "tag": "shop=supermarket"
            }
        },
        {
            "type": "Feature",
            "geometry": {
                "type": "Point",
                "coordinates": [
                    130.5417395,
                    33.4496988
                ]
            },
            "properties": {
                "name": "マルキョウ 原田店",
                "shop": "supermarket",
                "osm_type": "node",
                "osm_id": 5112046489,
                "tag": "shop=supermarket"
            }
        },
        {
            "type": "Feature",
            "geometry": {
                "type": "Point",
                "coordinates": [
                    130.291194,
                    33.6706666
                ]
            },
            "properties": {
                "addr:province": "福岡",
                "mapillary": "505859733776515",
                "name": "SHOP　ヒロ",
                "opening_hours": "We-Mo 08:00-18:30",
                "phone": "0926036866",
                "shop": "supermarket",
                "osm_type": "node",
                "osm_id": 5138998515,
                "tag": "shop=supermarket"
            }
        },
        {
            "type": "Feature",
            "geometry": {
                "type": "Point",
                "coordinates": [
                    130.6121369,
                    33.8498598
                ]
            },
            "properties": {
                "name": "ハローディ",
                "shop": "supermarket",
                "osm_type": "node",
                "osm_id": 5164477945,
                "tag": "shop=supermarket"
            }
        },
        {
            "type": "Feature",
            "geometry": {
                "type": "Point",
                "coordinates": [
                    130.3606342,
                    33.2681877
                ]
            },
            "properties": {
                "name": "アニー",
                "shop": "supermarket",
                "osm_type": "node",
                "osm_id": 5211380221,
                "tag": "shop=supermarket"
            }
        },
        {
            "type": "Feature",
            "geometry": {
                "type": "Point",
                "coordinates": [
                    130.7910225,
                    33.8642978
                ]
            },
            "properties": {
                "name": "スピナマート　さくら通り店",
                "shop": "supermarket",
                "osm_type": "node",
                "osm_id": 5217289650,
                "tag": "shop=supermarket"
            }
        },
        {
            "type": "Feature",
            "geometry": {
                "type": "Point",
                "coordinates": [
                    130.4710733,
                    33.26612
                ]
            },
            "properties": {
                "name": "にしてつストア",
                "shop": "supermarket",
                "osm_type": "node",
                "osm_id": 5218884922,
                "tag": "shop=supermarket"
            }
        },
        {
            "type": "Feature",
            "geometry": {
                "type": "Point",
                "coordinates": [
                    130.4266954,
                    33.2914903
                ]
            },
            "properties": {
                "name": "アスタラビスタ",
                "shop": "supermarket",
                "osm_type": "node",
                "osm_id": 5219010923,
                "tag": "shop=supermarket"
            }
        },
        {
            "type": "Feature",
            "geometry": {
                "type": "Point",
                "coordinates": [
                    130.8192126,
                    33.9002493
                ]
            },
            "properties": {
                "shop": "supermarket",
                "osm_type": "node",
                "osm_id": 5265854438,
                "tag": "shop=supermarket"
            }
        },
        {
            "type": "Feature",
            "geometry": {
                "type": "Point",
                "coordinates": [
                    130.4590061,
                    33.5238974
                ]
            },
            "properties": {
                "name": "サニーちくし台店",
                "name:en": "sunny",
                "shop": "supermarket",
                "osm_type": "node",
                "osm_id": 5273251722,
                "tag": "shop=supermarket"
            }
        },
        {
            "type": "Feature",
            "geometry": {
                "type": "Point",
                "coordinates": [
                    130.4433042,
                    33.5177877
                ]
            },
            "properties": {
                "name": "ダイレックス",
                "name:en": "DIREX",
                "shop": "supermarket",
                "osm_type": "node",
                "osm_id": 5278615521,
                "tag": "shop=supermarket"
            }
        },
        {
            "type": "Feature",
            "geometry": {
                "type": "Point",
                "coordinates": [
                    130.4387855,
                    33.5076802
                ]
            },
            "properties": {
                "brand": "トライアル",
                "brand:en": "Trial",
                "brand:ja": "トライアル",
                "brand:wikidata": "Q11321723",
                "name": "トライアル",
                "name:en": "Trial",
                "name:ja": "トライアル",
                "opening_hours": "24h",
                "shop": "supermarket",
                "osm_type": "node",
                "osm_id": 5278615522,
                "tag": "shop=supermarket"
            }
        },
        {
            "type": "Feature",
            "geometry": {
                "type": "Point",
                "coordinates": [
                    130.7385129,
                    33.8318862
                ]
            },
            "properties": {
                "name": "サンリブ",
                "shop": "supermarket",
                "osm_type": "node",
                "osm_id": 5311605917,
                "tag": "shop=supermarket"
            }
        },
        {
            "type": "Feature",
            "geometry": {
                "type": "Point",
                "coordinates": [
                    130.7535664,
                    33.8502482
                ]
            },
            "properties": {
                "name": "スピナマート",
                "shop": "supermarket",
                "osm_type": "node",
                "osm_id": 5313191921,
                "tag": "shop=supermarket"
            }
        },
        {
            "type": "Feature",
            "geometry": {
                "type": "Point",
                "coordinates": [
                    130.4900486,
                    33.5214929
                ]
            },
            "properties": {
                "branch": "下大利店",
                "name": "いせや",
                "shop": "supermarket",
                "osm_type": "node",
                "osm_id": 5318103095,
                "tag": "shop=supermarket"
            }
        },
        {
            "type": "Feature",
            "geometry": {
                "type": "Point",
                "coordinates": [
                    130.4300641,
                    33.5897025
                ]
            },
            "properties": {
                "branch": "東比恵店",
                "check_date": "2026-01-23",
                "name": "サニー",
                "name:en": "Sunny",
                "name:ko": "Sunny",
                "shop": "supermarket",
                "osm_type": "node",
                "osm_id": 5411676621,
                "tag": "shop=supermarket"
            }
        },
        {
            "type": "Feature",
            "geometry": {
                "type": "Point",
                "coordinates": [
                    130.6550109,
                    33.4195412
                ]
            },
            "properties": {
                "name:en": "Red Cabbage",
                "shop": "supermarket",
                "osm_type": "node",
                "osm_id": 5483894524,
                "tag": "shop=supermarket"
            }
        },
        {
            "type": "Feature",
            "geometry": {
                "type": "Point",
                "coordinates": [
                    130.4110336,
                    33.5920172
                ]
            },
            "properties": {
                "brand": "マックスバリュ",
                "brand:en": "MaxValu",
                "brand:ja": "マックスバリュ",
                "brand:wikidata": "Q11340427",
                "name": "マックスバリュ",
                "name:en": "MaxValu",
                "name:ja": "マックスバリュ",
                "opening_hours": "24/7",
                "shop": "supermarket",
                "osm_type": "node",
                "osm_id": 5495570221,
                "tag": "shop=supermarket"
            }
        },
        {
            "type": "Feature",
            "geometry": {
                "type": "Point",
                "coordinates": [
                    130.7441537,
                    33.8917195
                ]
            },
            "properties": {
                "name": "イオン若松店",
                "shop": "supermarket",
                "osm_type": "node",
                "osm_id": 5536658487,
                "tag": "shop=supermarket"
            }
        },
        {
            "type": "Feature",
            "geometry": {
                "type": "Point",
                "coordinates": [
                    130.4902118,
                    33.6535756
                ]
            },
            "properties": {
                "name": "フードウェイトリアス店",
                "opening_hours": "Mo-Su,PH 10:00-21:00",
                "shop": "supermarket",
                "osm_type": "node",
                "osm_id": 5581879785,
                "tag": "shop=supermarket"
            }
        },
        {
            "type": "Feature",
            "geometry": {
                "type": "Point",
                "coordinates": [
                    131.0483624,
                    33.6683556
                ]
            },
            "properties": {
                "name": "ルミエール　椎田店",
                "shop": "supermarket",
                "osm_type": "node",
                "osm_id": 5586262550,
                "tag": "shop=supermarket"
            }
        },
        {
            "type": "Feature",
            "geometry": {
                "type": "Point",
                "coordinates": [
                    130.461037,
                    33.5418711
                ]
            },
            "properties": {
                "name": "マックスバリュエクスプレス",
                "opening_hours": "24/7",
                "shop": "supermarket",
                "osm_type": "node",
                "osm_id": 5694028238,
                "tag": "shop=supermarket"
            }
        },
        {
            "type": "Feature",
            "geometry": {
                "type": "Point",
                "coordinates": [
                    130.3967492,
                    33.5507076
                ]
            },
            "properties": {
                "shop": "supermarket",
                "osm_type": "node",
                "osm_id": 5699575739,
                "tag": "shop=supermarket"
            }
        },
        {
            "type": "Feature",
            "geometry": {
                "type": "Point",
                "coordinates": [
                    130.3967138,
                    33.549532
                ]
            },
            "properties": {
                "shop": "supermarket",
                "osm_type": "node",
                "osm_id": 5699575789,
                "tag": "shop=supermarket"
            }
        },
        {
            "type": "Feature",
            "geometry": {
                "type": "Point",
                "coordinates": [
                    130.9904768,
                    33.985879
                ]
            },
            "properties": {
                "branch": "長府店",
                "brand": "マックスバリュ",
                "brand:en": "MaxValu",
                "brand:ja": "マックスバリュ",
                "brand:wikidata": "Q11340427",
                "name": "マックスバリュ",
                "name:en": "MaxValu",
                "name:ja": "マックスバリュ",
                "shop": "supermarket",
                "osm_type": "node",
                "osm_id": 5712889434,
                "tag": "shop=supermarket"
            }
        },
        {
            "type": "Feature",
            "geometry": {
                "type": "Point",
                "coordinates": [
                    130.41084,
                    33.5811483
                ]
            },
            "properties": {
                "addr:block_number": "LASSIC1A",
                "addr:city": "中央区",
                "addr:county": "福岡市",
                "addr:neighbourhood": "2-1-21",
                "addr:postcode": "810-0005",
                "addr:province": "福岡県",
                "addr:quarter": "清川",
                "description": "オリジナルTシャツプリント シルクスクリーン フルカラーインクジェットプリント 刺繍 カッティングシート Tシャツ ポロシャツ パーカー エプロン 刺繍キャップなど",
                "name": "アートシャツファクトリー",
                "shop": "supermarket",
                "osm_type": "node",
                "osm_id": 5724342519,
                "tag": "shop=supermarket"
            }
        },
        {
            "type": "Feature",
            "geometry": {
                "type": "Point",
                "coordinates": [
                    130.5337976,
                    33.2830004
                ]
            },
            "properties": {
                "addr:street": "国道3号",
                "name:en": "Trial Discount Store",
                "shop": "supermarket",
                "osm_type": "node",
                "osm_id": 5754071226,
                "tag": "shop=supermarket"
            }
        },
        {
            "type": "Feature",
            "geometry": {
                "type": "Point",
                "coordinates": [
                    130.9287459,
                    33.9505357
                ]
            },
            "properties": {
                "shop": "supermarket",
                "osm_type": "node",
                "osm_id": 5789969854,
                "tag": "shop=supermarket"
            }
        },
        {
            "type": "Feature",
            "geometry": {
                "type": "Point",
                "coordinates": [
                    130.4195931,
                    33.5763896
                ]
            },
            "properties": {
                "branch": "美野島店",
                "name": "サニー",
                "name:en": "Sunny",
                "shop": "supermarket",
                "osm_type": "node",
                "osm_id": 5935614863,
                "tag": "shop=supermarket"
            }
        },
        {
            "type": "Feature",
            "geometry": {
                "type": "Point",
                "coordinates": [
                    130.4191465,
                    33.5791327
                ]
            },
            "properties": {
                "name": "ミスターマックス",
                "name:en": "Mr Max Select",
                "opening_hours": "24/7",
                "shop": "supermarket",
                "osm_type": "node",
                "osm_id": 5935619265,
                "tag": "shop=supermarket"
            }
        },
        {
            "type": "Feature",
            "geometry": {
                "type": "Point",
                "coordinates": [
                    130.4230664,
                    33.6071855
                ]
            },
            "properties": {
                "branch": "吉塚駅前店",
                "name": "SUNNY",
                "shop": "supermarket",
                "osm_type": "node",
                "osm_id": 5957741486,
                "tag": "shop=supermarket"
            }
        },
        {
            "type": "Feature",
            "geometry": {
                "type": "Point",
                "coordinates": [
                    130.4330822,
                    33.5696811
                ]
            },
            "properties": {
                "branch": "竹下駅前店",
                "branch:ja": "竹下駅前店",
                "name": "Ａ−プライス",
                "name:ja": "A-プライス",
                "shop": "supermarket",
                "osm_type": "node",
                "osm_id": 5970753585,
                "tag": "shop=supermarket"
            }
        },
        {
            "type": "Feature",
            "geometry": {
                "type": "Point",
                "coordinates": [
                    130.4062639,
                    33.5534747
                ]
            },
            "properties": {
                "name": "パセオ 野間大池",
                "shop": "supermarket",
                "osm_type": "node",
                "osm_id": 5972139086,
                "tag": "shop=supermarket"
            }
        },
        {
            "type": "Feature",
            "geometry": {
                "type": "Point",
                "coordinates": [
                    130.4177104,
                    33.5800008
                ]
            },
            "properties": {
                "name": "ザ・大黒天",
                "name:en": "Daikokuten",
                "name:fr": "Daikokuten",
                "name:ja": "ザ・大黒天",
                "shop": "supermarket",
                "osm_type": "node",
                "osm_id": 6006932088,
                "tag": "shop=supermarket"
            }
        },
        {
            "type": "Feature",
            "geometry": {
                "type": "Point",
                "coordinates": [
                    130.4467186,
                    33.3440814
                ]
            },
            "properties": {
                "name": "ドラッグストアモリ 中原店",
                "shop": "supermarket",
                "osm_type": "node",
                "osm_id": 6164782792,
                "tag": "shop=supermarket"
            }
        },
        {
            "type": "Feature",
            "geometry": {
                "type": "Point",
                "coordinates": [
                    130.4469439,
                    33.3430507
                ]
            },
            "properties": {
                "name": "アスタラビスタ みやき店",
                "shop": "supermarket",
                "osm_type": "node",
                "osm_id": 6164784743,
                "tag": "shop=supermarket"
            }
        },
        {
            "type": "Feature",
            "geometry": {
                "type": "Point",
                "coordinates": [
                    130.4507312,
                    33.3452465
                ]
            },
            "properties": {
                "name": "ホームプラザナフコ 中原店",
                "shop": "supermarket",
                "osm_type": "node",
                "osm_id": 6164789038,
                "tag": "shop=supermarket"
            }
        },
        {
            "type": "Feature",
            "geometry": {
                "type": "Point",
                "coordinates": [
                    130.4862791,
                    33.3510243
                ]
            },
            "properties": {
                "name": "ローソン村田店",
                "name:ko": "로손",
                "shop": "supermarket",
                "osm_type": "node",
                "osm_id": 6164816445,
                "tag": "shop=supermarket"
            }
        },
        {
            "type": "Feature",
            "geometry": {
                "type": "Point",
                "coordinates": [
                    130.4406078,
                    33.3425034
                ]
            },
            "properties": {
                "name": "ザ・ビッグ中原店",
                "shop": "supermarket",
                "osm_type": "node",
                "osm_id": 6164827746,
                "tag": "shop=supermarket"
            }
        },
        {
            "type": "Feature",
            "geometry": {
                "type": "Point",
                "coordinates": [
                    130.5050125,
                    33.3629434
                ]
            },
            "properties": {
                "name": "ケーズデンキ 鳥栖店",
                "shop": "supermarket",
                "osm_type": "node",
                "osm_id": 6164835826,
                "tag": "shop=supermarket"
            }
        },
        {
            "type": "Feature",
            "geometry": {
                "type": "Point",
                "coordinates": [
                    130.4761481,
                    33.3272305
                ]
            },
            "properties": {
                "branch": "北茂安店",
                "name": "にしてつストア",
                "operator": "西鉄ストア",
                "operator:wikipedia": "ja:西鉄ストア",
                "shop": "supermarket",
                "osm_type": "node",
                "osm_id": 6164893091,
                "tag": "shop=supermarket"
            }
        },
        {
            "type": "Feature",
            "geometry": {
                "type": "Point",
                "coordinates": [
                    130.5049705,
                    33.3639008
                ]
            },
            "properties": {
                "name": "ダイレックス",
                "shop": "supermarket",
                "osm_type": "node",
                "osm_id": 6165464757,
                "tag": "shop=supermarket"
            }
        },
        {
            "type": "Feature",
            "geometry": {
                "type": "Point",
                "coordinates": [
                    130.8195412,
                    33.8960627
                ]
            },
            "properties": {
                "addr:block_number": "2",
                "addr:city": "北九州市",
                "addr:country": "JP",
                "addr:neighbourhood": "2",
                "addr:postcode": "804-0067",
                "addr:province": "福岡県",
                "addr:quarter": "汐井町",
                "addr:suburb": "戸畑区",
                "branch": "戸畑",
                "branch:en": "Tobata",
                "name": "イオン",
                "name:en": "AEON",
                "name:ja": "イオン",
                "shop": "supermarket",
                "wikidata": "Q11286266",
                "wikipedia": "ja:イオン戸畑ショッピングセンター",
                "osm_type": "node",
                "osm_id": 6167995922,
                "tag": "shop=supermarket"
            }
        },
        {
            "type": "Feature",
            "geometry": {
                "type": "Point",
                "coordinates": [
                    130.2809966,
                    33.3038336
                ]
            },
            "properties": {
                "addr:city": "佐賀市",
                "addr:neighbourhood": "3535",
                "addr:postcode": "840-0201",
                "addr:province": "佐賀県",
                "addr:quarter": "大和町大字尼寺",
                "branch": "佐賀大和",
                "branch:en": "Sagayamato",
                "brand": "AEON",
                "name": "イオン",
                "name:en": "AEON",
                "name:ja": "イオン",
                "name:ja-Hira": "いおん",
                "name:ja-Latn": "Ion",
                "name:ja_rm": "Ion",
                "shop": "supermarket",
                "osm_type": "node",
                "osm_id": 6168040695,
                "tag": "shop=supermarket"
            }
        },
        {
            "type": "Feature",
            "geometry": {
                "type": "Point",
                "coordinates": [
                    130.2916175,
                    33.2490631
                ]
            },
            "properties": {
                "shop": "supermarket",
                "osm_type": "node",
                "osm_id": 6183904786,
                "tag": "shop=supermarket"
            }
        },
        {
            "type": "Feature",
            "geometry": {
                "type": "Point",
                "coordinates": [
                    130.4241591,
                    33.6184101
                ]
            },
            "properties": {
                "name": "まちの肉惣菜あらい",
                "shop": "supermarket",
                "osm_type": "node",
                "osm_id": 6194554874,
                "tag": "shop=supermarket"
            }
        },
        {
            "type": "Feature",
            "geometry": {
                "type": "Point",
                "coordinates": [
                    130.1866626,
                    33.5800253
                ]
            },
            "properties": {
                "branch": "糸島店",
                "name": "AEON",
                "name:ja": "イオン",
                "opening_hours": "09:00-22:00",
                "shop": "supermarket",
                "wheelchair": "yes",
                "osm_type": "node",
                "osm_id": 6237252085,
                "tag": "shop=supermarket"
            }
        },
        {
            "type": "Feature",
            "geometry": {
                "type": "Point",
                "coordinates": [
                    130.5124294,
                    33.3136557
                ]
            },
            "properties": {
                "name": "abc ﾌﾗﾜｰ",
                "shop": "supermarket",
                "osm_type": "node",
                "osm_id": 6312132874,
                "tag": "shop=supermarket"
            }
        },
        {
            "type": "Feature",
            "geometry": {
                "type": "Point",
                "coordinates": [
                    130.450147,
                    33.6723578
                ]
            },
            "properties": {
                "addr:block_number": "2",
                "addr:city": "福岡市",
                "addr:neighbourhood": "4",
                "addr:postcode": "813-0002",
                "addr:province": "福岡県",
                "addr:quarter": "下原",
                "addr:suburb": "東区",
                "brand": "マックスバリュ",
                "brand:en": "Maxvalu Tokai",
                "brand:ja": "マックスバリュ",
                "brand:wikidata": "Q1960109",
                "brand:wikipedia": "en:MaxValu",
                "level": "0",
                "name": "マックスバリュ",
                "name:en": "Maxvalu Tokai",
                "name:ja": "マックスバリュ",
                "opening_hours": "10:00-23:00",
                "phone": "092-661-6060",
                "shop": "supermarket",
                "website": "http://www.mv-kyushu.co.jp/",
                "osm_type": "node",
                "osm_id": 6336911927,
                "tag": "shop=supermarket"
            }
        },
        {
            "type": "Feature",
            "geometry": {
                "type": "Point",
                "coordinates": [
                    130.4071631,
                    33.587697
                ]
            },
            "properties": {
                "addr:street": "東光寺竹下春吉線",
                "name": "いせや Foods Club",
                "name:en": "Iseya Foods Club",
                "name:ja": "いせやフーズクラブ",
                "name:ja-Hira": "いせやふうずくらぶ",
                "official_name": "いせや Foods Club",
                "opening_hours": "24/7",
                "phone": "+81-92-725-0768",
                "shop": "supermarket",
                "osm_type": "node",
                "osm_id": 6341002500,
                "tag": "shop=supermarket"
            }
        },
        {
            "type": "Feature",
            "geometry": {
                "type": "Point",
                "coordinates": [
                    130.848032,
                    33.8716277
                ]
            },
            "properties": {
                "name": "サンリプ到津",
                "shop": "supermarket",
                "osm_type": "node",
                "osm_id": 6478687205,
                "tag": "shop=supermarket"
            }
        },
        {
            "type": "Feature",
            "geometry": {
                "type": "Point",
                "coordinates": [
                    130.6725065,
                    33.6507686
                ]
            },
            "properties": {
                "name": "ハローデイ 九工大前店",
                "shop": "supermarket",
                "osm_type": "node",
                "osm_id": 6503252449,
                "tag": "shop=supermarket"
            }
        },
        {
            "type": "Feature",
            "geometry": {
                "type": "Point",
                "coordinates": [
                    130.8321185,
                    33.8663896
                ]
            },
            "properties": {
                "name": "スピナラソリエ 高見店",
                "shop": "supermarket",
                "osm_type": "node",
                "osm_id": 6559865726,
                "tag": "shop=supermarket"
            }
        },
        {
            "type": "Feature",
            "geometry": {
                "type": "Point",
                "coordinates": [
                    130.3332075,
                    33.5557158
                ]
            },
            "properties": {
                "name": "サニー有田店",
                "shop": "supermarket",
                "osm_type": "node",
                "osm_id": 6580139531,
                "tag": "shop=supermarket"
            }
        },
        {
            "type": "Feature",
            "geometry": {
                "type": "Point",
                "coordinates": [
                    130.2636037,
                    33.5814266
                ]
            },
            "properties": {
                "name": "マルショク",
                "shop": "supermarket",
                "osm_type": "node",
                "osm_id": 6583716347,
                "tag": "shop=supermarket"
            }
        },
        {
            "type": "Feature",
            "geometry": {
                "type": "Point",
                "coordinates": [
                    130.2673766,
                    33.5812774
                ]
            },
            "properties": {
                "addr:block_number": "4",
                "addr:city": "福岡市",
                "addr:housenumber": "35",
                "addr:neighbourhood": "今宿三丁目",
                "addr:province": "福岡県",
                "addr:suburb": "西区",
                "name": "TRIAL smart 今宿店",
                "shop": "supermarket",
                "osm_type": "node",
                "osm_id": 6583722924,
                "tag": "shop=supermarket"
            }
        },
        {
            "type": "Feature",
            "geometry": {
                "type": "Point",
                "coordinates": [
                    130.2783093,
                    33.5753082
                ]
            },
            "properties": {
                "name": "マルキョウ　今宿店",
                "shop": "supermarket",
                "osm_type": "node",
                "osm_id": 6585508036,
                "tag": "shop=supermarket"
            }
        },
        {
            "type": "Feature",
            "geometry": {
                "type": "Point",
                "coordinates": [
                    130.2730242,
                    33.5731973
                ]
            },
            "properties": {
                "name": "ルミエール",
                "name:ja": "ルミエール 今宿店",
                "shop": "supermarket",
                "osm_type": "node",
                "osm_id": 6585512210,
                "tag": "shop=supermarket"
            }
        },
        {
            "type": "Feature",
            "geometry": {
                "type": "Point",
                "coordinates": [
                    130.4621305,
                    33.5120759
                ]
            },
            "properties": {
                "brand": "業務スーパー",
                "brand:en": "Gyomu Super",
                "brand:ja": "業務スーパー",
                "brand:ja-Latn": "Gyōmu sūpā",
                "brand:wikidata": "Q11590183",
                "name": "業務スーパー",
                "name:en": "Gyomu Super",
                "name:ja": "業務スーパー",
                "name:ja-Latn": "Gyōmu sūpā",
                "shop": "supermarket",
                "osm_type": "node",
                "osm_id": 6590438249,
                "tag": "shop=supermarket"
            }
        },
        {
            "type": "Feature",
            "geometry": {
                "type": "Point",
                "coordinates": [
                    130.5249048,
                    33.287644
                ]
            },
            "properties": {
                "brand": "Federated Co-operatives",
                "brand:wikidata": "Q5440676",
                "name": "Co-op",
                "shop": "supermarket",
                "osm_type": "node",
                "osm_id": 6595667365,
                "tag": "shop=supermarket"
            }
        },
        {
            "type": "Feature",
            "geometry": {
                "type": "Point",
                "coordinates": [
                    130.3238343,
                    33.5784271
                ]
            },
            "properties": {
                "name": "ハローデイ",
                "shop": "supermarket",
                "osm_type": "node",
                "osm_id": 6601687410,
                "tag": "shop=supermarket"
            }
        },
        {
            "type": "Feature",
            "geometry": {
                "type": "Point",
                "coordinates": [
                    130.3223713,
                    33.5762626
                ]
            },
            "properties": {
                "branch": "福重店",
                "name": "マルキョウ",
                "shop": "supermarket",
                "osm_type": "node",
                "osm_id": 6601687442,
                "tag": "shop=supermarket"
            }
        },
        {
            "type": "Feature",
            "geometry": {
                "type": "Point",
                "coordinates": [
                    130.3230533,
                    33.5723056
                ]
            },
            "properties": {
                "addr:block_number": "19",
                "addr:housenumber": "4",
                "name": "A-プライス西福岡店",
                "opening_hours": "Mo-Su 09:30-18:30",
                "phone": "092-883-4690",
                "shop": "supermarket",
                "osm_type": "node",
                "osm_id": 6601687458,
                "tag": "shop=supermarket"
            }
        },
        {
            "type": "Feature",
            "geometry": {
                "type": "Point",
                "coordinates": [
                    130.2408081,
                    33.5642976
                ]
            },
            "properties": {
                "name": "ハローデイ",
                "shop": "supermarket",
                "osm_type": "node",
                "osm_id": 6619800209,
                "tag": "shop=supermarket"
            }
        },
        {
            "type": "Feature",
            "geometry": {
                "type": "Point",
                "coordinates": [
                    130.2411367,
                    33.571703
                ]
            },
            "properties": {
                "addr:postcode": "819-0373",
                "brand": "マックスバリュ",
                "brand:en": "Maxvalu Tokai",
                "brand:ja": "マックスバリュ",
                "brand:wikidata": "Q1960109",
                "name": "マックスバリュ",
                "name:en": "MaxValu - Susenji West",
                "name:ja": "マックスバリュ　周船寺西店",
                "opening_hours": "24/7",
                "phone": "+81928074800",
                "shop": "supermarket",
                "osm_type": "node",
                "osm_id": 6619800300,
                "tag": "shop=supermarket"
            }
        },
        {
            "type": "Feature",
            "geometry": {
                "type": "Point",
                "coordinates": [
                    130.2403795,
                    33.5712562
                ]
            },
            "properties": {
                "name": "マルキョウ　高田店",
                "shop": "supermarket",
                "osm_type": "node",
                "osm_id": 6619800310,
                "tag": "shop=supermarket"
            }
        },
        {
            "type": "Feature",
            "geometry": {
                "type": "Point",
                "coordinates": [
                    130.3275258,
                    33.5341911
                ]
            },
            "properties": {
                "name": "西鉄ストア",
                "shop": "supermarket",
                "osm_type": "node",
                "osm_id": 6625287935,
                "tag": "shop=supermarket"
            }
        },
        {
            "type": "Feature",
            "geometry": {
                "type": "Point",
                "coordinates": [
                    130.354197,
                    33.5622216
                ]
            },
            "properties": {
                "addr:block_number": "16",
                "addr:city": "福岡市",
                "addr:housenumber": "43",
                "addr:neighbourhood": "5丁目",
                "addr:postcode": "814-0161",
                "addr:province": "福岡県",
                "addr:quarter": "飯倉",
                "addr:suburb": "早良区",
                "name": "レガネット",
                "shop": "supermarket",
                "osm_type": "node",
                "osm_id": 6630567514,
                "tag": "shop=supermarket"
            }
        },
        {
            "type": "Feature",
            "geometry": {
                "type": "Point",
                "coordinates": [
                    130.4044234,
                    33.5886552
                ]
            },
            "properties": {
                "shop": "supermarket",
                "osm_type": "node",
                "osm_id": 6794450361,
                "tag": "shop=supermarket"
            }
        },
        {
            "type": "Feature",
            "geometry": {
                "type": "Point",
                "coordinates": [
                    130.4395553,
                    33.5741775
                ]
            },
            "properties": {
                "branch": "東那珂店",
                "name": "ルミエール",
                "name:en": "Rumieeru",
                "shop": "supermarket",
                "osm_type": "node",
                "osm_id": 6817611285,
                "tag": "shop=supermarket"
            }
        },
        {
            "type": "Feature",
            "geometry": {
                "type": "Point",
                "coordinates": [
                    130.3611074,
                    33.5755026
                ]
            },
            "properties": {
                "branch": "あけぼの店",
                "brand": "業務スーパー",
                "brand:en": "Gyomu Super",
                "brand:ja": "業務スーパー",
                "brand:ja-Latn": "Gyōmu sūpā",
                "brand:wikidata": "Q105687460",
                "name": "業務スーパー",
                "name:en": "Gyomu Super",
                "name:ja": "業務スーパー",
                "name:ja-Latn": "Gyōmu sūpā",
                "shop": "supermarket",
                "osm_type": "node",
                "osm_id": 6817624386,
                "tag": "shop=supermarket"
            }
        },
        {
            "type": "Feature",
            "geometry": {
                "type": "Point",
                "coordinates": [
                    130.4811456,
                    33.5866999
                ]
            },
            "properties": {
                "name": "ルミエール志免店",
                "shop": "supermarket",
                "osm_type": "node",
                "osm_id": 6817654090,
                "tag": "shop=supermarket"
            }
        },
        {
            "type": "Feature",
            "geometry": {
                "type": "Point",
                "coordinates": [
                    130.4546805,
                    33.6020829
                ]
            },
            "properties": {
                "addr:street": "県道68号線",
                "name": "スーパーセンタートライアル福岡空港店",
                "shop": "supermarket",
                "osm_type": "node",
                "osm_id": 6817696785,
                "tag": "shop=supermarket"
            }
        },
        {
            "type": "Feature",
            "geometry": {
                "type": "Point",
                "coordinates": [
                    130.4122662,
                    33.6031439
                ]
            },
            "properties": {
                "branch": "博多せんしょう店",
                "brand": "業務スーパー",
                "brand:en": "Gyomu Super",
                "brand:ja": "業務スーパー",
                "brand:ja-Latn": "Gyōmu sūpā",
                "brand:wikidata": "Q11590183",
                "brand:wikipedia": "ja:神戸物産",
                "name": "業務スーパー",
                "name:en": "Gyomu Super",
                "name:ja": "業務スーパー",
                "name:ja-Latn": "Gyōmu sūpā",
                "shop": "supermarket",
                "osm_type": "node",
                "osm_id": 6817772585,
                "tag": "shop=supermarket"
            }
        },
        {
            "type": "Feature",
            "geometry": {
                "type": "Point",
                "coordinates": [
                    130.396702,
                    33.5492538
                ]
            },
            "properties": {
                "name": "サニー長住店",
                "name:en": "sunny",
                "shop": "supermarket",
                "osm_type": "node",
                "osm_id": 6882729485,
                "tag": "shop=supermarket"
            }
        },
        {
            "type": "Feature",
            "geometry": {
                "type": "Point",
                "coordinates": [
                    130.3878934,
                    33.5660631
                ]
            },
            "properties": {
                "name": "サニー小笹店",
                "name:en": "sunny",
                "shop": "supermarket",
                "osm_type": "node",
                "osm_id": 6882729585,
                "tag": "shop=supermarket"
            }
        },
        {
            "type": "Feature",
            "geometry": {
                "type": "Point",
                "coordinates": [
                    130.4453672,
                    33.6090028
                ]
            },
            "properties": {
                "brand": "トライアル",
                "brand:en": "Trial",
                "brand:ja": "トライアル",
                "brand:wikidata": "Q11321723",
                "name": "トライアル",
                "name:en": "Trial",
                "name:ja": "トライアル",
                "shop": "supermarket",
                "osm_type": "node",
                "osm_id": 6882729586,
                "tag": "shop=supermarket"
            }
        },
        {
            "type": "Feature",
            "geometry": {
                "type": "Point",
                "coordinates": [
                    130.4579084,
                    33.6339893
                ]
            },
            "properties": {
                "name": "サニー八田店",
                "name:en": "sunny",
                "shop": "supermarket",
                "osm_type": "node",
                "osm_id": 6882729785,
                "tag": "shop=supermarket"
            }
        },
        {
            "type": "Feature",
            "geometry": {
                "type": "Point",
                "coordinates": [
                    130.4404863,
                    33.650466
                ]
            },
            "properties": {
                "name": "マックスバリュエクスプレス千早駅前店",
                "name:en": "maxvalue",
                "shop": "supermarket",
                "osm_type": "node",
                "osm_id": 6882826986,
                "tag": "shop=supermarket"
            }
        },
        {
            "type": "Feature",
            "geometry": {
                "type": "Point",
                "coordinates": [
                    130.4498971,
                    33.5425563
                ]
            },
            "properties": {
                "name": "サニー日の出町店",
                "name:en": "summy",
                "shop": "supermarket",
                "osm_type": "node",
                "osm_id": 6894844488,
                "tag": "shop=supermarket"
            }
        },
        {
            "type": "Feature",
            "geometry": {
                "type": "Point",
                "coordinates": [
                    130.5041885,
                    33.5959556
                ]
            },
            "properties": {
                "name": "サニー須恵店",
                "name:en": "sunny",
                "shop": "supermarket",
                "osm_type": "node",
                "osm_id": 6894880987,
                "tag": "shop=supermarket"
            }
        },
        {
            "type": "Feature",
            "geometry": {
                "type": "Point",
                "coordinates": [
                    130.3780795,
                    33.5774836
                ]
            },
            "properties": {
                "name": "ボンラパス トレゾ",
                "name:en": "Bon Repas Treso",
                "shop": "supermarket",
                "osm_type": "node",
                "osm_id": 6953852279,
                "tag": "shop=supermarket"
            }
        },
        {
            "type": "Feature",
            "geometry": {
                "type": "Point",
                "coordinates": [
                    130.4064835,
                    33.5947932
                ]
            },
            "properties": {
                "addr:housenumber": "0922607187",
                "name:en": "Reganet Cute",
                "shop": "supermarket",
                "osm_type": "node",
                "osm_id": 7011021586,
                "tag": "shop=supermarket"
            }
        },
        {
            "type": "Feature",
            "geometry": {
                "type": "Point",
                "coordinates": [
                    130.4836092,
                    33.5495074
                ]
            },
            "properties": {
                "name": "マルキョウ 川久保店",
                "shop": "supermarket",
                "osm_type": "node",
                "osm_id": 7296436145,
                "tag": "shop=supermarket"
            }
        },
        {
            "type": "Feature",
            "geometry": {
                "type": "Point",
                "coordinates": [
                    130.4512714,
                    33.564313
                ]
            },
            "properties": {
                "name": "マルキョウ板付店",
                "shop": "supermarket",
                "osm_type": "node",
                "osm_id": 7345598613,
                "tag": "shop=supermarket"
            }
        },
        {
            "type": "Feature",
            "geometry": {
                "type": "Point",
                "coordinates": [
                    130.4714399,
                    33.5379878
                ]
            },
            "properties": {
                "name": "サニー春日原店",
                "shop": "supermarket",
                "osm_type": "node",
                "osm_id": 7448382366,
                "tag": "shop=supermarket"
            }
        },
        {
            "type": "Feature",
            "geometry": {
                "type": "Point",
                "coordinates": [
                    130.4304654,
                    33.5972327
                ]
            },
            "properties": {
                "name": "マルキョウ空港通り豊店",
                "shop": "supermarket",
                "osm_type": "node",
                "osm_id": 7491259350,
                "tag": "shop=supermarket"
            }
        },
        {
            "type": "Feature",
            "geometry": {
                "type": "Point",
                "coordinates": [
                    130.4256123,
                    33.6069511
                ]
            },
            "properties": {
                "name": "マルショク",
                "shop": "supermarket",
                "osm_type": "node",
                "osm_id": 7491259368,
                "tag": "shop=supermarket"
            }
        },
        {
            "type": "Feature",
            "geometry": {
                "type": "Point",
                "coordinates": [
                    130.9802833,
                    33.787346
                ]
            },
            "properties": {
                "name": "ASO",
                "shop": "supermarket",
                "osm_type": "node",
                "osm_id": 7498135613,
                "tag": "shop=supermarket"
            }
        },
        {
            "type": "Feature",
            "geometry": {
                "type": "Point",
                "coordinates": [
                    130.4243062,
                    33.5869971
                ]
            },
            "properties": {
                "branch": "テラソ店",
                "check_date": "2025-03-25",
                "name": "レガネットキュート",
                "opening_hours": "Mo-Fr 07:30-20:00; Sa-Su 08:00-19:00",
                "shop": "supermarket",
                "osm_type": "node",
                "osm_id": 7544465985,
                "tag": "shop=supermarket"
            }
        },
        {
            "type": "Feature",
            "geometry": {
                "type": "Point",
                "coordinates": [
                    130.487296,
                    33.7701523
                ]
            },
            "properties": {
                "branch": "福津店",
                "name": "生鮮市場バリューリンク",
                "shop": "supermarket",
                "source": "survey",
                "osm_type": "node",
                "osm_id": 7632612413,
                "tag": "shop=supermarket"
            }
        },
        {
            "type": "Feature",
            "geometry": {
                "type": "Point",
                "coordinates": [
                    130.5312155,
                    33.7977197
                ]
            },
            "properties": {
                "name": "レガネット",
                "shop": "supermarket",
                "osm_type": "node",
                "osm_id": 7652868891,
                "tag": "shop=supermarket"
            }
        },
        {
            "type": "Feature",
            "geometry": {
                "type": "Point",
                "coordinates": [
                    130.5350135,
                    33.8009973
                ]
            },
            "properties": {
                "name": "宗像農協東郷支店",
                "shop": "supermarket",
                "osm_type": "node",
                "osm_id": 7652987825,
                "tag": "shop=supermarket"
            }
        },
        {
            "type": "Feature",
            "geometry": {
                "type": "Point",
                "coordinates": [
                    130.5635083,
                    33.8142445
                ]
            },
            "properties": {
                "branch": "くりえいと宗像店",
                "name": "ダイレックス",
                "shop": "supermarket",
                "osm_type": "node",
                "osm_id": 7701888505,
                "tag": "shop=supermarket"
            }
        },
        {
            "type": "Feature",
            "geometry": {
                "type": "Point",
                "coordinates": [
                    130.908092,
                    33.8385833
                ]
            },
            "properties": {
                "name": "サンリブシティ小倉",
                "shop": "supermarket",
                "wikidata": "Q11306074",
                "osm_type": "node",
                "osm_id": 7784012468,
                "tag": "shop=supermarket"
            }
        },
        {
            "type": "Feature",
            "geometry": {
                "type": "Point",
                "coordinates": [
                    130.3817206,
                    33.5912791
                ]
            },
            "properties": {
                "addr:postcode": "810-0074",
                "check_date": "2024-09-24",
                "name": "Hazama",
                "name:ja": "ハザマ",
                "opening_hours": "10:00-22:00",
                "shop": "supermarket",
                "wheelchair": "no",
                "osm_type": "node",
                "osm_id": 7893060972,
                "tag": "shop=supermarket"
            }
        },
        {
            "type": "Feature",
            "geometry": {
                "type": "Point",
                "coordinates": [
                    130.7053178,
                    33.891005
                ]
            },
            "properties": {
                "name": "アルゾ",
                "name:en": "Alzo",
                "shop": "supermarket",
                "osm_type": "node",
                "osm_id": 7937677315,
                "tag": "shop=supermarket"
            }
        },
        {
            "type": "Feature",
            "geometry": {
                "type": "Point",
                "coordinates": [
                    130.4200243,
                    33.6016995
                ]
            },
            "properties": {
                "addr:block_number": "2-1",
                "addr:city": "福岡市博多区",
                "addr:neighbourhood": "1丁目",
                "addr:postcode": "812-0044",
                "addr:province": "福岡県",
                "addr:quarter": "千代",
                "level": "0",
                "name": "ハローデイ",
                "opening_hours": "10:00-22:00",
                "shop": "supermarket",
                "osm_type": "node",
                "osm_id": 8065855162,
                "tag": "shop=supermarket"
            }
        },
        {
            "type": "Feature",
            "geometry": {
                "type": "Point",
                "coordinates": [
                    130.4533761,
                    33.6040126
                ]
            },
            "properties": {
                "name": "ニトリ",
                "name:en": "NITORI",
                "shop": "supermarket",
                "osm_type": "node",
                "osm_id": 8331263718,
                "tag": "shop=supermarket"
            }
        },
        {
            "type": "Feature",
            "geometry": {
                "type": "Point",
                "coordinates": [
                    130.4473741,
                    33.609623
                ]
            },
            "properties": {
                "name": "ミスターマックス",
                "name:en": "Mr.max",
                "shop": "supermarket",
                "osm_type": "node",
                "osm_id": 8331263818,
                "tag": "shop=supermarket"
            }
        },
        {
            "type": "Feature",
            "geometry": {
                "type": "Point",
                "coordinates": [
                    130.4473779,
                    33.6116574
                ]
            },
            "properties": {
                "name": "リサイクルショップ",
                "shop": "supermarket",
                "osm_type": "node",
                "osm_id": 8331264118,
                "tag": "shop=supermarket"
            }
        },
        {
            "type": "Feature",
            "geometry": {
                "type": "Point",
                "coordinates": [
                    130.4218128,
                    33.5153447
                ]
            },
            "properties": {
                "brand": "ドン・キホーテ",
                "brand:en": "Don Quijote",
                "brand:ja": "ドン・キホーテ",
                "brand:wikidata": "Q1185381",
                "brand:wikipedia": "ja:ドン・キホーテ (企業)",
                "name": "MEGAドン・キホーテ",
                "name:en": "MEGA Don Quijote",
                "name:ja": "MEGAドン・キホーテ",
                "opening_hours": "24/7",
                "shop": "supermarket",
                "short_name": "MEGAドンキ",
                "short_name:en": "MegaDonki",
                "short_name:ja": "MEGAドンキ",
                "osm_type": "node",
                "osm_id": 8442678485,
                "tag": "shop=supermarket"
            }
        },
        {
            "type": "Feature",
            "geometry": {
                "type": "Point",
                "coordinates": [
                    130.4711821,
                    33.5157915
                ]
            },
            "properties": {
                "name": "サニー　春日店",
                "name:en": "SUNNY KASUGA",
                "opening_hours": "24/7",
                "phone": "0925835555",
                "shop": "supermarket",
                "website": "https://www.seiyu.co.jp/shop/%E3%82%B5%E3%83%8B%E3%83%BC%E6%98%A5%E6%97%A5%E5%BA%97/",
                "osm_type": "node",
                "osm_id": 8534390017,
                "tag": "shop=supermarket"
            }
        },
        {
            "type": "Feature",
            "geometry": {
                "type": "Point",
                "coordinates": [
                    130.4182159,
                    33.5835471
                ]
            },
            "properties": {
                "brand": "マックスバリュ",
                "brand:en": "MaxValu",
                "brand:ja": "マックスバリュ",
                "brand:wikidata": "Q11340427",
                "name": "マックスバリュ",
                "name:en": "MaxValu",
                "name:ja": "マックスバリュ",
                "opening_hours": "Mo-Su 08:00-00:00",
                "shop": "supermarket",
                "osm_type": "node",
                "osm_id": 8582635017,
                "tag": "shop=supermarket"
            }
        },
        {
            "type": "Feature",
            "geometry": {
                "type": "Point",
                "coordinates": [
                    130.7482015,
                    33.3427706
                ]
            },
            "properties": {
                "branch": "吉井",
                "brand": "エーコープ",
                "brand:en": "A-COOP",
                "brand:ja": "エーコープ",
                "brand:wikidata": "Q11291524",
                "brand:wikipedia": "ja:エーコープ",
                "name": "エーコープ",
                "name:en": "A-COOP",
                "name:ja": "エーコープ",
                "organic": "only",
                "shop": "supermarket",
                "osm_type": "node",
                "osm_id": 8622719742,
                "tag": "shop=supermarket"
            }
        },
        {
            "type": "Feature",
            "geometry": {
                "type": "Point",
                "coordinates": [
                    130.3213311,
                    33.5568272
                ]
            },
            "properties": {
                "name": "サンリブ",
                "shop": "supermarket",
                "osm_type": "node",
                "osm_id": 8918619597,
                "tag": "shop=supermarket"
            }
        },
        {
            "type": "Feature",
            "geometry": {
                "type": "Point",
                "coordinates": [
                    130.3211711,
                    33.5562993
                ]
            },
            "properties": {
                "name": "KALDI 木の葉モール橋本店",
                "shop": "supermarket",
                "website": "https://map.kaldi.co.jp/kaldi/detailMap?account=kaldi&accmd=0&adr=40&bid=234&pgret=2",
                "osm_type": "node",
                "osm_id": 8918619601,
                "tag": "shop=supermarket"
            }
        },
        {
            "type": "Feature",
            "geometry": {
                "type": "Point",
                "coordinates": [
                    130.3857307,
                    33.5925275
                ]
            },
            "properties": {
                "branch": "福岡長浜店",
                "level": "0",
                "name": "サニー",
                "name:en": "Sunny",
                "shop": "supermarket",
                "wheelchair": "yes",
                "osm_type": "node",
                "osm_id": 8920896080,
                "tag": "shop=supermarket"
            }
        },
        {
            "type": "Feature",
            "geometry": {
                "type": "Point",
                "coordinates": [
                    130.378695,
                    33.5555218
                ]
            },
            "properties": {
                "name": "業務用スーパー",
                "shop": "supermarket",
                "osm_type": "node",
                "osm_id": 8921521134,
                "tag": "shop=supermarket"
            }
        },
        {
            "type": "Feature",
            "geometry": {
                "type": "Point",
                "coordinates": [
                    130.4209114,
                    33.6995341
                ]
            },
            "properties": {
                "name": "マルショク",
                "shop": "supermarket",
                "osm_type": "node",
                "osm_id": 8958295748,
                "tag": "shop=supermarket"
            }
        },
        {
            "type": "Feature",
            "geometry": {
                "type": "Point",
                "coordinates": [
                    130.8401984,
                    33.8990307
                ]
            },
            "properties": {
                "addr:block_number": "8",
                "addr:city": "北九州市",
                "addr:housenumber": "18",
                "addr:neighbourhood": "1丁目",
                "addr:province": "福岡県",
                "addr:quarter": "中原西",
                "addr:suburb": "戸畑区",
                "name": "スピナ",
                "opening_hours": "Mo-Su 09:30-20:00",
                "phone": "093-881-2903",
                "shop": "supermarket",
                "osm_type": "node",
                "osm_id": 9111252584,
                "tag": "shop=supermarket"
            }
        },
        {
            "type": "Feature",
            "geometry": {
                "type": "Point",
                "coordinates": [
                    130.4197153,
                    33.5913232
                ]
            },
            "properties": {
                "level": "-1",
                "name": "レガネットキュート",
                "shop": "supermarket",
                "osm_type": "node",
                "osm_id": 9219283274,
                "tag": "shop=supermarket"
            }
        },
        {
            "type": "Feature",
            "geometry": {
                "type": "Point",
                "coordinates": [
                    130.4928146,
                    33.7524125
                ]
            },
            "properties": {
                "level": "1;2",
                "name": "イオン",
                "shop": "supermarket",
                "osm_type": "node",
                "osm_id": 9252581124,
                "tag": "shop=supermarket"
            }
        },
        {
            "type": "Feature",
            "geometry": {
                "type": "Point",
                "coordinates": [
                    130.2839674,
                    33.2444916
                ]
            },
            "properties": {
                "name": "Morinaga",
                "name:ja": "スーパーモリナガ",
                "shop": "supermarket",
                "osm_type": "node",
                "osm_id": 9407928077,
                "tag": "shop=supermarket"
            }
        },
        {
            "type": "Feature",
            "geometry": {
                "type": "Point",
                "coordinates": [
                    130.2127728,
                    33.5490962
                ]
            },
            "properties": {
                "name": "ディスカウントストア スーパー・キッド",
                "shop": "supermarket",
                "osm_type": "node",
                "osm_id": 9502494952,
                "tag": "shop=supermarket"
            }
        },
        {
            "type": "Feature",
            "geometry": {
                "type": "Point",
                "coordinates": [
                    130.1944464,
                    33.5493128
                ]
            },
            "properties": {
                "branch": "南風店",
                "name": "マルショク",
                "shop": "supermarket",
                "osm_type": "node",
                "osm_id": 9502494963,
                "tag": "shop=supermarket"
            }
        },
        {
            "type": "Feature",
            "geometry": {
                "type": "Point",
                "coordinates": [
                    130.2076515,
                    33.5599569
                ]
            },
            "properties": {
                "branch": "前原店",
                "name": "フードウェイ",
                "shop": "supermarket",
                "osm_type": "node",
                "osm_id": 9502556344,
                "tag": "shop=supermarket"
            }
        },
        {
            "type": "Feature",
            "geometry": {
                "type": "Point",
                "coordinates": [
                    130.6308639,
                    33.8622442
                ]
            },
            "properties": {
                "addr:block_number": "338-1",
                "addr:city": "岡垣町",
                "addr:county": "遠賀郡",
                "addr:neighbourhood": "黒山",
                "addr:postcode": "811-4212",
                "addr:province": "福岡県",
                "name": "イオン岡垣店",
                "opening_hours": "Mo-Su 08:00-22:00",
                "operator": "イオン九州",
                "shop": "supermarket",
                "website": "https://okagaki.aeonkyushu.com/",
                "wikimedia_commons": "File:495号線からみたイオン岡垣ショッピングセンター.jpg",
                "wikipedia": "ja:イオン岡垣店",
                "osm_type": "node",
                "osm_id": 9599876119,
                "tag": "shop=supermarket"
            }
        },
        {
            "type": "Feature",
            "geometry": {
                "type": "Point",
                "coordinates": [
                    130.3927507,
                    33.5876099
                ]
            },
            "properties": {
                "brand": "マックスバリュエクスプレス",
                "brand:en": "MaxValu Express",
                "brand:ja": "マックスバリュ",
                "brand:wikidata": "Q130454502",
                "fax": "+81-92-707-1157",
                "name": "マックスバリュエクスプレス",
                "name:en": "MaxValu Express",
                "name:ja": "マックスバリュエクスプレス",
                "not:brand:wikidata": "Q11340427",
                "opening_hours": "Mo-Su,PH 07:00-24:00",
                "operator": "Aeon",
                "operator:ja": "イオン",
                "operator:wikidata": "Q271413",
                "phone": "+81-92-707-1151",
                "ref": "T6290001017604",
                "shop": "supermarket",
                "osm_type": "node",
                "osm_id": 9625297017,
                "tag": "shop=supermarket"
            }
        },
        {
            "type": "Feature",
            "geometry": {
                "type": "Point",
                "coordinates": [
                    131.0992934,
                    33.4299598
                ]
            },
            "properties": {
                "name": "下郷農協 ふれあいの店",
                "shop": "supermarket",
                "osm_type": "node",
                "osm_id": 9759326335,
                "tag": "shop=supermarket"
            }
        },
        {
            "type": "Feature",
            "geometry": {
                "type": "Point",
                "coordinates": [
                    130.3156921,
                    33.193142
                ]
            },
            "properties": {
                "name": "東洋食品",
                "shop": "supermarket",
                "osm_type": "node",
                "osm_id": 9775223352,
                "tag": "shop=supermarket"
            }
        },
        {
            "type": "Feature",
            "geometry": {
                "type": "Point",
                "coordinates": [
                    130.3626926,
                    33.5865607
                ]
            },
            "properties": {
                "name": "レガネット",
                "shop": "supermarket",
                "osm_type": "node",
                "osm_id": 9844633091,
                "tag": "shop=supermarket"
            }
        },
        {
            "type": "Feature",
            "geometry": {
                "type": "Point",
                "coordinates": [
                    130.8500761,
                    33.8742343
                ]
            },
            "properties": {
                "name": "アルク到津店",
                "shop": "supermarket",
                "osm_type": "node",
                "osm_id": 10131904533,
                "tag": "shop=supermarket"
            }
        },
        {
            "type": "Feature",
            "geometry": {
                "type": "Point",
                "coordinates": [
                    130.3853211,
                    33.5357206
                ]
            },
            "properties": {
                "name": "サニー",
                "shop": "supermarket",
                "osm_type": "node",
                "osm_id": 10159322144,
                "tag": "shop=supermarket"
            }
        },
        {
            "type": "Feature",
            "geometry": {
                "type": "Point",
                "coordinates": [
                    130.8761359,
                    33.8857807
                ]
            },
            "properties": {
                "name": "レガネットキュート",
                "shop": "supermarket",
                "osm_type": "node",
                "osm_id": 10232122196,
                "tag": "shop=supermarket"
            }
        },
        {
            "type": "Feature",
            "geometry": {
                "type": "Point",
                "coordinates": [
                    130.3990161,
                    33.6035651
                ]
            },
            "properties": {
                "addr:street": "築港本町",
                "name:en": "Wangan Market",
                "name:ko-Latn": "완간시장",
                "shop": "supermarket",
                "osm_type": "node",
                "osm_id": 10267780209,
                "tag": "shop=supermarket"
            }
        },
        {
            "type": "Feature",
            "geometry": {
                "type": "Point",
                "coordinates": [
                    130.8697236,
                    33.8769156
                ]
            },
            "properties": {
                "name": "ハローデイ",
                "shop": "supermarket",
                "osm_type": "node",
                "osm_id": 10280257310,
                "tag": "shop=supermarket"
            }
        },
        {
            "type": "Feature",
            "geometry": {
                "type": "Point",
                "coordinates": [
                    130.3713682,
                    33.5914433
                ]
            },
            "properties": {
                "name": "マミーズ　唐人店",
                "shop": "supermarket",
                "osm_type": "node",
                "osm_id": 10749243558,
                "tag": "shop=supermarket"
            }
        },
        {
            "type": "Feature",
            "geometry": {
                "type": "Point",
                "coordinates": [
                    130.4963634,
                    33.506496
                ]
            },
            "properties": {
                "name": "業務スーパー 向佐野店",
                "shop": "supermarket",
                "osm_type": "node",
                "osm_id": 10763607688,
                "tag": "shop=supermarket"
            }
        },
        {
            "type": "Feature",
            "geometry": {
                "type": "Point",
                "coordinates": [
                    130.6797133,
                    33.7322971
                ]
            },
            "properties": {
                "addr:postcode": "8230003",
                "name": "ルミエール宮田店",
                "name:en": "Lumiere Miyata",
                "opening_hours": "Mo-Su 09:00-21:00",
                "phone": "+81 949-33-3164",
                "shop": "supermarket",
                "website": "http://lumiere-ds.com/",
                "osm_type": "node",
                "osm_id": 10798202606,
                "tag": "shop=supermarket"
            }
        },
        {
            "type": "Feature",
            "geometry": {
                "type": "Point",
                "coordinates": [
                    130.3249171,
                    33.5655597
                ]
            },
            "properties": {
                "name": "じょうもんさん福重市場",
                "shop": "supermarket",
                "osm_type": "node",
                "osm_id": 10925411052,
                "tag": "shop=supermarket"
            }
        },
        {
            "type": "Feature",
            "geometry": {
                "type": "Point",
                "coordinates": [
                    130.4434257,
                    33.6028396
                ]
            },
            "properties": {
                "branch": "福岡空港店",
                "brand": "マックスバリュ",
                "brand:en": "MaxValu",
                "brand:ja": "マックスバリュ",
                "brand:wikidata": "Q11340427",
                "name": "マックスバリュ",
                "name:en": "MaxValu",
                "name:ja": "マックスバリュ",
                "shop": "supermarket",
                "osm_type": "node",
                "osm_id": 11232783446,
                "tag": "shop=supermarket"
            }
        },
        {
            "type": "Feature",
            "geometry": {
                "type": "Point",
                "coordinates": [
                    130.3324494,
                    33.2314243
                ]
            },
            "properties": {
                "name": "マルキョウ",
                "shop": "supermarket",
                "osm_type": "node",
                "osm_id": 11278682426,
                "tag": "shop=supermarket"
            }
        },
        {
            "type": "Feature",
            "geometry": {
                "type": "Point",
                "coordinates": [
                    130.4088737,
                    33.584418
                ]
            },
            "properties": {
                "brand": "業務スーパー",
                "brand:en": "Gyomu Super",
                "brand:ja": "業務スーパー",
                "brand:ja-Latn": "Gyōmu sūpā",
                "brand:wikidata": "Q105687460",
                "name": "業務スーパー",
                "name:en": "Gyomu Super",
                "name:ja": "業務スーパー",
                "name:ja-Latn": "Gyōmu sūpā",
                "opening_hours": "Mo-Su 09:00-21:00",
                "shop": "supermarket",
                "osm_type": "node",
                "osm_id": 11335605111,
                "tag": "shop=supermarket"
            }
        },
        {
            "type": "Feature",
            "geometry": {
                "type": "Point",
                "coordinates": [
                    130.3645235,
                    33.5925352
                ]
            },
            "properties": {
                "check_date": "2023-12-09",
                "name": "Hello Day",
                "shop": "supermarket",
                "osm_type": "node",
                "osm_id": 11404643765,
                "tag": "shop=supermarket"
            }
        },
        {
            "type": "Feature",
            "geometry": {
                "type": "Point",
                "coordinates": [
                    130.9732039,
                    33.870278
                ]
            },
            "properties": {
                "name": "ゆめマート恒見",
                "shop": "supermarket",
                "osm_type": "node",
                "osm_id": 11455377163,
                "tag": "shop=supermarket"
            }
        },
        {
            "type": "Feature",
            "geometry": {
                "type": "Point",
                "coordinates": [
                    130.3383118,
                    33.5744204
                ]
            },
            "properties": {
                "brand": "業務スーパー",
                "brand:en": "Gyomu Super",
                "brand:ja": "業務スーパー",
                "brand:ja-Latn": "Gyōmu sūpā",
                "brand:wikidata": "Q11590183",
                "check_date": "2024-03-17",
                "name": "業務スーパー",
                "name:en": "Gyomu Super",
                "name:ja": "業務スーパー",
                "name:ja-Latn": "Gyōmu sūpā",
                "shop": "supermarket",
                "osm_type": "node",
                "osm_id": 11738544177,
                "tag": "shop=supermarket"
            }
        },
        {
            "type": "Feature",
            "geometry": {
                "type": "Point",
                "coordinates": [
                    130.3962531,
                    33.5825282
                ]
            },
            "properties": {
                "name": "Bon Repas",
                "name:ja": "ボンラパス",
                "opening_hours": "Mo-Su,PH 10:00-22:00",
                "phone": "+81 92 725 5113",
                "shop": "supermarket",
                "website": "https://www.bonrepas.jp/store/yakuin",
                "osm_type": "node",
                "osm_id": 11766011418,
                "tag": "shop=supermarket"
            }
        },
        {
            "type": "Feature",
            "geometry": {
                "type": "Point",
                "coordinates": [
                    130.3958917,
                    33.584649
                ]
            },
            "properties": {
                "branch": "Go",
                "brand": "トライアル",
                "brand:en": "Trial",
                "brand:ja": "トライアル",
                "brand:wikidata": "Q11321723",
                "level": "0",
                "name": "トライアル",
                "name:en": "Trial",
                "name:ja": "トライアル",
                "opening_hours": "24/7",
                "phone": "+81-120-033-559",
                "shop": "supermarket",
                "osm_type": "node",
                "osm_id": 11840973454,
                "tag": "shop=supermarket"
            }
        },
        {
            "type": "Feature",
            "geometry": {
                "type": "Point",
                "coordinates": [
                    130.4053549,
                    33.5838492
                ]
            },
            "properties": {
                "name": "百旬館",
                "official_name": "たべごろ百旬館",
                "opening_hours": "Mo-Su,PH 08:00-21:00",
                "phone": "+81-92-731-3014",
                "ref": "T1290001010159",
                "shop": "supermarket",
                "website": "https://100.co.jp/tabegorohyakushunkan/",
                "osm_type": "node",
                "osm_id": 11846982340,
                "tag": "shop=supermarket"
            }
        },
        {
            "type": "Feature",
            "geometry": {
                "type": "Point",
                "coordinates": [
                    130.3508123,
                    33.5811882
                ]
            },
            "properties": {
                "brand": "トライアル",
                "brand:en": "Trial",
                "brand:ja": "トライアル",
                "brand:wikidata": "Q11321723",
                "check_date": "2024-05-14",
                "level": "0",
                "name": "トライアルGO",
                "name:en": "Trial",
                "name:ja": "トライアルGO",
                "opening_hours": "24/7",
                "payment:cards": "no",
                "payment:cash": "yes",
                "payment:credit_cards": "no",
                "payment:debit_cards": "no",
                "shop": "supermarket",
                "wheelchair": "limited",
                "osm_type": "node",
                "osm_id": 11904165965,
                "tag": "shop=supermarket"
            }
        },
        {
            "type": "Feature",
            "geometry": {
                "type": "Point",
                "coordinates": [
                    130.3583429,
                    33.5812985
                ]
            },
            "properties": {
                "level": "-1",
                "name": "ハローデイ",
                "shop": "supermarket",
                "osm_type": "node",
                "osm_id": 12061916717,
                "tag": "shop=supermarket"
            }
        },
        {
            "type": "Feature",
            "geometry": {
                "type": "Point",
                "coordinates": [
                    130.3219388,
                    33.5805956
                ]
            },
            "properties": {
                "branch": "姪浜店",
                "name": "サニー",
                "operator": "株式会社イズミ",
                "shop": "supermarket",
                "osm_type": "node",
                "osm_id": 12116890012,
                "tag": "shop=supermarket"
            }
        },
        {
            "type": "Feature",
            "geometry": {
                "type": "Point",
                "coordinates": [
                    130.3230912,
                    33.5834919
                ]
            },
            "properties": {
                "branch": "姪浜駅前店",
                "brand": "マックスバリュ",
                "brand:en": "MaxValu",
                "brand:ja": "マックスバリュ",
                "brand:wikidata": "Q11340427",
                "name": "マックスバリュエクスプレス",
                "name:en": "MaxValu",
                "name:ja": "マックスバリュ",
                "name:ja_rm": "Makkusubaryu",
                "note": "マックスバリュエクスプレスとして営業しているためタグ修正不要",
                "opening_hours": "24/7",
                "shop": "supermarket",
                "source": "image,2014-03;Bing,2012-10-23",
                "osm_type": "node",
                "osm_id": 12116890014,
                "tag": "shop=supermarket"
            }
        },
        {
            "type": "Feature",
            "geometry": {
                "type": "Point",
                "coordinates": [
                    130.3929916,
                    33.5928142
                ]
            },
            "properties": {
                "check_date": "2024-08-19",
                "name": "ザ・大黒天",
                "opening_hours": "09:00-22:00",
                "shop": "supermarket",
                "osm_type": "node",
                "osm_id": 12120019466,
                "tag": "shop=supermarket"
            }
        },
        {
            "type": "Feature",
            "geometry": {
                "type": "Point",
                "coordinates": [
                    130.8616451,
                    33.8966394
                ]
            },
            "properties": {
                "check_date": "2024-08-21",
                "name": "Mr.Max",
                "shop": "supermarket",
                "osm_type": "node",
                "osm_id": 12124387713,
                "tag": "shop=supermarket"
            }
        },
        {
            "type": "Feature",
            "geometry": {
                "type": "Point",
                "coordinates": [
                    130.3532243,
                    33.5812172
                ]
            },
            "properties": {
                "check_date": "2024-09-02",
                "name": "グリーンコープ生協ふくおか",
                "phone": "+81 92-8453-312",
                "shop": "supermarket",
                "osm_type": "node",
                "osm_id": 12151239646,
                "tag": "shop=supermarket"
            }
        },
        {
            "type": "Feature",
            "geometry": {
                "type": "Point",
                "coordinates": [
                    130.8708728,
                    33.8712741
                ]
            },
            "properties": {
                "check_date": "2024-09-05",
                "name": "サンリブ",
                "shop": "supermarket",
                "osm_type": "node",
                "osm_id": 12157299228,
                "tag": "shop=supermarket"
            }
        },
        {
            "type": "Feature",
            "geometry": {
                "type": "Point",
                "coordinates": [
                    130.0169978,
                    33.1939486
                ]
            },
            "properties": {
                "name": "たけお屋",
                "shop": "supermarket",
                "osm_type": "node",
                "osm_id": 12189983696,
                "tag": "shop=supermarket"
            }
        },
        {
            "type": "Feature",
            "geometry": {
                "type": "Point",
                "coordinates": [
                    130.4275827,
                    33.5867093
                ]
            },
            "properties": {
                "check_date": "2024-09-22",
                "shop": "supermarket",
                "osm_type": "node",
                "osm_id": 12192512942,
                "tag": "shop=supermarket"
            }
        },
        {
            "type": "Feature",
            "geometry": {
                "type": "Point",
                "coordinates": [
                    130.4724627,
                    33.7495557
                ]
            },
            "properties": {
                "brand": "トライアル",
                "brand:en": "Trial",
                "brand:ja": "トライアル",
                "brand:wikidata": "Q11321723",
                "name": "トライアル",
                "name:en": "Trial",
                "name:ja": "トライアル",
                "shop": "supermarket",
                "osm_type": "node",
                "osm_id": 12254069431,
                "tag": "shop=supermarket"
            }
        },
        {
            "type": "Feature",
            "geometry": {
                "type": "Point",
                "coordinates": [
                    130.7045139,
                    33.642565
                ]
            },
            "properties": {
                "addr:city": "飯塚市柏の森",
                "addr:postcode": "820-0011",
                "addr:province": "福岡県",
                "name": "ハローデイ",
                "opening_hours": "Mo-Su 10:00-22:00",
                "phone": "0948-22-8611",
                "shop": "supermarket",
                "osm_type": "node",
                "osm_id": 12383839892,
                "tag": "shop=supermarket"
            }
        },
        {
            "type": "Feature",
            "geometry": {
                "type": "Point",
                "coordinates": [
                    130.4514227,
                    33.7123037
                ]
            },
            "properties": {
                "check_date": "2025-01-15",
                "name": "HELLO DAY",
                "shop": "supermarket",
                "osm_type": "node",
                "osm_id": 12504256498,
                "tag": "shop=supermarket"
            }
        },
        {
            "type": "Feature",
            "geometry": {
                "type": "Point",
                "coordinates": [
                    130.3898521,
                    33.5834533
                ]
            },
            "properties": {
                "name": "SUNNY",
                "shop": "supermarket",
                "osm_type": "node",
                "osm_id": 12609057959,
                "tag": "shop=supermarket"
            }
        },
        {
            "type": "Feature",
            "geometry": {
                "type": "Point",
                "coordinates": [
                    130.3989189,
                    33.5900135
                ]
            },
            "properties": {
                "level": "-1",
                "name": "Reganet",
                "phone": "+81-92-771-3397",
                "ref": "T3290001009521",
                "shop": "supermarket",
                "website": "https://www.solariastage.com/shops/reganet/",
                "osm_type": "node",
                "osm_id": 12609118639,
                "tag": "shop=supermarket"
            }
        },
        {
            "type": "Feature",
            "geometry": {
                "type": "Point",
                "coordinates": [
                    130.3441069,
                    33.5669358
                ]
            },
            "properties": {
                "name": "サンリブ BUONO",
                "shop": "supermarket",
                "osm_type": "node",
                "osm_id": 12713272062,
                "tag": "shop=supermarket"
            }
        },
        {
            "type": "Feature",
            "geometry": {
                "type": "Point",
                "coordinates": [
                    130.3595221,
                    33.5820423
                ]
            },
            "properties": {
                "branch": "西新店",
                "brand": "マックスバリュ",
                "brand:en": "MaxValu",
                "brand:ja": "マックスバリュ",
                "brand:wikidata": "Q11340427",
                "level": "0",
                "name": "マックスバリュ エクスプレス",
                "name:en": "MaxValu",
                "name:ja": "マックスバリュ",
                "note:ja": "OSM側のタグはマックスバリュが標準的に使用されていますが、現在2025/04/01は駅近の小規模店舗マックスバリュエクスプレスにブランドが切り出されているようです。",
                "shop": "supermarket",
                "url": "https://www.aeon.com/store/list/スーパーマーケット/マックスバリュ/九州地方/福岡県/マックスバリュエクスプレス西新店/",
                "osm_type": "node",
                "osm_id": 12716861616,
                "tag": "shop=supermarket"
            }
        },
        {
            "type": "Feature",
            "geometry": {
                "type": "Point",
                "coordinates": [
                    130.3505376,
                    33.5811973
                ]
            },
            "properties": {
                "check_date": "2025-04-04",
                "name": "下司商店",
                "name:en": "Shimoji Shoten",
                "organic": "only",
                "shop": "supermarket",
                "osm_type": "node",
                "osm_id": 12728292630,
                "tag": "shop=supermarket"
            }
        },
        {
            "type": "Feature",
            "geometry": {
                "type": "Point",
                "coordinates": [
                    130.3370485,
                    33.594408
                ]
            },
            "properties": {
                "branch": "愛宕店",
                "check_date": "2025-04-08",
                "name": "マルキョウ",
                "shop": "supermarket",
                "osm_type": "node",
                "osm_id": 12738686755,
                "tag": "shop=supermarket"
            }
        },
        {
            "type": "Feature",
            "geometry": {
                "type": "Point",
                "coordinates": [
                    130.3081633,
                    33.2221389
                ]
            },
            "properties": {
                "amenity": "pharmacy",
                "brand": "イオン",
                "brand:en": "AEON",
                "brand:ja": "イオン",
                "brand:wikidata": "Q11285951",
                "name": "イオン",
                "name:en": "AEON",
                "name:ja": "イオン",
                "opening_hours": "Mo-Su 09:00-22:00",
                "payment:app": "yes",
                "payment:apple_pay": "yes",
                "payment:cash": "yes",
                "payment:contactless": "yes",
                "payment:credit_cards": "yes",
                "payment:google_pay": "yes",
                "shop": "supermarket",
                "toilets": "yes",
                "osm_type": "node",
                "osm_id": 12739323051,
                "tag": "shop=supermarket"
            }
        },
        {
            "type": "Feature",
            "geometry": {
                "type": "Point",
                "coordinates": [
                    130.4124271,
                    33.1581303
                ]
            },
            "properties": {
                "name": "Cosmos",
                "opening_hours": "Mo-Su 10:00-21:00",
                "shop": "supermarket",
                "osm_type": "node",
                "osm_id": 12743374192,
                "tag": "shop=supermarket"
            }
        },
        {
            "type": "Feature",
            "geometry": {
                "type": "Point",
                "coordinates": [
                    130.4153206,
                    33.165065
                ]
            },
            "properties": {
                "name": "Seria",
                "shop": "supermarket",
                "osm_type": "node",
                "osm_id": 12743430828,
                "tag": "shop=supermarket"
            }
        },
        {
            "type": "Feature",
            "geometry": {
                "type": "Point",
                "coordinates": [
                    130.4105216,
                    33.1583082
                ]
            },
            "properties": {
                "name": "Direx",
                "shop": "supermarket",
                "osm_type": "node",
                "osm_id": 12743462676,
                "tag": "shop=supermarket"
            }
        },
        {
            "type": "Feature",
            "geometry": {
                "type": "Point",
                "coordinates": [
                    130.4144688,
                    33.1656576
                ]
            },
            "properties": {
                "name": "Reganet",
                "shop": "supermarket",
                "osm_type": "node",
                "osm_id": 12743533277,
                "tag": "shop=supermarket"
            }
        },
        {
            "type": "Feature",
            "geometry": {
                "type": "Point",
                "coordinates": [
                    130.4045545,
                    33.1512302
                ]
            },
            "properties": {
                "name": "マルマツ",
                "shop": "supermarket",
                "osm_type": "node",
                "osm_id": 12743536117,
                "tag": "shop=supermarket"
            }
        },
        {
            "type": "Feature",
            "geometry": {
                "type": "Point",
                "coordinates": [
                    130.4170659,
                    33.1639776
                ]
            },
            "properties": {
                "name": "Daiso",
                "shop": "supermarket",
                "osm_type": "node",
                "osm_id": 12743558069,
                "tag": "shop=supermarket"
            }
        },
        {
            "type": "Feature",
            "geometry": {
                "type": "Point",
                "coordinates": [
                    130.3969697,
                    33.5804312
                ]
            },
            "properties": {
                "addr:block_number": "1",
                "addr:city": "福岡市",
                "addr:housenumber": "27",
                "addr:neighbourhood": "薬院4丁目",
                "addr:province": "福岡県",
                "addr:room": "101",
                "addr:suburb": "中央区",
                "brand": "E Mart Food Market",
                "name": "Yakuin Value",
                "name:ja": "薬院バリュー",
                "phone": "+81-92-533-3770",
                "shop": "supermarket",
                "website": "https://yakuinvalue.com/",
                "osm_type": "node",
                "osm_id": 12751707414,
                "tag": "shop=supermarket"
            }
        },
        {
            "type": "Feature",
            "geometry": {
                "type": "Point",
                "coordinates": [
                    130.4176281,
                    33.6029421
                ]
            },
            "properties": {
                "addr:floor": "0",
                "check_date": "2025-04-18",
                "description": "ハラル認証店です",
                "name": "デイリーバザール",
                "shop": "supermarket",
                "osm_type": "node",
                "osm_id": 12765457442,
                "tag": "shop=supermarket"
            }
        },
        {
            "type": "Feature",
            "geometry": {
                "type": "Point",
                "coordinates": [
                    130.4217796,
                    33.5885635
                ]
            },
            "properties": {
                "brand": "ロピア",
                "brand:en": "Lopia",
                "brand:ja": "ロピア",
                "brand:wikidata": "Q11350624",
                "check_date": "2025-04-20",
                "level": "3",
                "name": "ロピア",
                "name:en": "Lopia",
                "name:ja": "ロピア",
                "shop": "supermarket",
                "osm_type": "node",
                "osm_id": 12770403990,
                "tag": "shop=supermarket"
            }
        },
        {
            "type": "Feature",
            "geometry": {
                "type": "Point",
                "coordinates": [
                    130.4191332,
                    33.5890356
                ]
            },
            "properties": {
                "name": "ボンラパス タンブル",
                "shop": "supermarket",
                "osm_type": "node",
                "osm_id": 12790919791,
                "tag": "shop=supermarket"
            }
        },
        {
            "type": "Feature",
            "geometry": {
                "type": "Point",
                "coordinates": [
                    130.2590158,
                    33.5776763
                ]
            },
            "properties": {
                "brand": "イオン",
                "brand:en": "AEON",
                "brand:ja": "イオン",
                "brand:wikidata": "Q11285951",
                "level": "0",
                "name": "イオン",
                "name:en": "AEON",
                "name:ja": "イオン",
                "shop": "supermarket",
                "osm_type": "node",
                "osm_id": 12793810700,
                "tag": "shop=supermarket"
            }
        },
        {
            "type": "Feature",
            "geometry": {
                "type": "Point",
                "coordinates": [
                    130.3555229,
                    33.569713
                ]
            },
            "properties": {
                "check_date": "2025-05-22",
                "name": "SUNNY",
                "shop": "supermarket",
                "osm_type": "node",
                "osm_id": 12855104006,
                "tag": "shop=supermarket"
            }
        },
        {
            "type": "Feature",
            "geometry": {
                "type": "Point",
                "coordinates": [
                    130.3664565,
                    33.5878947
                ]
            },
            "properties": {
                "brand": "トライアル",
                "brand:en": "Trial",
                "brand:ja": "トライアル",
                "brand:wikidata": "Q11321723",
                "check_date": "2025-05-22",
                "name": "トライアルGO",
                "name:en": "Trial",
                "name:ja": "トライアル",
                "shop": "supermarket",
                "osm_type": "node",
                "osm_id": 12855139077,
                "tag": "shop=supermarket"
            }
        },
        {
            "type": "Feature",
            "geometry": {
                "type": "Point",
                "coordinates": [
                    130.6676878,
                    33.4161883
                ]
            },
            "properties": {
                "branch": "来春店",
                "name": "マルショク",
                "opening_hours": "Mo-Su 09:00-22:00",
                "shop": "supermarket",
                "website": "https://www.sunlive.co.jp/shop/%e3%83%9e%e3%83%ab%e3%82%b7%e3%83%a7%e3%82%af%e6%9d%a5%e6%98%a5%e5%ba%97/",
                "osm_type": "node",
                "osm_id": 12862232510,
                "tag": "shop=supermarket"
            }
        },
        {
            "type": "Feature",
            "geometry": {
                "type": "Point",
                "coordinates": [
                    130.9246955,
                    33.9663643
                ]
            },
            "properties": {
                "name": "ローソン",
                "shop": "supermarket",
                "osm_type": "node",
                "osm_id": 12919501779,
                "tag": "shop=supermarket"
            }
        },
        {
            "type": "Feature",
            "geometry": {
                "type": "Point",
                "coordinates": [
                    130.9217037,
                    33.9566825
                ]
            },
            "properties": {
                "name": "ローソン",
                "shop": "supermarket",
                "osm_type": "node",
                "osm_id": 12919548570,
                "tag": "shop=supermarket"
            }
        },
        {
            "type": "Feature",
            "geometry": {
                "type": "Point",
                "coordinates": [
                    130.3519259,
                    33.5538004
                ]
            },
            "properties": {
                "branch": "干隈店",
                "brand": "マックスバリュ",
                "brand:en": "MaxValu",
                "brand:ja": "マックスバリュ",
                "brand:wikidata": "Q11340427",
                "name": "マックスバリュエクスプレス",
                "name:en": "MaxValu",
                "name:ja": "マックスバリュ",
                "name:ja_rm": "Makkusubaryu",
                "note": "マックスバリュエクスプレスとして営業しているためタグ修正不要",
                "opening_hours": "Mo-Su 09:00-22:00",
                "shop": "supermarket",
                "source": "Survey",
                "osm_type": "node",
                "osm_id": 12972316530,
                "tag": "shop=supermarket"
            }
        },
        {
            "type": "Feature",
            "geometry": {
                "type": "Point",
                "coordinates": [
                    130.3606689,
                    33.5583188
                ]
            },
            "properties": {
                "name": "Sunny",
                "shop": "supermarket",
                "osm_type": "node",
                "osm_id": 12981426641,
                "tag": "shop=supermarket"
            }
        },
        {
            "type": "Feature",
            "geometry": {
                "type": "Point",
                "coordinates": [
                    130.3150445,
                    33.5680576
                ]
            },
            "properties": {
                "name": "業務スーパー",
                "shop": "supermarket",
                "osm_type": "node",
                "osm_id": 12981846183,
                "tag": "shop=supermarket"
            }
        },
        {
            "type": "Feature",
            "geometry": {
                "type": "Point",
                "coordinates": [
                    130.0218771,
                    33.3471842
                ]
            },
            "properties": {
                "branch": "相知店",
                "brand": "まいづるナイン",
                "name": "まいづるナイン",
                "operator": "まいづる百貨店",
                "operator:wikidata": "Q11278125",
                "shop": "supermarket",
                "osm_type": "node",
                "osm_id": 12992801006,
                "tag": "shop=supermarket"
            }
        },
        {
            "type": "Feature",
            "geometry": {
                "type": "Point",
                "coordinates": [
                    130.4188943,
                    33.5416484
                ]
            },
            "properties": {
                "branch": "野多目店",
                "name": "ダイキョーバリュー",
                "shop": "supermarket",
                "osm_type": "node",
                "osm_id": 12998249768,
                "tag": "shop=supermarket"
            }
        },
        {
            "type": "Feature",
            "geometry": {
                "type": "Point",
                "coordinates": [
                    130.341698,
                    33.580612
                ]
            },
            "properties": {
                "brand": "マックスバリュ",
                "brand:en": "MaxValu",
                "brand:ja": "マックスバリュ",
                "brand:wikidata": "Q11340427",
                "name": "マックスバリュ",
                "name:en": "MaxValu",
                "name:ja": "マックスバリュ",
                "shop": "supermarket",
                "osm_type": "node",
                "osm_id": 13013694088,
                "tag": "shop=supermarket"
            }
        },
        {
            "type": "Feature",
            "geometry": {
                "type": "Point",
                "coordinates": [
                    130.87781,
                    33.8724247
                ]
            },
            "properties": {
                "brand": "マックスバリュ",
                "brand:en": "MaxValu",
                "brand:ja": "マックスバリュ",
                "brand:wikidata": "Q11340427",
                "name": "マックスバリュ",
                "name:en": "MaxValu",
                "name:ja": "マックスバリュ",
                "shop": "supermarket",
                "osm_type": "node",
                "osm_id": 13018959409,
                "tag": "shop=supermarket"
            }
        },
        {
            "type": "Feature",
            "geometry": {
                "type": "Point",
                "coordinates": [
                    130.4059174,
                    33.5939339
                ]
            },
            "properties": {
                "level": "-1",
                "name": "Foodway",
                "shop": "supermarket",
                "osm_type": "node",
                "osm_id": 13055714743,
                "tag": "shop=supermarket"
            }
        },
        {
            "type": "Feature",
            "geometry": {
                "type": "Point",
                "coordinates": [
                    130.8972391,
                    33.8692001
                ]
            },
            "properties": {
                "name": "ハローデイ",
                "shop": "supermarket",
                "osm_type": "node",
                "osm_id": 13058077411,
                "tag": "shop=supermarket"
            }
        },
        {
            "type": "Feature",
            "geometry": {
                "type": "Point",
                "coordinates": [
                    130.3253959,
                    33.5866979
                ]
            },
            "properties": {
                "name": "西鉄ストア",
                "shop": "supermarket",
                "osm_type": "node",
                "osm_id": 13060994542,
                "tag": "shop=supermarket"
            }
        },
        {
            "type": "Feature",
            "geometry": {
                "type": "Point",
                "coordinates": [
                    130.955236,
                    33.2818512
                ]
            },
            "properties": {
                "opening_hours": "Mo-Su 08:00-18:00",
                "shop": "supermarket",
                "osm_type": "node",
                "osm_id": 13166681109,
                "tag": "shop=supermarket"
            }
        },
        {
            "type": "Feature",
            "geometry": {
                "type": "Point",
                "coordinates": [
                    130.7487644,
                    33.769531
                ]
            },
            "properties": {
                "brand": "イオン",
                "brand:en": "AEON",
                "brand:ja": "イオン",
                "brand:wikidata": "Q11285951",
                "level": "1;0",
                "name": "イオン",
                "name:en": "AEON",
                "name:ja": "イオン",
                "shop": "supermarket",
                "osm_type": "node",
                "osm_id": 13247697791,
                "tag": "shop=supermarket"
            }
        },
        {
            "type": "Feature",
            "geometry": {
                "type": "Point",
                "coordinates": [
                    130.909103,
                    33.3259061
                ]
            },
            "properties": {
                "shop": "supermarket",
                "osm_type": "node",
                "osm_id": 13266799893,
                "tag": "shop=supermarket"
            }
        },
        {
            "type": "Feature",
            "geometry": {
                "type": "Point",
                "coordinates": [
                    130.3856244,
                    33.5913521
                ]
            },
            "properties": {
                "branch": "大手門店",
                "check_date": "2026-01-15",
                "name": "生鮮市場",
                "shop": "supermarket",
                "osm_type": "node",
                "osm_id": 13457547161,
                "tag": "shop=supermarket"
            }
        },
        {
            "type": "Feature",
            "geometry": {
                "type": "Point",
                "coordinates": [
                    130.4060286,
                    33.5953001
                ]
            },
            "properties": {
                "addr:city": "Hakata Riverain Mall 1F, 3-1 Shimokawabatamachi, Hakata-ku, Fukuoka 812-0027, Japan",
                "addr:postcode": "812-0027",
                "addr:province": "Fukuoka",
                "name": "Kakuuchi Nagano Saketen　Hakata Riverain Branch",
                "opening_hours": "12時00分～21時00分",
                "phone": "080-7367-6651",
                "shop": "supermarket",
                "osm_type": "node",
                "osm_id": 13595558242,
                "tag": "shop=supermarket"
            }
        },
        {
            "type": "Feature",
            "geometry": {
                "type": "Point",
                "coordinates": [
                    130.3424981,
                    33.5707235
                ]
            },
            "properties": {
                "branch": "原団地店",
                "check_date": "2026-03-04",
                "name": "SUNNY",
                "opening_hours": "05:00-01:00",
                "shop": "supermarket",
                "osm_type": "node",
                "osm_id": 13617225449,
                "tag": "shop=supermarket"
            }
        },
        {
            "type": "Feature",
            "geometry": {
                "type": "Point",
                "coordinates": [
                    130.4742984,
                    33.6422243
                ]
            },
            "properties": {
                "name": "ダイレックス名子店",
                "shop": "supermarket",
                "osm_type": "node",
                "osm_id": 13650029451,
                "tag": "shop=supermarket"
            }
        },
        {
            "type": "Feature",
            "geometry": {
                "type": "Point",
                "coordinates": [
                    130.2754739,
                    33.2527659
                ]
            },
            "properties": {
                "addr:housenumber": "佐賀市新栄東１丁目８−２8",
                "addr:postcode": "〒840-0850",
                "addr:street": "環状西通り",
                "name": "ラ・ムー 佐賀新栄店",
                "opening_hours": "24/7",
                "shop": "supermarket",
                "osm_type": "node",
                "osm_id": 13651734001,
                "tag": "shop=supermarket"
            }
        },
        {
            "type": "Feature",
            "geometry": {
                "type": "Point",
                "coordinates": [
                    130.2766261,
                    33.2493216
                ]
            },
            "properties": {
                "addr:housenumber": "佐賀市新栄東１丁目１−１",
                "addr:postcode": "〒840-0850",
                "name": "ダイレックス八戸店",
                "opening_hours": "Mo-Su 09:00-22:00",
                "shop": "supermarket",
                "osm_type": "node",
                "osm_id": 13651877501,
                "tag": "shop=supermarket"
            }
        },
        {
            "type": "Feature",
            "geometry": {
                "type": "Point",
                "coordinates": [
                    130.2076796,
                    33.2875282
                ]
            },
            "properties": {
                "addr:housenumber": "三日月町久米1295番地2",
                "addr:postcode": "〒845-0022",
                "addr:street": "国道203号",
                "name": "ザ・ビッグ三日月店",
                "opening_hours": "Mo-Su 09:00-23:00",
                "phone": "0952711100",
                "shop": "supermarket",
                "osm_type": "node",
                "osm_id": 13653655302,
                "tag": "shop=supermarket"
            }
        },
        {
            "type": "Feature",
            "geometry": {
                "type": "Point",
                "coordinates": [
                    130.5031635,
                    33.2951525
                ]
            },
            "properties": {
                "check_date": "2026-03-23",
                "name": "モリナガ",
                "shop": "supermarket",
                "osm_type": "node",
                "osm_id": 13671346753,
                "tag": "shop=supermarket"
            }
        },
        {
            "type": "Feature",
            "geometry": {
                "type": "Point",
                "coordinates": [
                    130.3436022,
                    33.5576621
                ]
            },
            "properties": {
                "name": "サニー 星の原店",
                "shop": "supermarket",
                "osm_type": "node",
                "osm_id": 13674289359,
                "tag": "shop=supermarket"
            }
        },
        {
            "type": "Feature",
            "geometry": {
                "type": "Point",
                "coordinates": [
                    130.3468765,
                    33.5760346
                ]
            },
            "properties": {
                "brand": "マックスバリュ",
                "brand:en": "MaxValu",
                "brand:ja": "マックスバリュ",
                "brand:wikidata": "Q11340427",
                "check_date": "2026-03-28",
                "name": "マックスバリュ",
                "name:en": "MaxValu",
                "name:ja": "マックスバリュ",
                "opening_hours": "Mo-Su 07:00-24:00",
                "shop": "supermarket",
                "osm_type": "node",
                "osm_id": 13686074763,
                "tag": "shop=supermarket"
            }
        },
        {
            "type": "Feature",
            "geometry": {
                "type": "Point",
                "coordinates": [
                    130.3837137,
                    33.5925025
                ]
            },
            "properties": {
                "brand": "ロピア",
                "brand:en": "Lopia",
                "brand:ja": "ロピア",
                "brand:wikidata": "Q11350624",
                "name": "ロピア",
                "name:en": "Lopia",
                "name:ja": "ロピア",
                "shop": "supermarket",
                "osm_type": "node",
                "osm_id": 13714513510,
                "tag": "shop=supermarket"
            }
        },
        {
            "type": "Feature",
            "geometry": {
                "type": "Point",
                "coordinates": [
                    130.4104166,
                    33.5267368
                ]
            },
            "properties": {
                "shop": "supermarket",
                "osm_type": "node",
                "osm_id": 13719993201,
                "tag": "shop=supermarket"
            }
        },
        {
            "type": "Feature",
            "geometry": {
                "type": "Point",
                "coordinates": [
                    130.2799279,
                    33.2625232
                ]
            },
            "properties": {
                "addr:city": "佐賀市神園5-4-23",
                "addr:postcode": "8400806",
                "addr:province": "佐賀県",
                "name": "ベースキャンプ",
                "phone": "0952978686",
                "shop": "supermarket",
                "osm_type": "node",
                "osm_id": 13720016247,
                "tag": "shop=supermarket"
            }
        },
        {
            "type": "Feature",
            "geometry": {
                "type": "Point",
                "coordinates": [
                    130.2911461,
                    33.3100479
                ]
            },
            "properties": {
                "addr:city": "佐賀市大和町大字尼寺599番地2",
                "addr:postcode": "840-0201",
                "addr:province": "佐賀県",
                "name": "スーパーセンタートライアル 佐賀大和店",
                "opening_hours": "24時間営業",
                "phone": "0952208096",
                "shop": "supermarket",
                "osm_type": "node",
                "osm_id": 13720017353,
                "tag": "shop=supermarket"
            }
        },
        {
            "type": "Feature",
            "geometry": {
                "type": "Point",
                "coordinates": [
                    130.3790773,
                    33.5906385
                ]
            },
            "properties": {
                "check_date": "2026-05-11",
                "name": "いちのせストア",
                "shop": "supermarket",
                "osm_type": "node",
                "osm_id": 13817656708,
                "tag": "shop=supermarket"
            }
        },
        {
            "type": "Feature",
            "geometry": {
                "type": "Point",
                "coordinates": [
                    130.3375879,
                    33.5713817
                ]
            },
            "properties": {
                "name": "クック・チャム",
                "shop": "supermarket",
                "osm_type": "node",
                "osm_id": 13823938201,
                "tag": "shop=supermarket"
            }
        },
        {
            "type": "Feature",
            "geometry": {
                "type": "Point",
                "coordinates": [
                    130.4481997,
                    33.6254822
                ]
            },
            "properties": {
                "brand": "トライアル",
                "brand:en": "Trial",
                "brand:ja": "トライアル",
                "brand:wikidata": "Q11321723",
                "name": "トライアルGO!",
                "name:en": "Trial",
                "name:ja": "トライアル",
                "shop": "supermarket",
                "osm_type": "node",
                "osm_id": 13833177371,
                "tag": "shop=supermarket"
            }
        },
        {
            "type": "Feature",
            "geometry": {
                "type": "Point",
                "coordinates": [
                    130.5097568,
                    33.7753211
                ]
            },
            "properties": {
                "building": "retail",
                "name": "El-Value",
                "shop": "supermarket",
                "osm_type": "way",
                "osm_id": 31718919,
                "tag": "shop=supermarket"
            }
        },
        {
            "type": "Feature",
            "geometry": {
                "type": "Point",
                "coordinates": [
                    130.5650533,
                    33.7904834
                ]
            },
            "properties": {
                "building": "retail",
                "name": "Hello Days",
                "shop": "supermarket",
                "osm_type": "way",
                "osm_id": 32078570,
                "tag": "shop=supermarket"
            }
        },
        {
            "type": "Feature",
            "geometry": {
                "type": "Point",
                "coordinates": [
                    130.4912154,
                    33.7696213
                ]
            },
            "properties": {
                "branch": "福間店",
                "building": "retail",
                "name": "ディスカウントドラッグコスモス",
                "name:en": "Cosmos",
                "shop": "supermarket",
                "osm_type": "way",
                "osm_id": 32254964,
                "tag": "shop=supermarket"
            }
        },
        {
            "type": "Feature",
            "geometry": {
                "type": "Point",
                "coordinates": [
                    130.482849,
                    33.7702464
                ]
            },
            "properties": {
                "branch": "レガネット福津",
                "building": "retail",
                "name": "にしてつストア",
                "name:en": "Nishitetsu Store",
                "shop": "supermarket",
                "source": "survey",
                "osm_type": "way",
                "osm_id": 45367790,
                "tag": "shop=supermarket"
            }
        },
        {
            "type": "Feature",
            "geometry": {
                "type": "Point",
                "coordinates": [
                    130.5280399,
                    33.5131902
                ]
            },
            "properties": {
                "building": "yes",
                "name": "JOINT新鮮館 太宰府店",
                "shop": "supermarket",
                "source": "Bing, 2006-04",
                "osm_type": "way",
                "osm_id": 138380479,
                "tag": "shop=supermarket"
            }
        },
        {
            "type": "Feature",
            "geometry": {
                "type": "Point",
                "coordinates": [
                    130.5324152,
                    33.5184578
                ]
            },
            "properties": {
                "building": "yes",
                "name": "有岡食料品店",
                "shop": "supermarket",
                "source": "Bing, 2006-04",
                "osm_type": "way",
                "osm_id": 138522337,
                "tag": "shop=supermarket"
            }
        },
        {
            "type": "Feature",
            "geometry": {
                "type": "Point",
                "coordinates": [
                    130.5623574,
                    33.3171656
                ]
            },
            "properties": {
                "branch": "久留米店",
                "name": "TRIAL",
                "name:en": "TRIAL Kurume",
                "phone": "+81 942 40 8811",
                "shop": "supermarket",
                "source": "bing",
                "source:name": "knowledge",
                "osm_type": "way",
                "osm_id": 141914141,
                "tag": "shop=supermarket"
            }
        },
        {
            "type": "Feature",
            "geometry": {
                "type": "Point",
                "coordinates": [
                    130.44938,
                    33.6956529
                ]
            },
            "properties": {
                "building": "retail",
                "name": "メガセンタートライアル 新宮店",
                "name:en": "TRIAL",
                "phone": "092-940-6660",
                "shop": "supermarket",
                "source": "bing",
                "source:name": "knowledge",
                "osm_type": "way",
                "osm_id": 141914476,
                "tag": "shop=supermarket"
            }
        },
        {
            "type": "Feature",
            "geometry": {
                "type": "Point",
                "coordinates": [
                    130.4665236,
                    33.7344998
                ]
            },
            "properties": {
                "building": "yes",
                "building:levels": "4",
                "name": "サンリブ",
                "shop": "supermarket",
                "source": "bing",
                "osm_type": "way",
                "osm_id": 170844794,
                "tag": "shop=supermarket"
            }
        },
        {
            "type": "Feature",
            "geometry": {
                "type": "Point",
                "coordinates": [
                    130.5003612,
                    33.5036564
                ]
            },
            "properties": {
                "building": "yes",
                "name": "ルミエール 太宰府店",
                "shop": "supermarket",
                "source": "bing",
                "osm_type": "way",
                "osm_id": 171516319,
                "tag": "shop=supermarket"
            }
        },
        {
            "type": "Feature",
            "geometry": {
                "type": "Point",
                "coordinates": [
                    130.5241041,
                    33.5099521
                ]
            },
            "properties": {
                "building": "retail",
                "name": "Reganet 太宰府店",
                "shop": "supermarket",
                "source": "bing",
                "osm_type": "way",
                "osm_id": 171847616,
                "tag": "shop=supermarket"
            }
        },
        {
            "type": "Feature",
            "geometry": {
                "type": "Point",
                "coordinates": [
                    130.5381715,
                    33.4424773
                ]
            },
            "properties": {
                "building": "retail",
                "name": "ミスターマックス",
                "name:en": "Mr.Max.",
                "shop": "supermarket",
                "source": "bing",
                "osm_type": "way",
                "osm_id": 175175266,
                "tag": "shop=supermarket"
            }
        },
        {
            "type": "Feature",
            "geometry": {
                "type": "Point",
                "coordinates": [
                    130.2983552,
                    33.2637416
                ]
            },
            "properties": {
                "building": "retail",
                "building:levels": "2",
                "name": "コムボックス佐賀駅前",
                "shop": "supermarket",
                "source": "GSImaps/ortho",
                "wikidata": "Q97276098",
                "wikipedia": "ja:コムボックス佐賀駅前",
                "osm_type": "way",
                "osm_id": 176413656,
                "tag": "shop=supermarket"
            }
        },
        {
            "type": "Feature",
            "geometry": {
                "type": "Point",
                "coordinates": [
                    130.4820323,
                    33.5286042
                ]
            },
            "properties": {
                "building": "retail",
                "building:levels": "4",
                "name": "サニー白木原店",
                "name:en": "sunny",
                "shop": "supermarket",
                "osm_type": "way",
                "osm_id": 177154866,
                "tag": "shop=supermarket"
            }
        },
        {
            "type": "Feature",
            "geometry": {
                "type": "Point",
                "coordinates": [
                    130.4293827,
                    33.5573276
                ]
            },
            "properties": {
                "shop": "supermarket",
                "osm_type": "way",
                "osm_id": 177837967,
                "tag": "shop=supermarket"
            }
        },
        {
            "type": "Feature",
            "geometry": {
                "type": "Point",
                "coordinates": [
                    130.4799284,
                    33.5371407
                ]
            },
            "properties": {
                "building": "yes",
                "name": "MrMAX 大野城店",
                "shop": "supermarket",
                "osm_type": "way",
                "osm_id": 178638716,
                "tag": "shop=supermarket"
            }
        },
        {
            "type": "Feature",
            "geometry": {
                "type": "Point",
                "coordinates": [
                    130.4408493,
                    33.7011054
                ]
            },
            "properties": {
                "building": "retail",
                "name": "ハローデイ　新宮店",
                "phone": "092-941-5666",
                "shop": "supermarket",
                "source": "bing,2011",
                "osm_type": "way",
                "osm_id": 179087683,
                "tag": "shop=supermarket"
            }
        },
        {
            "type": "Feature",
            "geometry": {
                "type": "Point",
                "coordinates": [
                    130.416654,
                    33.616426
                ]
            },
            "properties": {
                "building": "retail",
                "building:levels": "3",
                "ele": "2.3",
                "fax": "092-645-1235",
                "height": "19.6",
                "name": "マックスバリュ 筥崎宮前店",
                "name:en": "MaxValu Hakozakigu Shop",
                "phone": "092-645-1239",
                "shop": "supermarket",
                "source": "MLIT_PLATEAU bldg_8d95ca6a-b375-4fcf-99f2-5d7de2b24699",
                "start_date": "2013",
                "osm_type": "way",
                "osm_id": 179641828,
                "tag": "shop=supermarket"
            }
        },
        {
            "type": "Feature",
            "geometry": {
                "type": "Point",
                "coordinates": [
                    130.5531313,
                    33.3210899
                ]
            },
            "properties": {
                "building": "retail",
                "name": "ダイソー 久留米東合川店",
                "name:en": "DAISO",
                "phone": "0942-40-8211",
                "shop": "supermarket",
                "source": "bing,2009 with offset",
                "osm_type": "way",
                "osm_id": 180137534,
                "tag": "shop=supermarket"
            }
        },
        {
            "type": "Feature",
            "geometry": {
                "type": "Point",
                "coordinates": [
                    130.5523414,
                    33.3209723
                ]
            },
            "properties": {
                "building": "retail",
                "name": "明治屋ジャンボ市",
                "name:en": "Meijiya",
                "shop": "supermarket",
                "source": "bing,2009 with offset",
                "osm_type": "way",
                "osm_id": 180137535,
                "tag": "shop=supermarket"
            }
        },
        {
            "type": "Feature",
            "geometry": {
                "type": "Point",
                "coordinates": [
                    130.4270485,
                    33.6161392
                ]
            },
            "properties": {
                "building": "retail",
                "name": "西鉄ストア レガネット　筥松店",
                "shop": "supermarket",
                "source": "image,2014-03,Bing,2012-10-23;GSI/KIBAN",
                "wheelchair": "limited",
                "osm_type": "way",
                "osm_id": 180483616,
                "tag": "shop=supermarket"
            }
        },
        {
            "type": "Feature",
            "geometry": {
                "type": "Point",
                "coordinates": [
                    130.5171037,
                    33.3223721
                ]
            },
            "properties": {
                "building": "retail",
                "name": "マックスバリュ 櫛原店",
                "name:en": "MaxValu Kushihara",
                "note": "MaxValueではない。",
                "phone": "0942-35-1210",
                "shop": "supermarket",
                "source": "bing",
                "source:name": "Recipt Paper",
                "osm_type": "way",
                "osm_id": 181594733,
                "tag": "shop=supermarket"
            }
        },
        {
            "type": "Feature",
            "geometry": {
                "type": "Point",
                "coordinates": [
                    130.3157377,
                    33.1928629
                ]
            },
            "properties": {
                "building": "retail",
                "int_name": "Shopping Center Rapport Kawasoe",
                "name": "ショッピングセンターラポール川副",
                "shop": "supermarket",
                "wheelchair": "yes",
                "osm_type": "way",
                "osm_id": 183799577,
                "tag": "shop=supermarket"
            }
        },
        {
            "type": "Feature",
            "geometry": {
                "type": "Point",
                "coordinates": [
                    130.3082123,
                    33.2226043
                ]
            },
            "properties": {
                "brand": "イオン",
                "brand:en": "AEON",
                "brand:ja": "イオン",
                "brand:wikidata": "Q11285951",
                "building": "supermarket",
                "int_name": "AEON Saga",
                "name": "イオン",
                "name:en": "AEON",
                "name:ja": "イオン",
                "shop": "supermarket",
                "toilets:wheelchair": "yes",
                "wheelchair": "yes",
                "osm_type": "way",
                "osm_id": 183959558,
                "tag": "shop=supermarket"
            }
        },
        {
            "type": "Feature",
            "geometry": {
                "type": "Point",
                "coordinates": [
                    130.4245088,
                    33.6926021
                ]
            },
            "properties": {
                "building": "retail",
                "building:levels": "1",
                "ele": "1.7",
                "height": "7.8",
                "name": "+TRIWEL 和白店",
                "name:en": "+TRIWEL Wajiro Shop",
                "phone": "092-605-6050",
                "shop": "supermarket",
                "source": "MLIT_PLATEAU bldg_7bf3a527-831a-42e5-b3cd-9e8835f92bcb",
                "wheelchair": "limited",
                "osm_type": "way",
                "osm_id": 196849484,
                "tag": "shop=supermarket"
            }
        },
        {
            "type": "Feature",
            "geometry": {
                "type": "Point",
                "coordinates": [
                    130.4398903,
                    33.6899592
                ]
            },
            "properties": {
                "building": "retail",
                "name": "ハイマート かどた",
                "shop": "supermarket",
                "wheelchair": "limited",
                "osm_type": "way",
                "osm_id": 205353823,
                "tag": "shop=supermarket"
            }
        },
        {
            "type": "Feature",
            "geometry": {
                "type": "Point",
                "coordinates": [
                    130.4439903,
                    33.5511777
                ]
            },
            "properties": {
                "addr:block_number": "1",
                "addr:city": "福岡市南区",
                "addr:housenumber": "32",
                "addr:neighbourhood": "4",
                "addr:postcode": "8111302",
                "addr:quarter": "井尻",
                "branch": "井尻駅前店",
                "building": "retail",
                "building:levels": "2",
                "ele": "13.8",
                "height": "11.7",
                "name": "マックスバリュエクスプレス",
                "opening_hours": "9:00-24:00",
                "phone": "092-501-4453",
                "shop": "supermarket",
                "source": "MLIT_PLATEAU bldg_6c12c23c-28b4-439b-bc09-7d682378700e",
                "osm_type": "way",
                "osm_id": 207894710,
                "tag": "shop=supermarket"
            }
        },
        {
            "type": "Feature",
            "geometry": {
                "type": "Point",
                "coordinates": [
                    130.4417009,
                    33.5669796
                ]
            },
            "properties": {
                "name": "コスモス",
                "shop": "supermarket",
                "osm_type": "way",
                "osm_id": 210509832,
                "tag": "shop=supermarket"
            }
        },
        {
            "type": "Feature",
            "geometry": {
                "type": "Point",
                "coordinates": [
                    130.457554,
                    33.5507843
                ]
            },
            "properties": {
                "brand": "業務スーパー",
                "brand:en": "Gyomu Super",
                "brand:ja": "業務スーパー",
                "brand:wikidata": "Q11590183",
                "brand:wikipedia": "ja:神戸物産",
                "building": "retail",
                "name": "業務スーパー",
                "name:en": "Gyōmu sūpā",
                "name:ja": "業務スーパー",
                "shop": "supermarket",
                "osm_type": "way",
                "osm_id": 210779823,
                "tag": "shop=supermarket"
            }
        },
        {
            "type": "Feature",
            "geometry": {
                "type": "Point",
                "coordinates": [
                    130.4563327,
                    33.5521005
                ]
            },
            "properties": {
                "building": "retail",
                "name": "ザ・ビッグ",
                "shop": "supermarket",
                "osm_type": "way",
                "osm_id": 210779825,
                "tag": "shop=supermarket"
            }
        },
        {
            "type": "Feature",
            "geometry": {
                "type": "Point",
                "coordinates": [
                    130.4172021,
                    33.6197066
                ]
            },
            "properties": {
                "shop": "supermarket",
                "osm_type": "way",
                "osm_id": 210794922,
                "tag": "shop=supermarket"
            }
        },
        {
            "type": "Feature",
            "geometry": {
                "type": "Point",
                "coordinates": [
                    130.4318371,
                    33.5691837
                ]
            },
            "properties": {
                "branch": "竹下店",
                "branch:en": "Takeshita",
                "building": "retail",
                "name": "にしてつストア",
                "name:en": "Nishitetsu Store",
                "phone": "092-472-6651",
                "shop": "supermarket",
                "osm_type": "way",
                "osm_id": 216711925,
                "tag": "shop=supermarket"
            }
        },
        {
            "type": "Feature",
            "geometry": {
                "type": "Point",
                "coordinates": [
                    130.371313,
                    33.5424065
                ]
            },
            "properties": {
                "branch": "南片江店",
                "branch:en": "Minami-Katae",
                "brand": "マックスバリュ",
                "brand:en": "Maxvalu Tokai",
                "brand:ja": "マックスバリュ",
                "brand:wikidata": "Q1960109",
                "brand:wikipedia": "en:MaxValu",
                "building": "retail",
                "building:levels": "1",
                "ele": "20.5",
                "height": "7.4",
                "name": "マックスバリュ",
                "name:en": "Maxvalu Tokai",
                "name:ja": "マックスバリュ",
                "phone": "092-861-5860",
                "shop": "supermarket",
                "source": "MLIT_PLATEAU bldg_d6c9d350-c7cc-46ba-a394-cedee6662afa",
                "osm_type": "way",
                "osm_id": 220272280,
                "tag": "shop=supermarket"
            }
        },
        {
            "type": "Feature",
            "geometry": {
                "type": "Point",
                "coordinates": [
                    130.4336401,
                    33.6913805
                ]
            },
            "properties": {
                "building": "retail",
                "building:levels": "1",
                "ele": "2.8",
                "height": "16.1",
                "name": "マルキョウ 和白店",
                "name:en": "Marukyo Wajiro Shop",
                "opening_hours": "Mo-Su 09:30-23:00",
                "phone": "092-606-1037",
                "shop": "supermarket",
                "source": "MLIT_PLATEAU bldg_4f4707b1-e9c8-404a-852f-dd204725da0f",
                "wheelchair": "limited",
                "osm_type": "way",
                "osm_id": 223451462,
                "tag": "shop=supermarket"
            }
        },
        {
            "type": "Feature",
            "geometry": {
                "type": "Point",
                "coordinates": [
                    130.4464487,
                    33.6978499
                ]
            },
            "properties": {
                "building": "retail",
                "building:levels": "1",
                "ele": "7.2",
                "height": "9.6",
                "name": "エフコープ 新宮店",
                "name:en": "F coop Shingu Shop",
                "phone": "092-606-0045",
                "shop": "supermarket",
                "source": "MLIT_PLATEAU bldg_da077be3-fdeb-40a9-897e-30c053d3134d",
                "start_date": "2009",
                "osm_type": "way",
                "osm_id": 223782612,
                "tag": "shop=supermarket"
            }
        },
        {
            "type": "Feature",
            "geometry": {
                "type": "Point",
                "coordinates": [
                    130.4456531,
                    33.5512608
                ]
            },
            "properties": {
                "building": "retail",
                "name": "マルキョウ 井尻店",
                "name:en": "Marukyo Ijiri Shop",
                "opening_hours": "Mo-Su 09:30-22:30",
                "phone": "092-572-2660",
                "shop": "supermarket",
                "osm_type": "way",
                "osm_id": 231224734,
                "tag": "shop=supermarket"
            }
        },
        {
            "type": "Feature",
            "geometry": {
                "type": "Point",
                "coordinates": [
                    130.575169,
                    33.7945887
                ]
            },
            "properties": {
                "building": "retail",
                "name": "サニー森林都市店",
                "shop": "supermarket",
                "osm_type": "way",
                "osm_id": 232874472,
                "tag": "shop=supermarket"
            }
        },
        {
            "type": "Feature",
            "geometry": {
                "type": "Point",
                "coordinates": [
                    130.6078503,
                    33.3247379
                ]
            },
            "properties": {
                "building": "retail",
                "name": "サニー 善導寺店",
                "name:en": "Sunny Zendoji Shop",
                "phone": "0942-47-3032",
                "shop": "supermarket",
                "osm_type": "way",
                "osm_id": 238813324,
                "tag": "shop=supermarket"
            }
        },
        {
            "type": "Feature",
            "geometry": {
                "type": "Point",
                "coordinates": [
                    130.4135888,
                    33.5605531
                ]
            },
            "properties": {
                "addr:city": "福岡県福岡市南区野間3-10-30",
                "addr:postcode": "815-0041",
                "addr:street": "大池通り",
                "atm": "yes",
                "branch": "野間店",
                "building": "retail",
                "building:levels": "2",
                "ele": "8.7",
                "height": "10.2",
                "name": "サニー",
                "name:en": "Sunny",
                "name:ja": "サニー",
                "opening_hours": "24/7",
                "shop": "supermarket",
                "source": "MLIT_PLATEAU bldg_14623729-7330-4c22-89fb-eef85640c90f",
                "osm_type": "way",
                "osm_id": 245932166,
                "tag": "shop=supermarket"
            }
        },
        {
            "type": "Feature",
            "geometry": {
                "type": "Point",
                "coordinates": [
                    130.7953691,
                    33.8729394
                ]
            },
            "properties": {
                "building": "retail",
                "name": "トライアル",
                "shop": "supermarket",
                "osm_type": "way",
                "osm_id": 264417767,
                "tag": "shop=supermarket"
            }
        },
        {
            "type": "Feature",
            "geometry": {
                "type": "Point",
                "coordinates": [
                    130.1868316,
                    33.5521062
                ]
            },
            "properties": {
                "branch": "ニュー前原店",
                "building": "retail",
                "name": "マルキョウ",
                "shop": "supermarket",
                "source": "image,2014-03,Bing;GSI/KIBAN",
                "osm_type": "way",
                "osm_id": 268275629,
                "tag": "shop=supermarket"
            }
        },
        {
            "type": "Feature",
            "geometry": {
                "type": "Point",
                "coordinates": [
                    130.2129958,
                    33.5615327
                ]
            },
            "properties": {
                "building": "retail",
                "name": "サニー 前原店",
                "name:en": "SUNNY Maebaru",
                "shop": "supermarket",
                "osm_type": "way",
                "osm_id": 268298300,
                "tag": "shop=supermarket"
            }
        },
        {
            "type": "Feature",
            "geometry": {
                "type": "Point",
                "coordinates": [
                    130.2108044,
                    33.5605652
                ]
            },
            "properties": {
                "brand": "マックスバリュ",
                "brand:en": "Maxvalu Tokai",
                "brand:ja": "マックスバリュ 前原店",
                "brand:wikidata": "Q1960109",
                "building": "retail",
                "name": "マックスバリュ 前原店",
                "name:en": "Maxvalu Tokai",
                "name:ja": "マックスバリュ",
                "name:ja_rm": "Makkusubaryu",
                "shop": "supermarket",
                "source": "image,2014-03,Bing;GSI/KIBAN",
                "osm_type": "way",
                "osm_id": 268298301,
                "tag": "shop=supermarket"
            }
        },
        {
            "type": "Feature",
            "geometry": {
                "type": "Point",
                "coordinates": [
                    130.4884629,
                    33.7636018
                ]
            },
            "properties": {
                "brand": "MaxValu",
                "building": "retail",
                "name": "マックスバリュ",
                "name:en": "MaxValu",
                "name:ja": "マックスバリュ",
                "name:ja_rm": "Makkusubaryu",
                "opening_hours": "24/7",
                "shop": "supermarket",
                "source": "image,2014-03,Bing,2012-10-23;GSI/KIBAN",
                "osm_type": "way",
                "osm_id": 270065989,
                "tag": "shop=supermarket"
            }
        },
        {
            "type": "Feature",
            "geometry": {
                "type": "Point",
                "coordinates": [
                    130.5612774,
                    33.4332298
                ]
            },
            "properties": {
                "building": "retail",
                "name": "にしてつストア レガネット美鈴の杜",
                "shop": "supermarket",
                "source": "image,2014-03;Bing;GSI/KIBAN",
                "osm_type": "way",
                "osm_id": 275117728,
                "tag": "shop=supermarket"
            }
        },
        {
            "type": "Feature",
            "geometry": {
                "type": "Point",
                "coordinates": [
                    130.455068,
                    33.6461406
                ]
            },
            "properties": {
                "building": "retail",
                "building:levels": "1",
                "ele": "18.7",
                "height": "12.1",
                "name": "サニー 舞松原店",
                "name:en": "Sunny Maimatsubara Shop",
                "opening_hours": "Mo-Su,PH 05:00-01:00",
                "phone": "092-691-4532",
                "shop": "supermarket",
                "source": "MLIT_PLATEAU bldg_c1ea22c8-f45a-4e25-8543-48a4022bd074",
                "osm_type": "way",
                "osm_id": 278313794,
                "tag": "shop=supermarket"
            }
        },
        {
            "type": "Feature",
            "geometry": {
                "type": "Point",
                "coordinates": [
                    130.4339364,
                    33.6462482
                ]
            },
            "properties": {
                "branch": "千早店",
                "brand": "マックスバリュ",
                "brand:en": "Maxvalu Tokai",
                "brand:ja": "マックスバリュ",
                "brand:wikidata": "Q1960109",
                "building": "retail",
                "building:levels": "1",
                "ele": "3.1",
                "height": "8.9",
                "name": "マックスバリュ",
                "name:en": "Maxvalu Tokai",
                "name:ja": "マックスバリュ",
                "opening_hours": "24/7",
                "phone": "092-663-8887",
                "shop": "supermarket",
                "source": "MLIT_PLATEAU bldg_9655cb00-64a4-448b-86b4-fe2a94c67254",
                "start_date": "2007",
                "osm_type": "way",
                "osm_id": 285752281,
                "tag": "shop=supermarket"
            }
        },
        {
            "type": "Feature",
            "geometry": {
                "type": "Point",
                "coordinates": [
                    130.428699,
                    33.6508684
                ]
            },
            "properties": {
                "addr:city": "福岡市東区",
                "addr:country": "JP",
                "addr:housenumber": "47-8",
                "addr:province": "福岡",
                "addr:street": "千早一丁目",
                "building": "retail",
                "name": "ドラッグストア　コスモス千早店",
                "shop": "supermarket",
                "osm_type": "way",
                "osm_id": 288837270,
                "tag": "shop=supermarket"
            }
        },
        {
            "type": "Feature",
            "geometry": {
                "type": "Point",
                "coordinates": [
                    130.5138161,
                    33.6215624
                ]
            },
            "properties": {
                "building": "retail",
                "fax": "092-931-5181",
                "name": "マックスバリュ 篠栗店",
                "name:en": "MaxValu Sasaguri Shop",
                "opening_hours": "24/7",
                "phone": "092-931-5177",
                "shop": "supermarket",
                "source": "bing,2011;recipt",
                "osm_type": "way",
                "osm_id": 301902651,
                "tag": "shop=supermarket"
            }
        },
        {
            "type": "Feature",
            "geometry": {
                "type": "Point",
                "coordinates": [
                    130.5256462,
                    33.4899263
                ]
            },
            "properties": {
                "addr:city": "福岡県筑紫野市",
                "addr:postcode": "8180057",
                "addr:street": "福岡日田線",
                "building": "retail",
                "name": "マルキョウ 二日市店",
                "shop": "supermarket",
                "website": "https://www.marukyo-web.co.jp/",
                "osm_type": "way",
                "osm_id": 306130775,
                "tag": "shop=supermarket"
            }
        },
        {
            "type": "Feature",
            "geometry": {
                "type": "Point",
                "coordinates": [
                    130.5186858,
                    33.5027075
                ]
            },
            "properties": {
                "addr:city": "福岡県筑紫野市二日市北",
                "addr:housenumber": "2丁目2-1",
                "addr:postcode": "8180056",
                "addr:street": "観世音寺二日市線",
                "branch": "二日市",
                "building": "retail",
                "name": "イオン 二日市",
                "opening_hours": "Mo-Su 08:00-09:00, 21:00-22:00",
                "phone": "0929241581",
                "shop": "supermarket",
                "osm_type": "way",
                "osm_id": 306132540,
                "tag": "shop=supermarket"
            }
        },
        {
            "type": "Feature",
            "geometry": {
                "type": "Point",
                "coordinates": [
                    130.4251948,
                    33.6496864
                ]
            },
            "properties": {
                "addr:city": "福岡市東区",
                "addr:country": "JP",
                "addr:housenumber": "8-1",
                "addr:postcode": "813-0045",
                "addr:province": "福岡",
                "building": "retail",
                "building:levels": "1",
                "ele": "3.4",
                "height": "6.7",
                "name": "業務スーパー 城浜団地店",
                "shop": "supermarket",
                "source": "MLIT_PLATEAU bldg_7e92fb70-e67e-4517-bebd-463da58ead6c",
                "start_date": "2020",
                "osm_type": "way",
                "osm_id": 308996186,
                "tag": "shop=supermarket"
            }
        },
        {
            "type": "Feature",
            "geometry": {
                "type": "Point",
                "coordinates": [
                    130.4607199,
                    33.6349571
                ]
            },
            "properties": {
                "addr:city": "福岡市東区",
                "addr:country": "JP",
                "addr:housenumber": "7-6",
                "addr:province": "福岡",
                "addr:street": "土井一丁目",
                "building": "retail",
                "building:levels": "1",
                "ele": "5.5",
                "height": "8.1",
                "name": "FOOD LABO サトー食鮮館 八田店",
                "name:en": "FOOD LABO Sato Syokusenkan Hatta Shop",
                "phone": "092-692-0077",
                "shop": "supermarket",
                "source": "MLIT_PLATEAU bldg_01c41b15-bbc7-42ee-bd6a-5fb1bc94b587",
                "osm_type": "way",
                "osm_id": 310530961,
                "tag": "shop=supermarket"
            }
        },
        {
            "type": "Feature",
            "geometry": {
                "type": "Point",
                "coordinates": [
                    130.3556325,
                    33.5885826
                ]
            },
            "properties": {
                "branch": "Momochi",
                "building": "retail",
                "building:levels": "2",
                "check_date": "2024-11-04",
                "ele": "2",
                "height": "10.5",
                "name": "ボンラパス 百道店",
                "name:en": "Bon Repas",
                "payment:cash": "yes",
                "payment:credit_cards": "yes",
                "payment:debit_cards": "yes",
                "payment:qr_code": "yes",
                "phone": "092-847-8500",
                "shop": "supermarket",
                "source": "MLIT_PLATEAU bldg_b1237f23-806d-4b70-ad65-edab3b2a2429",
                "wheelchair": "yes",
                "osm_type": "way",
                "osm_id": 312390804,
                "tag": "shop=supermarket"
            }
        },
        {
            "type": "Feature",
            "geometry": {
                "type": "Point",
                "coordinates": [
                    130.3299022,
                    33.5593044
                ]
            },
            "properties": {
                "building": "retail",
                "building:levels": "2",
                "ele": "6.6",
                "height": "9.4",
                "name": "西鉄ストア",
                "shop": "supermarket",
                "source": "MLIT_PLATEAU bldg_0c673de8-9b71-44ec-8bd3-7eef33b7d96e",
                "osm_type": "way",
                "osm_id": 326766038,
                "tag": "shop=supermarket"
            }
        },
        {
            "type": "Feature",
            "geometry": {
                "type": "Point",
                "coordinates": [
                    130.3471884,
                    33.54855
                ]
            },
            "properties": {
                "brand": "イオン",
                "brand:en": "AEON",
                "brand:ja": "イオン",
                "brand:wikidata": "Q11285951",
                "brand:wikipedia": "ja:イオン (店舗ブランド)",
                "building": "retail",
                "building:levels": "1",
                "ele": "16.2",
                "height": "13.4",
                "name": "イオン",
                "name:en": "AEON",
                "name:ja": "イオン",
                "shop": "supermarket",
                "source": "MLIT_PLATEAU bldg_a1a26b9c-9f48-4020-af78-ba0200d1f1bf",
                "osm_type": "way",
                "osm_id": 326766060,
                "tag": "shop=supermarket"
            }
        },
        {
            "type": "Feature",
            "geometry": {
                "type": "Point",
                "coordinates": [
                    130.1903428,
                    33.2942362
                ]
            },
            "properties": {
                "building": "retail",
                "name": "ダイレックス",
                "shop": "supermarket",
                "osm_type": "way",
                "osm_id": 333381848,
                "tag": "shop=supermarket"
            }
        },
        {
            "type": "Feature",
            "geometry": {
                "type": "Point",
                "coordinates": [
                    130.1886372,
                    33.2940149
                ]
            },
            "properties": {
                "amenity": "pharmacy",
                "building": "retail",
                "shop": "supermarket",
                "osm_type": "way",
                "osm_id": 333381849,
                "tag": "shop=supermarket"
            }
        },
        {
            "type": "Feature",
            "geometry": {
                "type": "Point",
                "coordinates": [
                    130.3755051,
                    33.5605525
                ]
            },
            "properties": {
                "brand": "マックスバリュ",
                "brand:en": "Maxvalu Tokai",
                "brand:ja": "マックスバリュ",
                "brand:wikidata": "Q1960109",
                "brand:wikipedia": "en:MaxValu",
                "building": "retail",
                "building:levels": "2",
                "ele": "7.4",
                "height": "10.9",
                "name": "マックスバリュ",
                "name:en": "Maxvalu Tokai",
                "name:ja": "マックスバリュ",
                "shop": "supermarket",
                "source": "MLIT_PLATEAU bldg_bcedf847-270e-4508-94f2-146dc9bf0fea",
                "osm_type": "way",
                "osm_id": 353530719,
                "tag": "shop=supermarket"
            }
        },
        {
            "type": "Feature",
            "geometry": {
                "type": "Point",
                "coordinates": [
                    130.4014474,
                    33.1486096
                ]
            },
            "properties": {
                "branch": "柳川店",
                "branch:en": "Yanagawa",
                "building": "retail",
                "name": "マルキョウ",
                "name:en": "MARUKYOU",
                "shop": "supermarket",
                "osm_type": "way",
                "osm_id": 366935685,
                "tag": "shop=supermarket"
            }
        },
        {
            "type": "Feature",
            "geometry": {
                "type": "Point",
                "coordinates": [
                    130.9052855,
                    34.0658999
                ]
            },
            "properties": {
                "brand": "業務スーパー",
                "brand:en": "Gyomu Super",
                "brand:ja": "業務スーパー",
                "brand:ja-Latn": "Gyōmu sūpā",
                "brand:wikidata": "Q11590183",
                "building": "retail",
                "building:levels": "1",
                "contact:website": "http://www.fujimoto-shouten.co.jp/sunny.html",
                "name": "業務スーパー",
                "name:en": "Gyomu Super",
                "name:ja": "業務スーパー",
                "name:ja-Latn": "Gyōmu sūpā",
                "shop": "supermarket",
                "source": "local knowledge",
                "source:geometry": "GSImaps/ort",
                "osm_type": "way",
                "osm_id": 388818262,
                "tag": "shop=supermarket"
            }
        },
        {
            "type": "Feature",
            "geometry": {
                "type": "Point",
                "coordinates": [
                    130.9148601,
                    34.0257481
                ]
            },
            "properties": {
                "building": "retail",
                "shop": "supermarket",
                "source": "local knowledge",
                "osm_type": "way",
                "osm_id": 388983632,
                "tag": "shop=supermarket"
            }
        },
        {
            "type": "Feature",
            "geometry": {
                "type": "Point",
                "coordinates": [
                    130.2726837,
                    33.2635721
                ]
            },
            "properties": {
                "building": "retail",
                "name": "マックスバリュー佐賀西店",
                "shop": "supermarket",
                "osm_type": "way",
                "osm_id": 401784588,
                "tag": "shop=supermarket"
            }
        },
        {
            "type": "Feature",
            "geometry": {
                "type": "Point",
                "coordinates": [
                    130.2916416,
                    33.2489883
                ]
            },
            "properties": {
                "air_conditioning": "yes",
                "building": "retail",
                "name": "ゆめマート佐賀",
                "name:en": "YouMe Mart",
                "name:zh": "you me超市",
                "opening_hours": "Mo-Su 09:00-23:00",
                "operator": "Izumi株式会社",
                "payment:cash": "yes",
                "payment:credit_cards": "yes",
                "payment:mastercard": "yes",
                "payment:visa": "yes",
                "shop": "supermarket",
                "osm_type": "way",
                "osm_id": 402358745,
                "tag": "shop=supermarket"
            }
        },
        {
            "type": "Feature",
            "geometry": {
                "type": "Point",
                "coordinates": [
                    130.3100357,
                    33.2625431
                ]
            },
            "properties": {
                "addr:block_number": "6",
                "addr:city": "佐賀市",
                "addr:housenumber": "231-1",
                "addr:neighbourhood": "6",
                "addr:quarter": "大財",
                "building": "retail",
                "name": "マルキョウ大財店",
                "shop": "supermarket",
                "source": "Bing",
                "osm_type": "way",
                "osm_id": 405822178,
                "tag": "shop=supermarket"
            }
        },
        {
            "type": "Feature",
            "geometry": {
                "type": "Point",
                "coordinates": [
                    130.9356199,
                    33.9792021
                ]
            },
            "properties": {
                "addr:city": "下関市",
                "addr:street": "県道248号下関港垢田線",
                "building": "retail",
                "name": "ゆめマート",
                "shop": "supermarket",
                "source": "survey",
                "osm_type": "way",
                "osm_id": 413517841,
                "tag": "shop=supermarket"
            }
        },
        {
            "type": "Feature",
            "geometry": {
                "type": "Point",
                "coordinates": [
                    130.9469477,
                    34.0069645
                ]
            },
            "properties": {
                "alt_name:en": "Co-op",
                "brand": "コープ",
                "brand:en": "CO・OP",
                "brand:ja": "コープ",
                "brand:wikidata": "Q11508615",
                "building": "retail",
                "name": "コープ",
                "name:en": "CO・OP",
                "name:ja": "コープ",
                "official_name": "日本生活協同組合連合会",
                "official_name:en": "Japanese Consumers' Co-operative Union",
                "shop": "supermarket",
                "source": "local knowledge",
                "source:geometry": "GSImaps/ort",
                "osm_type": "way",
                "osm_id": 437412965,
                "tag": "shop=supermarket"
            }
        },
        {
            "type": "Feature",
            "geometry": {
                "type": "Point",
                "coordinates": [
                    130.492658,
                    33.2101928
                ]
            },
            "properties": {
                "addr:city": "筑後",
                "building": "yes",
                "name": "コスモス",
                "shop": "supermarket",
                "osm_type": "way",
                "osm_id": 439358888,
                "tag": "shop=supermarket"
            }
        },
        {
            "type": "Feature",
            "geometry": {
                "type": "Point",
                "coordinates": [
                    130.0365885,
                    33.2061
                ]
            },
            "properties": {
                "building": "retail",
                "name": "マックスバリュ武雄店",
                "shop": "supermarket",
                "osm_type": "way",
                "osm_id": 454280504,
                "tag": "shop=supermarket"
            }
        },
        {
            "type": "Feature",
            "geometry": {
                "type": "Point",
                "coordinates": [
                    130.0249285,
                    33.1900493
                ]
            },
            "properties": {
                "building": "yes",
                "name": "ダイレックス武雄店",
                "shop": "supermarket",
                "osm_type": "way",
                "osm_id": 454406742,
                "tag": "shop=supermarket"
            }
        },
        {
            "type": "Feature",
            "geometry": {
                "type": "Point",
                "coordinates": [
                    130.0327145,
                    33.1965511
                ]
            },
            "properties": {
                "building": "retail",
                "name": "武雄温泉物産館",
                "shop": "supermarket",
                "osm_type": "way",
                "osm_id": 454775415,
                "tag": "shop=supermarket"
            }
        },
        {
            "type": "Feature",
            "geometry": {
                "type": "Point",
                "coordinates": [
                    130.0154328,
                    33.4379928
                ]
            },
            "properties": {
                "building": "yes",
                "name": "Aコープ　虹の松原店",
                "shop": "supermarket",
                "osm_type": "way",
                "osm_id": 466371715,
                "tag": "shop=supermarket"
            }
        },
        {
            "type": "Feature",
            "geometry": {
                "type": "Point",
                "coordinates": [
                    130.9479611,
                    33.9831842
                ]
            },
            "properties": {
                "building": "retail",
                "name": "ゆめマート",
                "shop": "supermarket",
                "osm_type": "way",
                "osm_id": 468741677,
                "tag": "shop=supermarket"
            }
        },
        {
            "type": "Feature",
            "geometry": {
                "type": "Point",
                "coordinates": [
                    130.3308853,
                    33.5715614
                ]
            },
            "properties": {
                "addr:block_number": "14",
                "addr:city": "福岡市",
                "addr:housenumber": "1",
                "addr:neighbourhood": "小田部七丁目",
                "addr:postcode": "814-0032",
                "addr:province": "福岡県",
                "addr:quarter": "小田部",
                "addr:suburb": "早良区",
                "branch": "小田部店",
                "building": "retail",
                "building:levels": "2",
                "ele": "3.6",
                "height": "12.9",
                "name": "マルキョウ",
                "opening_hours": "9:30-23:00",
                "shop": "supermarket",
                "source": "MLIT_PLATEAU bldg_b6bbf10d-b9a6-4d58-ac2d-bacfa972c9f1",
                "osm_type": "way",
                "osm_id": 479986068,
                "tag": "shop=supermarket"
            }
        },
        {
            "type": "Feature",
            "geometry": {
                "type": "Point",
                "coordinates": [
                    130.5257367,
                    33.4040769
                ]
            },
            "properties": {
                "building": "retail",
                "name": "あんくる夢市場",
                "shop": "supermarket",
                "osm_type": "way",
                "osm_id": 479986416,
                "tag": "shop=supermarket"
            }
        },
        {
            "type": "Feature",
            "geometry": {
                "type": "Point",
                "coordinates": [
                    130.495432,
                    33.3741388
                ]
            },
            "properties": {
                "building": "yes",
                "name": "ダイソー",
                "shop": "supermarket",
                "osm_type": "way",
                "osm_id": 480024411,
                "tag": "shop=supermarket"
            }
        },
        {
            "type": "Feature",
            "geometry": {
                "type": "Point",
                "coordinates": [
                    130.4922191,
                    33.373294
                ]
            },
            "properties": {
                "building": "yes",
                "name": "レッドキャベツ",
                "opening_hours": "09:00-22:00",
                "shop": "supermarket",
                "osm_type": "way",
                "osm_id": 480025491,
                "tag": "shop=supermarket"
            }
        },
        {
            "type": "Feature",
            "geometry": {
                "type": "Point",
                "coordinates": [
                    130.4822396,
                    33.3569738
                ]
            },
            "properties": {
                "building": "retail",
                "name": "マックスバリュ 鳥栖村田店",
                "shop": "supermarket",
                "osm_type": "way",
                "osm_id": 480584538,
                "tag": "shop=supermarket"
            }
        },
        {
            "type": "Feature",
            "geometry": {
                "type": "Point",
                "coordinates": [
                    130.9250141,
                    33.9986619
                ]
            },
            "properties": {
                "branch": "綾羅木店",
                "building": "yes",
                "name": "ハローデイ",
                "shop": "supermarket",
                "osm_type": "way",
                "osm_id": 483624725,
                "tag": "shop=supermarket"
            }
        },
        {
            "type": "Feature",
            "geometry": {
                "type": "Point",
                "coordinates": [
                    130.9292625,
                    33.988422
                ]
            },
            "properties": {
                "branch": "山の田店",
                "building": "yes",
                "name": "レッドキャベツ",
                "shop": "supermarket",
                "osm_type": "way",
                "osm_id": 483625943,
                "tag": "shop=supermarket"
            }
        },
        {
            "type": "Feature",
            "geometry": {
                "type": "Point",
                "coordinates": [
                    130.9388733,
                    33.9640682
                ]
            },
            "properties": {
                "building": "yes",
                "name": "レッドキャベツ 上田中店",
                "shop": "supermarket",
                "osm_type": "way",
                "osm_id": 483838362,
                "tag": "shop=supermarket"
            }
        },
        {
            "type": "Feature",
            "geometry": {
                "type": "Point",
                "coordinates": [
                    130.9186833,
                    33.9875556
                ]
            },
            "properties": {
                "building": "yes",
                "name": "マルショク 新垢田店",
                "shop": "supermarket",
                "osm_type": "way",
                "osm_id": 505005619,
                "tag": "shop=supermarket"
            }
        },
        {
            "type": "Feature",
            "geometry": {
                "type": "Point",
                "coordinates": [
                    130.9021498,
                    33.323737
                ]
            },
            "properties": {
                "building": "yes",
                "shop": "supermarket",
                "source": "GSImaps/std",
                "osm_type": "way",
                "osm_id": 505447122,
                "tag": "shop=supermarket"
            }
        },
        {
            "type": "Feature",
            "geometry": {
                "type": "Point",
                "coordinates": [
                    130.6540612,
                    33.4051573
                ]
            },
            "properties": {
                "brand": "イオン",
                "brand:en": "AEON",
                "brand:ja": "イオン",
                "brand:wikidata": "Q11285951",
                "building": "yes",
                "name": "イオン",
                "name:en": "AEON",
                "name:ja": "イオン",
                "shop": "supermarket",
                "osm_type": "way",
                "osm_id": 505487975,
                "tag": "shop=supermarket"
            }
        },
        {
            "type": "Feature",
            "geometry": {
                "type": "Point",
                "coordinates": [
                    130.9458573,
                    33.3488836
                ]
            },
            "properties": {
                "building": "yes",
                "shop": "supermarket",
                "osm_type": "way",
                "osm_id": 505492502,
                "tag": "shop=supermarket"
            }
        },
        {
            "type": "Feature",
            "geometry": {
                "type": "Point",
                "coordinates": [
                    130.6565674,
                    33.4107759
                ]
            },
            "properties": {
                "addr:block_number": "336",
                "addr:city": "朝倉市",
                "addr:housenumber": "1",
                "addr:neighbourhood": "甘木",
                "addr:postcode": "838-0068",
                "addr:province": "福岡県",
                "branch": "甘木店",
                "building": "yes",
                "building:levels": "1",
                "name": "あんくる夢市場",
                "opening_hours": "Mo-Su 09:30-20:00",
                "payment:cash": "yes",
                "payment:credit_cards": "yes",
                "phone": "+81-946-21-6115",
                "shop": "supermarket",
                "website": "https://nishitetsu-store.jp/shoplist_chirashi/shop-list/uncleyume_amagi/",
                "osm_type": "way",
                "osm_id": 505835884,
                "tag": "shop=supermarket"
            }
        },
        {
            "type": "Feature",
            "geometry": {
                "type": "Point",
                "coordinates": [
                    130.9380478,
                    33.3130771
                ]
            },
            "properties": {
                "building": "yes",
                "shop": "supermarket",
                "osm_type": "way",
                "osm_id": 505890221,
                "tag": "shop=supermarket"
            }
        },
        {
            "type": "Feature",
            "geometry": {
                "type": "Point",
                "coordinates": [
                    130.6469962,
                    33.4296537
                ]
            },
            "properties": {
                "addr:block_number": "399",
                "addr:city": "筑前町",
                "addr:county": "朝倉郡",
                "addr:full": "〒838-0813 福岡県朝倉郡筑前町依井３９９",
                "addr:neighbourhood": "依井",
                "addr:postcode": "838-0813",
                "addr:province": "福岡県",
                "branch": "朝倉店",
                "building": "yes",
                "name": "マルキョウ",
                "opening_hours": "Mo-Su 09:30-22:00",
                "shop": "supermarket",
                "website": "https://www.marukyo-web.co.jp/shop/752/",
                "osm_type": "way",
                "osm_id": 506882764,
                "tag": "shop=supermarket"
            }
        },
        {
            "type": "Feature",
            "geometry": {
                "type": "Point",
                "coordinates": [
                    130.8116477,
                    33.3628527
                ]
            },
            "properties": {
                "branch": "杷木店",
                "building": "retail",
                "name": "マルキョウ",
                "shop": "supermarket",
                "osm_type": "way",
                "osm_id": 507110733,
                "tag": "shop=supermarket"
            }
        },
        {
            "type": "Feature",
            "geometry": {
                "type": "Point",
                "coordinates": [
                    130.9109143,
                    33.3242826
                ]
            },
            "properties": {
                "building": "yes",
                "shop": "supermarket",
                "osm_type": "way",
                "osm_id": 507181427,
                "tag": "shop=supermarket"
            }
        },
        {
            "type": "Feature",
            "geometry": {
                "type": "Point",
                "coordinates": [
                    130.9360089,
                    33.3358068
                ]
            },
            "properties": {
                "building": "yes",
                "shop": "supermarket",
                "osm_type": "way",
                "osm_id": 507684014,
                "tag": "shop=supermarket"
            }
        },
        {
            "type": "Feature",
            "geometry": {
                "type": "Point",
                "coordinates": [
                    130.9281156,
                    33.3095337
                ]
            },
            "properties": {
                "building": "yes",
                "shop": "supermarket",
                "osm_type": "way",
                "osm_id": 508681216,
                "tag": "shop=supermarket"
            }
        },
        {
            "type": "Feature",
            "geometry": {
                "type": "Point",
                "coordinates": [
                    130.9382902,
                    33.3344615
                ]
            },
            "properties": {
                "building": "yes",
                "shop": "supermarket",
                "osm_type": "way",
                "osm_id": 509157248,
                "tag": "shop=supermarket"
            }
        },
        {
            "type": "Feature",
            "geometry": {
                "type": "Point",
                "coordinates": [
                    130.3920842,
                    33.5267562
                ]
            },
            "properties": {
                "building": "retail",
                "building:levels": "2",
                "ele": "40.6",
                "height": "11.1",
                "name": "マルキョウ柏原店",
                "shop": "supermarket",
                "osm_type": "way",
                "osm_id": 515894418,
                "tag": "shop=supermarket"
            }
        },
        {
            "type": "Feature",
            "geometry": {
                "type": "Point",
                "coordinates": [
                    130.4034546,
                    33.5321572
                ]
            },
            "properties": {
                "branch": "屋形原店",
                "building": "retail",
                "building:levels": "2",
                "ele": "28.2",
                "height": "11.6",
                "name": "レッドキャベツ",
                "shop": "supermarket",
                "source": "MLIT_PLATEAU bldg_8590d08e-352f-4b9e-afe3-31f935c12429",
                "osm_type": "way",
                "osm_id": 517722006,
                "tag": "shop=supermarket"
            }
        },
        {
            "type": "Feature",
            "geometry": {
                "type": "Point",
                "coordinates": [
                    130.5551569,
                    33.4618684
                ]
            },
            "properties": {
                "building": "yes",
                "name": "マックスバリュエクスプレス筑紫駅前店",
                "shop": "supermarket",
                "osm_type": "way",
                "osm_id": 525481564,
                "tag": "shop=supermarket"
            }
        },
        {
            "type": "Feature",
            "geometry": {
                "type": "Point",
                "coordinates": [
                    130.5463619,
                    33.4595389
                ]
            },
            "properties": {
                "building": "yes",
                "name": "ローソン 筑紫野筑紫店",
                "name:ko": "로손",
                "shop": "supermarket",
                "osm_type": "way",
                "osm_id": 525490500,
                "tag": "shop=supermarket"
            }
        },
        {
            "type": "Feature",
            "geometry": {
                "type": "Point",
                "coordinates": [
                    130.5418684,
                    33.4495858
                ]
            },
            "properties": {
                "building": "yes",
                "name": "マルキョウ 原田店",
                "shop": "supermarket",
                "osm_type": "way",
                "osm_id": 525490512,
                "tag": "shop=supermarket"
            }
        },
        {
            "type": "Feature",
            "geometry": {
                "type": "Point",
                "coordinates": [
                    130.3181228,
                    33.2627589
                ]
            },
            "properties": {
                "addr:block_number": "332",
                "addr:city": "佐賀市",
                "addr:neighbourhood": "4",
                "addr:quarter": "兵庫南",
                "building": "retail",
                "name": "フードウェイ佐賀兵庫店",
                "shop": "supermarket",
                "osm_type": "way",
                "osm_id": 542736448,
                "tag": "shop=supermarket"
            }
        },
        {
            "type": "Feature",
            "geometry": {
                "type": "Point",
                "coordinates": [
                    130.309783,
                    33.2652956
                ]
            },
            "properties": {
                "addr:block_number": "5",
                "addr:city": "佐賀市",
                "addr:housenumber": "8",
                "addr:neighbourhood": "1",
                "addr:quarter": "兵庫北",
                "building": "yes",
                "name": "アルタ ゆめ咲きいちば",
                "shop": "supermarket",
                "osm_type": "way",
                "osm_id": 543476398,
                "tag": "shop=supermarket"
            }
        },
        {
            "type": "Feature",
            "geometry": {
                "type": "Point",
                "coordinates": [
                    130.3163179,
                    33.2664271
                ]
            },
            "properties": {
                "addr:block_number": "3",
                "addr:city": "佐賀市",
                "addr:housenumber": "34",
                "addr:neighbourhood": "3",
                "addr:quarter": "兵庫南",
                "building": "yes",
                "name": "ディスカウントストアダイレックス 兵庫店",
                "shop": "supermarket",
                "osm_type": "way",
                "osm_id": 543479047,
                "tag": "shop=supermarket"
            }
        },
        {
            "type": "Feature",
            "geometry": {
                "type": "Point",
                "coordinates": [
                    130.3769094,
                    33.5650164
                ]
            },
            "properties": {
                "brand": "イオン",
                "brand:en": "AEON",
                "brand:ja": "イオン",
                "brand:wikidata": "Q11285951",
                "brand:wikipedia": "ja:イオン (店舗ブランド)",
                "building": "yes",
                "name": "イオンスタイル笹丘",
                "name:en": "AEON",
                "name:ja": "イオン",
                "shop": "supermarket",
                "wikidata": "Q11316699",
                "wikipedia": "ja:イオンスタイル笹丘",
                "osm_type": "way",
                "osm_id": 544935799,
                "tag": "shop=supermarket"
            }
        },
        {
            "type": "Feature",
            "geometry": {
                "type": "Point",
                "coordinates": [
                    130.4719297,
                    33.7364099
                ]
            },
            "properties": {
                "building": "yes",
                "name": "サニー",
                "shop": "supermarket",
                "osm_type": "way",
                "osm_id": 548510908,
                "tag": "shop=supermarket"
            }
        },
        {
            "type": "Feature",
            "geometry": {
                "type": "Point",
                "coordinates": [
                    130.4407714,
                    33.6678161
                ]
            },
            "properties": {
                "addr:block_number": "7",
                "addr:city": "福岡市東区",
                "addr:housenumber": "20",
                "addr:neighbourhood": "一丁目",
                "addr:postcode": "813-0003",
                "addr:province": "福岡",
                "addr:quarter": "香住ヶ丘",
                "building": "retail",
                "building:levels": "1",
                "ele": "15.4",
                "height": "10.8",
                "name": "ダイレックス 香椎店",
                "name:en": "DiREX",
                "name:ja": "ダイレックス 香椎店",
                "opening_hours": "09:00-22:00",
                "phone": "+81 92 663 8510",
                "shop": "supermarket",
                "source": "MLIT_PLATEAU bldg_539a216e-fb45-4c54-86ef-0ff5093aeee6",
                "start_date": "2012",
                "website": "https://www.sundrug.co.jp/store/store.php?id=7194&gid=2",
                "osm_type": "way",
                "osm_id": 548862531,
                "tag": "shop=supermarket"
            }
        },
        {
            "type": "Feature",
            "geometry": {
                "type": "Point",
                "coordinates": [
                    130.5048764,
                    33.6460216
                ]
            },
            "properties": {
                "building": "yes",
                "shop": "supermarket",
                "osm_type": "way",
                "osm_id": 549064893,
                "tag": "shop=supermarket"
            }
        },
        {
            "type": "Feature",
            "geometry": {
                "type": "Point",
                "coordinates": [
                    130.7287768,
                    33.8445875
                ]
            },
            "properties": {
                "addr:block_number": "2",
                "addr:city": "北九州市",
                "addr:housenumber": "32",
                "addr:neighbourhood": "3丁目",
                "addr:postcode": "807-0856",
                "addr:province": "福岡県",
                "addr:quarter": "八江",
                "addr:suburb": "八幡西区",
                "building": "yes",
                "name": "ザ・ビッグ八幡西店",
                "opening_hours": "24/7",
                "operator": "イオン九州株式会社",
                "payment:jcb": "yes",
                "payment:mastercard": "yes",
                "payment:visa": "yes",
                "phone": "093-482-5051",
                "shop": "supermarket",
                "website": "https://aeonkyushu-big.info/shop/detail/11",
                "osm_type": "way",
                "osm_id": 549749332,
                "tag": "shop=supermarket"
            }
        },
        {
            "type": "Feature",
            "geometry": {
                "type": "Point",
                "coordinates": [
                    130.7273481,
                    33.8477161
                ]
            },
            "properties": {
                "building": "yes",
                "name": "youmeマート",
                "shop": "supermarket",
                "osm_type": "way",
                "osm_id": 549859446,
                "tag": "shop=supermarket"
            }
        },
        {
            "type": "Feature",
            "geometry": {
                "type": "Point",
                "coordinates": [
                    130.503338,
                    33.5142426
                ]
            },
            "properties": {
                "building": "yes",
                "name": "Mammy's",
                "opening_hours": "Mo-Su 09:30-21:00",
                "shop": "supermarket",
                "osm_type": "way",
                "osm_id": 550608479,
                "tag": "shop=supermarket"
            }
        },
        {
            "type": "Feature",
            "geometry": {
                "type": "Point",
                "coordinates": [
                    130.4655414,
                    33.7375205
                ]
            },
            "properties": {
                "building": "yes",
                "name": "ルミエール",
                "shop": "supermarket",
                "osm_type": "way",
                "osm_id": 552088826,
                "tag": "shop=supermarket"
            }
        },
        {
            "type": "Feature",
            "geometry": {
                "type": "Point",
                "coordinates": [
                    130.6723028,
                    33.6122202
                ]
            },
            "properties": {
                "building": "yes",
                "name": "ディスカウントストア ルミエール 穂波店",
                "shop": "supermarket",
                "osm_type": "way",
                "osm_id": 552312904,
                "tag": "shop=supermarket"
            }
        },
        {
            "type": "Feature",
            "geometry": {
                "type": "Point",
                "coordinates": [
                    130.6713117,
                    33.620468
                ]
            },
            "properties": {
                "building": "yes",
                "name": "ハローデイ穂波店",
                "shop": "supermarket",
                "osm_type": "way",
                "osm_id": 552312921,
                "tag": "shop=supermarket"
            }
        },
        {
            "type": "Feature",
            "geometry": {
                "type": "Point",
                "coordinates": [
                    130.6830799,
                    33.6320448
                ]
            },
            "properties": {
                "building": "yes",
                "name": "スーパーセンタートライアル 飯塚店",
                "shop": "supermarket",
                "osm_type": "way",
                "osm_id": 553676796,
                "tag": "shop=supermarket"
            }
        },
        {
            "type": "Feature",
            "geometry": {
                "type": "Point",
                "coordinates": [
                    130.5303492,
                    33.3281686
                ]
            },
            "properties": {
                "building": "yes",
                "name": "西鉄ストア宮の陣店",
                "shop": "supermarket",
                "osm_type": "way",
                "osm_id": 557382366,
                "tag": "shop=supermarket"
            }
        },
        {
            "type": "Feature",
            "geometry": {
                "type": "Point",
                "coordinates": [
                    130.5115842,
                    33.5867148
                ]
            },
            "properties": {
                "building": "yes",
                "name": "トレードマート須恵店",
                "shop": "supermarket",
                "osm_type": "way",
                "osm_id": 558571904,
                "tag": "shop=supermarket"
            }
        },
        {
            "type": "Feature",
            "geometry": {
                "type": "Point",
                "coordinates": [
                    130.3350967,
                    33.2063915
                ]
            },
            "properties": {
                "building": "yes",
                "building:levels": "1",
                "name": "ショップうめざき",
                "shop": "supermarket",
                "osm_type": "way",
                "osm_id": 559186149,
                "tag": "shop=supermarket"
            }
        },
        {
            "type": "Feature",
            "geometry": {
                "type": "Point",
                "coordinates": [
                    130.0617664,
                    33.12958
                ]
            },
            "properties": {
                "building": "retail",
                "name": "エレナ",
                "shop": "supermarket",
                "osm_type": "way",
                "osm_id": 559976624,
                "tag": "shop=supermarket"
            }
        },
        {
            "type": "Feature",
            "geometry": {
                "type": "Point",
                "coordinates": [
                    130.7300479,
                    33.842662
                ]
            },
            "properties": {
                "branch": "永犬丸店",
                "brand": "業務スーパー",
                "brand:en": "Gyomu Super",
                "brand:ja": "業務スーパー",
                "brand:ja-Latn": "Gyōmu sūpā",
                "brand:wikidata": "Q105687460",
                "building": "yes",
                "name": "業務スーパー",
                "name:en": "Gyomu Super",
                "name:ja": "業務スーパー",
                "name:ja-Latn": "Gyōmu sūpā",
                "shop": "supermarket",
                "osm_type": "way",
                "osm_id": 560237257,
                "tag": "shop=supermarket"
            }
        },
        {
            "type": "Feature",
            "geometry": {
                "type": "Point",
                "coordinates": [
                    130.2855379,
                    33.2016846
                ]
            },
            "properties": {
                "addr:block_number": "530",
                "addr:city": "佐賀市",
                "addr:housenumber": "11",
                "addr:neighbourhood": "東与賀町大字田中",
                "addr:province": "佐賀県",
                "branch": "東与賀店",
                "brand": "マックスバリュハロー",
                "building": "retail",
                "name": "マックスバリュハロー",
                "operator": "イオン九州",
                "operator:wikidata": "Q11286217",
                "shop": "supermarket",
                "osm_type": "way",
                "osm_id": 561845596,
                "tag": "shop=supermarket"
            }
        },
        {
            "type": "Feature",
            "geometry": {
                "type": "Point",
                "coordinates": [
                    130.0240494,
                    33.2024099
                ]
            },
            "properties": {
                "building": "yes",
                "name": "Aコープ",
                "shop": "supermarket",
                "osm_type": "way",
                "osm_id": 564319315,
                "tag": "shop=supermarket"
            }
        },
        {
            "type": "Feature",
            "geometry": {
                "type": "Point",
                "coordinates": [
                    130.4783425,
                    33.7602679
                ]
            },
            "properties": {
                "branch": "福津店",
                "building": "yes",
                "name": "ルミエール",
                "name:en": "Lumiere",
                "name:pt": "lumiere",
                "shop": "supermarket",
                "osm_type": "way",
                "osm_id": 564942364,
                "tag": "shop=supermarket"
            }
        },
        {
            "type": "Feature",
            "geometry": {
                "type": "Point",
                "coordinates": [
                    130.4953549,
                    33.5889175
                ]
            },
            "properties": {
                "branch": "須恵店",
                "building": "retail",
                "name": "JA Farmers かすや A-COOP",
                "name:en": "JA Farmers Kasuya A-COOP",
                "name:ja": "JA Farmers かすや A-COOP",
                "opening_hours": "10:00-20:00",
                "shop": "supermarket",
                "osm_type": "way",
                "osm_id": 566858564,
                "tag": "shop=supermarket"
            }
        },
        {
            "type": "Feature",
            "geometry": {
                "type": "Point",
                "coordinates": [
                    130.6896438,
                    33.9002405
                ]
            },
            "properties": {
                "name": "ポップコーン青葉台店",
                "shop": "supermarket",
                "osm_type": "way",
                "osm_id": 567042943,
                "tag": "shop=supermarket"
            }
        },
        {
            "type": "Feature",
            "geometry": {
                "type": "Point",
                "coordinates": [
                    130.2988741,
                    33.2748482
                ]
            },
            "properties": {
                "building": "retail",
                "name": "ドン.キホーテ佐賀店",
                "shop": "supermarket",
                "source:geometry": "GSImaps/std",
                "osm_type": "way",
                "osm_id": 569563333,
                "tag": "shop=supermarket"
            }
        },
        {
            "type": "Feature",
            "geometry": {
                "type": "Point",
                "coordinates": [
                    130.8038101,
                    33.9137163
                ]
            },
            "properties": {
                "landuse": "retail",
                "name": "ラ・ムー若松店",
                "name:en": "La Mu",
                "shop": "supermarket",
                "osm_type": "way",
                "osm_id": 570031313,
                "tag": "shop=supermarket"
            }
        },
        {
            "type": "Feature",
            "geometry": {
                "type": "Point",
                "coordinates": [
                    130.7981846,
                    33.9112451
                ]
            },
            "properties": {
                "landuse": "retail",
                "shop": "supermarket",
                "osm_type": "way",
                "osm_id": 570105329,
                "tag": "shop=supermarket"
            }
        },
        {
            "type": "Feature",
            "geometry": {
                "type": "Point",
                "coordinates": [
                    130.9424539,
                    33.9273863
                ]
            },
            "properties": {
                "building": "yes",
                "name": "スーパーセンタートライアル 門司片上海岸店",
                "shop": "supermarket",
                "osm_type": "way",
                "osm_id": 570607154,
                "tag": "shop=supermarket"
            }
        },
        {
            "type": "Feature",
            "geometry": {
                "type": "Point",
                "coordinates": [
                    130.2995592,
                    33.2778567
                ]
            },
            "properties": {
                "building": "retail",
                "shop": "supermarket",
                "source:geometry": "GSImaps/std",
                "osm_type": "way",
                "osm_id": 574965040,
                "tag": "shop=supermarket"
            }
        },
        {
            "type": "Feature",
            "geometry": {
                "type": "Point",
                "coordinates": [
                    130.7380576,
                    33.8961837
                ]
            },
            "properties": {
                "addr:city": "北九州市",
                "addr:full": "福岡県北九州市若松区鴨生田3-1-1",
                "addr:housenumber": "3-1-1",
                "addr:province": "福岡県",
                "addr:quarter": "鴨生田",
                "addr:suburb": "若松区",
                "landuse": "retail",
                "name": "サニー二島店",
                "shop": "supermarket",
                "website": "https://www.seiyu.co.jp/shop/%E3%82%B5%E3%83%8B%E3%83%BC%E4%BA%8C%E5%B3%B6%E5%BA%97/",
                "osm_type": "way",
                "osm_id": 577483254,
                "tag": "shop=supermarket"
            }
        },
        {
            "type": "Feature",
            "geometry": {
                "type": "Point",
                "coordinates": [
                    130.4099187,
                    33.5463232
                ]
            },
            "properties": {
                "branch": "若久店",
                "building": "retail",
                "building:levels": "2",
                "ele": "15.2",
                "height": "10.5",
                "name": "サニー",
                "shop": "supermarket",
                "source": "MLIT_PLATEAU bldg_5f8b1621-bf78-4f9a-8116-2a345232d8ea",
                "osm_type": "way",
                "osm_id": 590703166,
                "tag": "shop=supermarket"
            }
        },
        {
            "type": "Feature",
            "geometry": {
                "type": "Point",
                "coordinates": [
                    130.4057805,
                    33.5399367
                ]
            },
            "properties": {
                "branch": "花畑店",
                "building": "yes",
                "name": "エフコープ",
                "shop": "supermarket",
                "osm_type": "way",
                "osm_id": 590703169,
                "tag": "shop=supermarket"
            }
        },
        {
            "type": "Feature",
            "geometry": {
                "type": "Point",
                "coordinates": [
                    130.3716112,
                    33.2159713
                ]
            },
            "properties": {
                "building": "yes",
                "name": "ルミエール　大川店",
                "shop": "supermarket",
                "osm_type": "way",
                "osm_id": 591627404,
                "tag": "shop=supermarket"
            }
        },
        {
            "type": "Feature",
            "geometry": {
                "type": "Point",
                "coordinates": [
                    130.3714416,
                    33.209513
                ]
            },
            "properties": {
                "building": "yes",
                "name": "西鉄ストア　大川店（旧 明治町店）",
                "shop": "supermarket",
                "osm_type": "way",
                "osm_id": 591843229,
                "tag": "shop=supermarket"
            }
        },
        {
            "type": "Feature",
            "geometry": {
                "type": "Point",
                "coordinates": [
                    130.4094624,
                    33.5436989
                ]
            },
            "properties": {
                "branch": "中尾店",
                "building": "yes",
                "name": "マルキョウ",
                "shop": "supermarket",
                "osm_type": "way",
                "osm_id": 595442313,
                "tag": "shop=supermarket"
            }
        },
        {
            "type": "Feature",
            "geometry": {
                "type": "Point",
                "coordinates": [
                    130.4283054,
                    33.5429843
                ]
            },
            "properties": {
                "building": "retail",
                "building:levels": "1",
                "ele": "13.2",
                "height": "10.1",
                "name": "サニー",
                "name:ja": "サニー向新町店",
                "shop": "supermarket",
                "source": "MLIT_PLATEAU bldg_76cec90b-8874-4fb8-b42d-e343dbcf9b38",
                "osm_type": "way",
                "osm_id": 595819738,
                "tag": "shop=supermarket"
            }
        },
        {
            "type": "Feature",
            "geometry": {
                "type": "Point",
                "coordinates": [
                    130.43646,
                    33.532703
                ]
            },
            "properties": {
                "addr:block_number": "33",
                "addr:city": "福岡市",
                "addr:housenumber": "10",
                "addr:neighbourhood": "1丁目",
                "addr:postcode": "811-1321",
                "addr:province": "福岡県",
                "addr:quarter": "柳瀬",
                "addr:suburb": "南区",
                "name": "ダイキョーバリュー弥永店",
                "shop": "supermarket",
                "osm_type": "way",
                "osm_id": 596049278,
                "tag": "shop=supermarket"
            }
        },
        {
            "type": "Feature",
            "geometry": {
                "type": "Point",
                "coordinates": [
                    130.4251763,
                    33.5324191
                ]
            },
            "properties": {
                "branch": "老司店",
                "brand": "イオン",
                "brand:en": "AEON",
                "brand:ja": "イオン",
                "brand:wikidata": "Q11285951",
                "building": "retail",
                "building:levels": "1",
                "ele": "15.8",
                "height": "9.1",
                "name": "イオンマックスバリューエクスプレス",
                "name:en": "AEON",
                "name:ja": "イオン",
                "operator": "AEON",
                "shop": "supermarket",
                "source": "MLIT_PLATEAU bldg_e4072920-7146-46bf-b0f5-4095df9a3bc5",
                "osm_type": "way",
                "osm_id": 597282281,
                "tag": "shop=supermarket"
            }
        },
        {
            "type": "Feature",
            "geometry": {
                "type": "Point",
                "coordinates": [
                    130.4307156,
                    33.1329022
                ]
            },
            "properties": {
                "addr:city": "柳川市",
                "addr:province": "福岡県",
                "addr:quarter": "大和町",
                "building": "yes",
                "name": "アスタラビスタ大和店",
                "opening_hours": "09:30-21:00",
                "shop": "supermarket",
                "osm_type": "way",
                "osm_id": 599217029,
                "tag": "shop=supermarket"
            }
        },
        {
            "type": "Feature",
            "geometry": {
                "type": "Point",
                "coordinates": [
                    130.4311264,
                    33.5323906
                ]
            },
            "properties": {
                "building": "retail",
                "building:levels": "1",
                "ele": "16.2",
                "height": "6.4",
                "name": "マルキョウ・ヤマダイ",
                "shop": "supermarket",
                "source": "MLIT_PLATEAU bldg_47504991-6884-4500-89a6-e3875cee113b",
                "osm_type": "way",
                "osm_id": 601686066,
                "tag": "shop=supermarket"
            }
        },
        {
            "type": "Feature",
            "geometry": {
                "type": "Point",
                "coordinates": [
                    130.400458,
                    33.5371345
                ]
            },
            "properties": {
                "building": "retail",
                "name": "ボンラパス 花畑店",
                "shop": "supermarket",
                "osm_type": "way",
                "osm_id": 604488131,
                "tag": "shop=supermarket"
            }
        },
        {
            "type": "Feature",
            "geometry": {
                "type": "Point",
                "coordinates": [
                    130.445742,
                    33.5339737
                ]
            },
            "properties": {
                "building": "yes",
                "name": "マルキョウ",
                "shop": "supermarket",
                "osm_type": "way",
                "osm_id": 604996450,
                "tag": "shop=supermarket"
            }
        },
        {
            "type": "Feature",
            "geometry": {
                "type": "Point",
                "coordinates": [
                    130.4290248,
                    33.5205076
                ]
            },
            "properties": {
                "building": "yes",
                "name": "マルショク那珂川店",
                "shop": "supermarket",
                "osm_type": "way",
                "osm_id": 610531984,
                "tag": "shop=supermarket"
            }
        },
        {
            "type": "Feature",
            "geometry": {
                "type": "Point",
                "coordinates": [
                    130.4372207,
                    33.6231903
                ]
            },
            "properties": {
                "building": "yes",
                "name": "サトー食鮮館",
                "shop": "supermarket",
                "osm_type": "way",
                "osm_id": 615438589,
                "tag": "shop=supermarket"
            }
        },
        {
            "type": "Feature",
            "geometry": {
                "type": "Point",
                "coordinates": [
                    130.9301323,
                    33.9052032
                ]
            },
            "properties": {
                "building": "yes",
                "building:levels": "3",
                "name": "ダイレックス",
                "roof:shape": "flat",
                "shop": "supermarket",
                "osm_type": "way",
                "osm_id": 616615470,
                "tag": "shop=supermarket"
            }
        },
        {
            "type": "Feature",
            "geometry": {
                "type": "Point",
                "coordinates": [
                    130.9236252,
                    33.8954763
                ]
            },
            "properties": {
                "building": "yes",
                "name": "トライアル",
                "shop": "supermarket",
                "osm_type": "way",
                "osm_id": 616628200,
                "tag": "shop=supermarket"
            }
        },
        {
            "type": "Feature",
            "geometry": {
                "type": "Point",
                "coordinates": [
                    130.6929869,
                    33.6419121
                ]
            },
            "properties": {
                "building": "yes",
                "name": "スーパーASO 新飯塚店",
                "shop": "supermarket",
                "osm_type": "way",
                "osm_id": 617353163,
                "tag": "shop=supermarket"
            }
        },
        {
            "type": "Feature",
            "geometry": {
                "type": "Point",
                "coordinates": [
                    130.9320885,
                    33.3201848
                ]
            },
            "properties": {
                "building": "yes",
                "shop": "supermarket",
                "osm_type": "way",
                "osm_id": 624970043,
                "tag": "shop=supermarket"
            }
        },
        {
            "type": "Feature",
            "geometry": {
                "type": "Point",
                "coordinates": [
                    130.199674,
                    33.2497013
                ]
            },
            "properties": {
                "landuse": "retail",
                "shop": "supermarket",
                "osm_type": "way",
                "osm_id": 629916716,
                "tag": "shop=supermarket"
            }
        },
        {
            "type": "Feature",
            "geometry": {
                "type": "Point",
                "coordinates": [
                    130.2044403,
                    33.2487294
                ]
            },
            "properties": {
                "shop": "supermarket",
                "osm_type": "way",
                "osm_id": 634757118,
                "tag": "shop=supermarket"
            }
        },
        {
            "type": "Feature",
            "geometry": {
                "type": "Point",
                "coordinates": [
                    130.7069525,
                    33.7006765
                ]
            },
            "properties": {
                "building": "yes",
                "name": "スーパーセンタートライアル小竹店",
                "shop": "supermarket",
                "osm_type": "way",
                "osm_id": 641071355,
                "tag": "shop=supermarket"
            }
        },
        {
            "type": "Feature",
            "geometry": {
                "type": "Point",
                "coordinates": [
                    130.3194823,
                    33.1883106
                ]
            },
            "properties": {
                "name": "まるしょうストアー",
                "shop": "supermarket",
                "osm_type": "way",
                "osm_id": 646176582,
                "tag": "shop=supermarket"
            }
        },
        {
            "type": "Feature",
            "geometry": {
                "type": "Point",
                "coordinates": [
                    130.3679417,
                    33.5966168
                ]
            },
            "properties": {
                "branch": "福浜店",
                "building": "yes",
                "name": "生鮮市場 ハイマート",
                "name:en": "Hi Mart Fukuhama",
                "opening_hours": "Mo-Su 09:30-21:00",
                "phone": "+81 92-715-2655",
                "shop": "supermarket",
                "source": "survey",
                "website": "https://www.foodway.co.jp/",
                "osm_type": "way",
                "osm_id": 657113095,
                "tag": "shop=supermarket"
            }
        },
        {
            "type": "Feature",
            "geometry": {
                "type": "Point",
                "coordinates": [
                    130.3181204,
                    33.5587822
                ]
            },
            "properties": {
                "addr:block_number": "10",
                "addr:city": "福岡市",
                "addr:housenumber": "72",
                "addr:neighbourhood": "1",
                "addr:province": "福岡県",
                "addr:quarter": "橋本",
                "addr:suburb": "西区",
                "building": "retail",
                "building:levels": "2",
                "ele": "6.4",
                "height": "26.7",
                "name": "ハローデイ",
                "shop": "supermarket",
                "source": "MLIT_PLATEAU bldg_a9ebf5a8-71bd-4353-8636-1eade8b94dc0",
                "start_date": "2011",
                "osm_type": "way",
                "osm_id": 657113149,
                "tag": "shop=supermarket"
            }
        },
        {
            "type": "Feature",
            "geometry": {
                "type": "Point",
                "coordinates": [
                    130.4994497,
                    33.3889507
                ]
            },
            "properties": {
                "building": "yes",
                "name": "ユートク",
                "shop": "supermarket",
                "osm_type": "way",
                "osm_id": 658993989,
                "tag": "shop=supermarket"
            }
        },
        {
            "type": "Feature",
            "geometry": {
                "type": "Point",
                "coordinates": [
                    130.4469747,
                    33.3429955
                ]
            },
            "properties": {
                "building": "yes",
                "shop": "supermarket",
                "osm_type": "way",
                "osm_id": 658997671,
                "tag": "shop=supermarket"
            }
        },
        {
            "type": "Feature",
            "geometry": {
                "type": "Point",
                "coordinates": [
                    130.4396491,
                    33.3456718
                ]
            },
            "properties": {
                "building": "yes",
                "shop": "supermarket",
                "osm_type": "way",
                "osm_id": 659268940,
                "tag": "shop=supermarket"
            }
        },
        {
            "type": "Feature",
            "geometry": {
                "type": "Point",
                "coordinates": [
                    130.4164678,
                    33.331842
                ]
            },
            "properties": {
                "branch": "上峰店",
                "building": "yes",
                "building:levels": "1",
                "name": "トライアル",
                "shop": "supermarket",
                "osm_type": "way",
                "osm_id": 659269636,
                "tag": "shop=supermarket"
            }
        },
        {
            "type": "Feature",
            "geometry": {
                "type": "Point",
                "coordinates": [
                    130.4290929,
                    33.6216003
                ]
            },
            "properties": {
                "building": "yes",
                "name": "ゆめマート　筥松店",
                "shop": "supermarket",
                "osm_type": "way",
                "osm_id": 661399959,
                "tag": "shop=supermarket"
            }
        },
        {
            "type": "Feature",
            "geometry": {
                "type": "Point",
                "coordinates": [
                    130.4241209,
                    33.6189789
                ]
            },
            "properties": {
                "building": "yes",
                "name": "はとマーケット",
                "shop": "supermarket",
                "osm_type": "way",
                "osm_id": 662534199,
                "tag": "shop=supermarket"
            }
        },
        {
            "type": "Feature",
            "geometry": {
                "type": "Point",
                "coordinates": [
                    130.3615024,
                    33.2223762
                ]
            },
            "properties": {
                "building": "yes",
                "building:levels": "2",
                "name": "ショップ いけだ",
                "shop": "supermarket",
                "osm_type": "way",
                "osm_id": 663839365,
                "tag": "shop=supermarket"
            }
        },
        {
            "type": "Feature",
            "geometry": {
                "type": "Point",
                "coordinates": [
                    130.6725055,
                    33.6507689
                ]
            },
            "properties": {
                "building": "yes",
                "name": "ハローデイ 九工大前店",
                "shop": "supermarket",
                "osm_type": "way",
                "osm_id": 664555851,
                "tag": "shop=supermarket"
            }
        },
        {
            "type": "Feature",
            "geometry": {
                "type": "Point",
                "coordinates": [
                    130.7194574,
                    33.6211008
                ]
            },
            "properties": {
                "building": "yes",
                "name": "スーパーセンタートライアル上三緒店",
                "shop": "supermarket",
                "osm_type": "way",
                "osm_id": 666846950,
                "tag": "shop=supermarket"
            }
        },
        {
            "type": "Feature",
            "geometry": {
                "type": "Point",
                "coordinates": [
                    130.4377571,
                    33.6327957
                ]
            },
            "properties": {
                "building": "yes",
                "name": "あんずの直売所",
                "shop": "supermarket",
                "osm_type": "way",
                "osm_id": 666862564,
                "tag": "shop=supermarket"
            }
        },
        {
            "type": "Feature",
            "geometry": {
                "type": "Point",
                "coordinates": [
                    130.437183,
                    33.6323588
                ]
            },
            "properties": {
                "building": "yes",
                "shop": "supermarket",
                "osm_type": "way",
                "osm_id": 666862572,
                "tag": "shop=supermarket"
            }
        },
        {
            "type": "Feature",
            "geometry": {
                "type": "Point",
                "coordinates": [
                    130.4377738,
                    33.6222751
                ]
            },
            "properties": {
                "building": "yes",
                "name": "トライアングル　原田店",
                "shop": "supermarket",
                "osm_type": "way",
                "osm_id": 666870108,
                "tag": "shop=supermarket"
            }
        },
        {
            "type": "Feature",
            "geometry": {
                "type": "Point",
                "coordinates": [
                    130.4465581,
                    33.6179651
                ]
            },
            "properties": {
                "building": "yes",
                "name": "マルキョウ　松田店;マルキョウ",
                "shop": "supermarket",
                "osm_type": "way",
                "osm_id": 668427034,
                "tag": "shop=supermarket"
            }
        },
        {
            "type": "Feature",
            "geometry": {
                "type": "Point",
                "coordinates": [
                    130.0624395,
                    33.2193675
                ]
            },
            "properties": {
                "building": "retail",
                "shop": "supermarket",
                "osm_type": "way",
                "osm_id": 671182402,
                "tag": "shop=supermarket"
            }
        },
        {
            "type": "Feature",
            "geometry": {
                "type": "Point",
                "coordinates": [
                    130.0671794,
                    33.2195849
                ]
            },
            "properties": {
                "building": "retail",
                "shop": "supermarket",
                "osm_type": "way",
                "osm_id": 671182403,
                "tag": "shop=supermarket"
            }
        },
        {
            "type": "Feature",
            "geometry": {
                "type": "Point",
                "coordinates": [
                    130.6827593,
                    33.6254902
                ]
            },
            "properties": {
                "building": "yes",
                "name": "A-プライス",
                "shop": "supermarket",
                "osm_type": "way",
                "osm_id": 671425844,
                "tag": "shop=supermarket"
            }
        },
        {
            "type": "Feature",
            "geometry": {
                "type": "Point",
                "coordinates": [
                    130.5526554,
                    33.3971338
                ]
            },
            "properties": {
                "building": "yes",
                "name": "にしてつストア レガネット小郡",
                "name:ja": "にしてつストア レガネット小郡",
                "shop": "supermarket",
                "osm_type": "way",
                "osm_id": 678873857,
                "tag": "shop=supermarket"
            }
        },
        {
            "type": "Feature",
            "geometry": {
                "type": "Point",
                "coordinates": [
                    130.5199924,
                    33.2059807
                ]
            },
            "properties": {
                "building": "yes",
                "name": "アスタラビスタ 八女インター店",
                "shop": "supermarket",
                "osm_type": "way",
                "osm_id": 683643244,
                "tag": "shop=supermarket"
            }
        },
        {
            "type": "Feature",
            "geometry": {
                "type": "Point",
                "coordinates": [
                    130.5044094,
                    33.2103404
                ]
            },
            "properties": {
                "building": "yes",
                "name": "サニーちくご店",
                "payment:cash": "yes",
                "payment:credit_cards": "yes",
                "shop": "supermarket",
                "osm_type": "way",
                "osm_id": 683692137,
                "tag": "shop=supermarket"
            }
        },
        {
            "type": "Feature",
            "geometry": {
                "type": "Point",
                "coordinates": [
                    130.2595249,
                    33.419927
                ]
            },
            "properties": {
                "building": "yes",
                "shop": "supermarket",
                "osm_type": "way",
                "osm_id": 697748478,
                "tag": "shop=supermarket"
            }
        },
        {
            "type": "Feature",
            "geometry": {
                "type": "Point",
                "coordinates": [
                    130.3306495,
                    33.5531774
                ]
            },
            "properties": {
                "building": "retail",
                "building:levels": "2",
                "ele": "10.4",
                "height": "10",
                "name": "ハローディ次郎丸店",
                "shop": "supermarket",
                "source": "MLIT_PLATEAU bldg_1c703ab5-f431-4d4e-9afb-3c94de1ef389",
                "osm_type": "way",
                "osm_id": 699326309,
                "tag": "shop=supermarket"
            }
        },
        {
            "type": "Feature",
            "geometry": {
                "type": "Point",
                "coordinates": [
                    130.3279004,
                    33.5485256
                ]
            },
            "properties": {
                "brand": "マックスバリュ",
                "brand:en": "Maxvalu Tokai",
                "brand:ja": "マックスバリュ",
                "brand:wikidata": "Q1960109",
                "brand:wikipedia": "en:MaxValu",
                "building": "retail",
                "building:levels": "1",
                "ele": "11.4",
                "height": "30.7",
                "name": "マックスバリュ",
                "name:en": "Maxvalu Tokai",
                "name:ja": "マックスバリュ",
                "opening_hours": "24/7",
                "shop": "supermarket",
                "source": "MLIT_PLATEAU bldg_f7858abf-8907-4732-9567-d3c463353414",
                "start_date": "2008",
                "osm_type": "way",
                "osm_id": 699528509,
                "tag": "shop=supermarket"
            }
        },
        {
            "type": "Feature",
            "geometry": {
                "type": "Point",
                "coordinates": [
                    130.3322238,
                    33.5394762
                ]
            },
            "properties": {
                "building": "retail",
                "building:levels": "1",
                "ele": "17.2",
                "height": "9.7",
                "name": "マルキョウ田村店",
                "shop": "supermarket",
                "source": "MLIT_PLATEAU bldg_8a92f31e-62c0-4248-bd90-136ab6d25dc1",
                "osm_type": "way",
                "osm_id": 699529362,
                "tag": "shop=supermarket"
            }
        },
        {
            "type": "Feature",
            "geometry": {
                "type": "Point",
                "coordinates": [
                    130.3256357,
                    33.5446908
                ]
            },
            "properties": {
                "addr:block_number": "17",
                "addr:city": "福岡市",
                "addr:housenumber": "5",
                "addr:neighbourhood": "1丁目",
                "addr:postcode": "814-0175",
                "addr:province": "福岡県",
                "addr:quarter": "田村",
                "addr:suburb": "早良区",
                "building": "retail",
                "building:levels": "1",
                "ele": "12.2",
                "height": "7.4",
                "name": "トライアル 田村店",
                "shop": "supermarket",
                "source": "MLIT_PLATEAU bldg_4a7c89a9-62d5-46e3-9a75-ff7e92d9845c",
                "osm_type": "way",
                "osm_id": 699851818,
                "tag": "shop=supermarket"
            }
        },
        {
            "type": "Feature",
            "geometry": {
                "type": "Point",
                "coordinates": [
                    130.5076195,
                    33.233448
                ]
            },
            "properties": {
                "building": "yes",
                "shop": "supermarket",
                "osm_type": "way",
                "osm_id": 699900137,
                "tag": "shop=supermarket"
            }
        },
        {
            "type": "Feature",
            "geometry": {
                "type": "Point",
                "coordinates": [
                    130.3395334,
                    33.5319933
                ]
            },
            "properties": {
                "building": "retail",
                "building:levels": "1",
                "ele": "26.9",
                "height": "10.6",
                "name": "サニー重留店",
                "name:en": "summy",
                "shop": "supermarket",
                "source": "MLIT_PLATEAU bldg_3dd66c2b-9d19-472d-9818-a5824c97c088",
                "osm_type": "way",
                "osm_id": 700326645,
                "tag": "shop=supermarket"
            }
        },
        {
            "type": "Feature",
            "geometry": {
                "type": "Point",
                "coordinates": [
                    130.3452735,
                    33.5400935
                ]
            },
            "properties": {
                "brand": "マックスバリュ",
                "brand:en": "Maxvalu Tokai",
                "brand:ja": "マックスバリュ",
                "brand:wikidata": "Q1960109",
                "brand:wikipedia": "en:MaxValu",
                "building": "retail",
                "building:levels": "1",
                "ele": "21.7",
                "height": "6.5",
                "name": "マックスバリュ",
                "name:en": "Maxvalu Tokai",
                "name:ja": "マックスバリュ",
                "shop": "supermarket",
                "source": "MLIT_PLATEAU bldg_a42e6c02-447d-4b4f-b61e-ede594312ace",
                "osm_type": "way",
                "osm_id": 700331017,
                "tag": "shop=supermarket"
            }
        },
        {
            "type": "Feature",
            "geometry": {
                "type": "Point",
                "coordinates": [
                    130.3470851,
                    33.5462999
                ]
            },
            "properties": {
                "building": "retail",
                "building:levels": "1",
                "ele": "18.8",
                "height": "7.2",
                "name": "マルキョウ 野芥店",
                "shop": "supermarket",
                "source": "MLIT_PLATEAU bldg_03af49a4-4cc5-4e18-8d51-d1cbec4724a3",
                "osm_type": "way",
                "osm_id": 700331854,
                "tag": "shop=supermarket"
            }
        },
        {
            "type": "Feature",
            "geometry": {
                "type": "Point",
                "coordinates": [
                    130.3132491,
                    33.5606832
                ]
            },
            "properties": {
                "building": "retail",
                "building:levels": "1",
                "ele": "5.5",
                "height": "10.2",
                "name": "マルキョウ 野方店",
                "name:en": "Marukyo",
                "shop": "supermarket",
                "source": "MLIT_PLATEAU bldg_1e564dda-7023-415a-8ad5-deb333146b86",
                "osm_type": "way",
                "osm_id": 701091500,
                "tag": "shop=supermarket"
            }
        },
        {
            "type": "Feature",
            "geometry": {
                "type": "Point",
                "coordinates": [
                    130.3106156,
                    33.5661508
                ]
            },
            "properties": {
                "building": "retail",
                "building:levels": "1",
                "ele": "5.9",
                "height": "10.7",
                "name": "サニー",
                "shop": "supermarket",
                "source": "MLIT_PLATEAU bldg_5a9ccf21-45ec-4b54-aced-853f02efc331",
                "osm_type": "way",
                "osm_id": 701217806,
                "tag": "shop=supermarket"
            }
        },
        {
            "type": "Feature",
            "geometry": {
                "type": "Point",
                "coordinates": [
                    130.3305029,
                    33.5615611
                ]
            },
            "properties": {
                "building": "retail",
                "building:levels": "1",
                "ele": "7.1",
                "height": "6.4",
                "name": "マルキョウ 室住店",
                "shop": "supermarket",
                "source": "MLIT_PLATEAU bldg_9b13e9a9-3ad0-4fc6-9237-72281dd535ab",
                "osm_type": "way",
                "osm_id": 701987232,
                "tag": "shop=supermarket"
            }
        },
        {
            "type": "Feature",
            "geometry": {
                "type": "Point",
                "coordinates": [
                    130.306323,
                    33.5778704
                ]
            },
            "properties": {
                "building": "retail",
                "building:levels": "2",
                "ele": "3.5",
                "height": "6.5",
                "name": "サングリン",
                "shop": "supermarket",
                "source": "MLIT_PLATEAU bldg_f8841118-5473-4fae-b34e-729900e083f4",
                "osm_type": "way",
                "osm_id": 702587826,
                "tag": "shop=supermarket"
            }
        },
        {
            "type": "Feature",
            "geometry": {
                "type": "Point",
                "coordinates": [
                    130.3079174,
                    33.5753103
                ]
            },
            "properties": {
                "building": "retail",
                "building:levels": "1",
                "ele": "4.3",
                "height": "11.7",
                "name": "サニー",
                "shop": "supermarket",
                "osm_type": "way",
                "osm_id": 702587872,
                "tag": "shop=supermarket"
            }
        },
        {
            "type": "Feature",
            "geometry": {
                "type": "Point",
                "coordinates": [
                    130.3047718,
                    33.5752493
                ]
            },
            "properties": {
                "branch": "下山門店",
                "building": "retail",
                "building:levels": "1",
                "ele": "4",
                "height": "5.5",
                "name": "マルキョウ",
                "shop": "supermarket",
                "source": "MLIT_PLATEAU bldg_2f4dd233-623c-44b2-9c19-1445e769b982",
                "osm_type": "way",
                "osm_id": 702647438,
                "tag": "shop=supermarket"
            }
        },
        {
            "type": "Feature",
            "geometry": {
                "type": "Point",
                "coordinates": [
                    130.3791341,
                    33.5521843
                ]
            },
            "properties": {
                "branch": "北片江店",
                "building": "retail",
                "building:levels": "1",
                "ele": "12.3",
                "height": "6.2",
                "name": "サニー",
                "shop": "supermarket",
                "source": "MLIT_PLATEAU bldg_14fe9473-b971-4573-8a16-4f9e9880c33d",
                "osm_type": "way",
                "osm_id": 702663650,
                "tag": "shop=supermarket"
            }
        },
        {
            "type": "Feature",
            "geometry": {
                "type": "Point",
                "coordinates": [
                    130.4686555,
                    33.5087898
                ]
            },
            "properties": {
                "building": "yes",
                "name": "西鉄ストア",
                "shop": "supermarket",
                "osm_type": "way",
                "osm_id": 704433290,
                "tag": "shop=supermarket"
            }
        },
        {
            "type": "Feature",
            "geometry": {
                "type": "Point",
                "coordinates": [
                    130.3073768,
                    33.5738772
                ]
            },
            "properties": {
                "building": "retail",
                "building:levels": "1",
                "ele": "3.8",
                "height": "8.4",
                "name": "F COOP",
                "shop": "supermarket",
                "source": "MLIT_PLATEAU bldg_fae61c8a-2762-42c2-8858-08bfd74cbf49",
                "osm_type": "way",
                "osm_id": 705093098,
                "tag": "shop=supermarket"
            }
        },
        {
            "type": "Feature",
            "geometry": {
                "type": "Point",
                "coordinates": [
                    130.3710519,
                    33.5517645
                ]
            },
            "properties": {
                "brand": "マックスバリュ",
                "brand:en": "Maxvalu Tokai",
                "brand:ja": "マックスバリュ",
                "brand:wikidata": "Q1960109",
                "brand:wikipedia": "en:MaxValu",
                "building": "retail",
                "building:levels": "2",
                "ele": "13.6",
                "height": "11.6",
                "name": "マックスバリュ",
                "name:en": "Maxvalu Tokai",
                "name:ja": "マックスバリュ",
                "shop": "supermarket",
                "source": "MLIT_PLATEAU bldg_087a0a6e-a022-4376-81a3-fc820ddc246f",
                "start_date": "2013",
                "osm_type": "way",
                "osm_id": 710472262,
                "tag": "shop=supermarket"
            }
        },
        {
            "type": "Feature",
            "geometry": {
                "type": "Point",
                "coordinates": [
                    130.4316404,
                    33.5769606
                ]
            },
            "properties": {
                "building": "retail",
                "building:levels": "2",
                "ele": "7.5",
                "height": "7.9",
                "name": "レッドキャベツ",
                "shop": "supermarket",
                "source": "MLIT_PLATEAU bldg_d07b07f8-09c9-4c31-ac44-a54021e46f28",
                "osm_type": "way",
                "osm_id": 710478779,
                "tag": "shop=supermarket"
            }
        },
        {
            "type": "Feature",
            "geometry": {
                "type": "Point",
                "coordinates": [
                    130.3870534,
                    33.5575485
                ]
            },
            "properties": {
                "branch": "長尾店",
                "building": "retail",
                "building:levels": "1",
                "ele": "10.9",
                "height": "10",
                "name": "サニー",
                "name:en": "sunny",
                "shop": "supermarket",
                "source": "MLIT_PLATEAU bldg_898f073a-476f-4385-becb-ef9f4fb6c569",
                "osm_type": "way",
                "osm_id": 712228912,
                "tag": "shop=supermarket"
            }
        },
        {
            "type": "Feature",
            "geometry": {
                "type": "Point",
                "coordinates": [
                    130.3849701,
                    33.557317
                ]
            },
            "properties": {
                "building:part": "retail",
                "name": "ハローデイ",
                "shop": "supermarket",
                "osm_type": "way",
                "osm_id": 712228913,
                "tag": "shop=supermarket"
            }
        },
        {
            "type": "Feature",
            "geometry": {
                "type": "Point",
                "coordinates": [
                    130.9182925,
                    34.0178375
                ]
            },
            "properties": {
                "building": "yes",
                "contact:website": "http://www.mrk09.co.jp/area_info/%e3%82%a2%e3%83%ab%e3%82%af%e5%ae%89%e5%b2%a1%e5%ba%97/",
                "name": "アルク",
                "shop": "supermarket",
                "osm_type": "way",
                "osm_id": 713427964,
                "tag": "shop=supermarket"
            }
        },
        {
            "type": "Feature",
            "geometry": {
                "type": "Point",
                "coordinates": [
                    130.4376949,
                    33.5071141
                ]
            },
            "properties": {
                "brand": "マックスバリュ",
                "brand:en": "MaxValu",
                "brand:ja": "マックスバリュ",
                "brand:wikidata": "Q11340427",
                "building": "yes",
                "name": "マックスバリュ",
                "name:en": "MaxValu",
                "name:ja": "マックスバリュ",
                "shop": "supermarket",
                "osm_type": "way",
                "osm_id": 714960543,
                "tag": "shop=supermarket"
            }
        },
        {
            "type": "Feature",
            "geometry": {
                "type": "Point",
                "coordinates": [
                    130.4098942,
                    33.5746203
                ]
            },
            "properties": {
                "branch": "那の川店",
                "building": "retail",
                "building:levels": "2",
                "ele": "3.1",
                "height": "10.9",
                "name": "サニー",
                "shop": "supermarket",
                "source": "MLIT_PLATEAU bldg_e1db28c3-bb7e-4b34-99ae-0a2abc3259b9",
                "wheelchair": "limited",
                "osm_type": "way",
                "osm_id": 717147182,
                "tag": "shop=supermarket"
            }
        },
        {
            "type": "Feature",
            "geometry": {
                "type": "Point",
                "coordinates": [
                    130.3138336,
                    33.5674169
                ]
            },
            "properties": {
                "building": "retail",
                "building:levels": "1",
                "ele": "4.7",
                "height": "5.8",
                "name": "オレンジ市場",
                "shop": "supermarket",
                "source": "MLIT_PLATEAU bldg_b21cbf37-f384-4a08-adf1-27c545bb8be9",
                "osm_type": "way",
                "osm_id": 717380284,
                "tag": "shop=supermarket"
            }
        },
        {
            "type": "Feature",
            "geometry": {
                "type": "Point",
                "coordinates": [
                    130.4104522,
                    33.5566803
                ]
            },
            "properties": {
                "building": "yes",
                "name": "グリーンコープ",
                "shop": "supermarket",
                "osm_type": "way",
                "osm_id": 717537520,
                "tag": "shop=supermarket"
            }
        },
        {
            "type": "Feature",
            "geometry": {
                "type": "Point",
                "coordinates": [
                    130.3996049,
                    33.5444301
                ]
            },
            "properties": {
                "building": "retail",
                "building:levels": "3",
                "ele": "23",
                "height": "13",
                "name": "Reganetにしてつ",
                "shop": "supermarket",
                "source": "MLIT_PLATEAU bldg_3d3d78c6-b5e6-439f-8baa-fde118485bd0",
                "start_date": "2010",
                "osm_type": "way",
                "osm_id": 718558087,
                "tag": "shop=supermarket"
            }
        },
        {
            "type": "Feature",
            "geometry": {
                "type": "Point",
                "coordinates": [
                    130.9717815,
                    33.7182658
                ]
            },
            "properties": {
                "building": "yes",
                "name": "ハローデイ",
                "shop": "supermarket",
                "osm_type": "way",
                "osm_id": 722634655,
                "tag": "shop=supermarket"
            }
        },
        {
            "type": "Feature",
            "geometry": {
                "type": "Point",
                "coordinates": [
                    130.236494,
                    33.5700352
                ]
            },
            "properties": {
                "building": "retail",
                "name": "業務スーパー",
                "shop": "supermarket",
                "osm_type": "way",
                "osm_id": 731800557,
                "tag": "shop=supermarket"
            }
        },
        {
            "type": "Feature",
            "geometry": {
                "type": "Point",
                "coordinates": [
                    130.5077138,
                    33.2376234
                ]
            },
            "properties": {
                "building": "yes",
                "name": "マミーズ",
                "shop": "supermarket",
                "osm_type": "way",
                "osm_id": 737882875,
                "tag": "shop=supermarket"
            }
        },
        {
            "type": "Feature",
            "geometry": {
                "type": "Point",
                "coordinates": [
                    130.5156064,
                    33.1265078
                ]
            },
            "properties": {
                "addr:block_number": "964",
                "addr:city": "みやま市",
                "addr:neighbourhood": "立山",
                "addr:postcode": "835-0101",
                "addr:province": "福岡県",
                "addr:quarter": "山川町",
                "building": "yes",
                "name": "Aコープ山川店",
                "operator": "株式会社Aコープ九州",
                "shop": "supermarket",
                "osm_type": "way",
                "osm_id": 743591987,
                "tag": "shop=supermarket"
            }
        },
        {
            "type": "Feature",
            "geometry": {
                "type": "Point",
                "coordinates": [
                    130.5385273,
                    33.3096709
                ]
            },
            "properties": {
                "building": "yes",
                "shop": "supermarket",
                "osm_type": "way",
                "osm_id": 753811507,
                "tag": "shop=supermarket"
            }
        },
        {
            "type": "Feature",
            "geometry": {
                "type": "Point",
                "coordinates": [
                    130.9673157,
                    33.9450316
                ]
            },
            "properties": {
                "branch": "門司港店",
                "building": "yes",
                "name": "ハローデイ",
                "shop": "supermarket",
                "osm_type": "way",
                "osm_id": 770421586,
                "tag": "shop=supermarket"
            }
        },
        {
            "type": "Feature",
            "geometry": {
                "type": "Point",
                "coordinates": [
                    130.5453936,
                    33.5159126
                ]
            },
            "properties": {
                "building": "yes",
                "name": "ダイレックス 筑紫野原店",
                "shop": "supermarket",
                "osm_type": "way",
                "osm_id": 771770076,
                "tag": "shop=supermarket"
            }
        },
        {
            "type": "Feature",
            "geometry": {
                "type": "Point",
                "coordinates": [
                    130.4462733,
                    33.5647075
                ]
            },
            "properties": {
                "building": "yes",
                "name": "マルショク",
                "shop": "supermarket",
                "osm_type": "way",
                "osm_id": 772842770,
                "tag": "shop=supermarket"
            }
        },
        {
            "type": "Feature",
            "geometry": {
                "type": "Point",
                "coordinates": [
                    130.9467354,
                    33.8115004
                ]
            },
            "properties": {
                "building": "yes",
                "name": "ゆめマート 朽網店",
                "shop": "supermarket",
                "osm_type": "way",
                "osm_id": 774731562,
                "tag": "shop=supermarket"
            }
        },
        {
            "type": "Feature",
            "geometry": {
                "type": "Point",
                "coordinates": [
                    130.4838161,
                    33.5494919
                ]
            },
            "properties": {
                "building": "yes",
                "name": "マルキョウ 川久保店",
                "shop": "supermarket",
                "osm_type": "way",
                "osm_id": 781503112,
                "tag": "shop=supermarket"
            }
        },
        {
            "type": "Feature",
            "geometry": {
                "type": "Point",
                "coordinates": [
                    130.4837127,
                    33.5471791
                ]
            },
            "properties": {
                "building": "yes",
                "name": "マックスバリュ 御笠川店",
                "shop": "supermarket",
                "osm_type": "way",
                "osm_id": 781503116,
                "tag": "shop=supermarket"
            }
        },
        {
            "type": "Feature",
            "geometry": {
                "type": "Point",
                "coordinates": [
                    130.9376201,
                    33.8170051
                ]
            },
            "properties": {
                "building": "yes",
                "name": "ハローデイ",
                "shop": "supermarket",
                "osm_type": "way",
                "osm_id": 785092128,
                "tag": "shop=supermarket"
            }
        },
        {
            "type": "Feature",
            "geometry": {
                "type": "Point",
                "coordinates": [
                    130.934225,
                    33.8177085
                ]
            },
            "properties": {
                "building": "yes",
                "name": "ニューヨークストア",
                "shop": "supermarket",
                "osm_type": "way",
                "osm_id": 785092148,
                "tag": "shop=supermarket"
            }
        },
        {
            "type": "Feature",
            "geometry": {
                "type": "Point",
                "coordinates": [
                    130.4510721,
                    33.564245
                ]
            },
            "properties": {
                "building": "retail",
                "building:levels": "1",
                "ele": "9.4",
                "height": "8",
                "shop": "supermarket",
                "source": "MLIT_PLATEAU bldg_b2da10dd-6486-417b-b91e-b2e5ababdcc5",
                "osm_type": "way",
                "osm_id": 785795628,
                "tag": "shop=supermarket"
            }
        },
        {
            "type": "Feature",
            "geometry": {
                "type": "Point",
                "coordinates": [
                    130.9398978,
                    33.8358045
                ]
            },
            "properties": {
                "building": "yes",
                "name": "マルショク",
                "shop": "supermarket",
                "osm_type": "way",
                "osm_id": 787908996,
                "tag": "shop=supermarket"
            }
        },
        {
            "type": "Feature",
            "geometry": {
                "type": "Point",
                "coordinates": [
                    130.7627979,
                    33.8613543
                ]
            },
            "properties": {
                "building": "retail",
                "name": "ハローデイ黒崎店",
                "shop": "supermarket",
                "osm_type": "way",
                "osm_id": 802164719,
                "tag": "shop=supermarket"
            }
        },
        {
            "type": "Feature",
            "geometry": {
                "type": "Point",
                "coordinates": [
                    130.7064967,
                    33.8730085
                ]
            },
            "properties": {
                "building": "retail",
                "name": "ハローデイ共立大前店",
                "shop": "supermarket",
                "osm_type": "way",
                "osm_id": 802505665,
                "tag": "shop=supermarket"
            }
        },
        {
            "type": "Feature",
            "geometry": {
                "type": "Point",
                "coordinates": [
                    130.3986198,
                    33.5907384
                ]
            },
            "properties": {
                "branch": "福岡パルコ",
                "building": "yes",
                "building:levels": "8",
                "name": "福岡パルコ",
                "name:en": "Parco",
                "name:ja": "パルコ(本館)",
                "name:ja-Hira": "パルコ",
                "name:ko": "파루코",
                "name:zh": "福岡 Parco",
                "shop": "supermarket",
                "wikidata": "Q17210271",
                "wikipedia": "ja:福岡パルコ",
                "osm_type": "way",
                "osm_id": 810621745,
                "tag": "shop=supermarket"
            }
        },
        {
            "type": "Feature",
            "geometry": {
                "type": "Point",
                "coordinates": [
                    130.4712849,
                    33.7926213
                ]
            },
            "properties": {
                "branch": "津屋崎",
                "building": "yes",
                "name": "ゆめマート",
                "shop": "supermarket",
                "source": "GSImaps/std;survey",
                "osm_type": "way",
                "osm_id": 817094732,
                "tag": "shop=supermarket"
            }
        },
        {
            "type": "Feature",
            "geometry": {
                "type": "Point",
                "coordinates": [
                    130.5049046,
                    33.7710309
                ]
            },
            "properties": {
                "branch": "東福間店",
                "building": "retail",
                "name": "ダイレックス",
                "shop": "supermarket",
                "source": "GSImaps/std",
                "osm_type": "way",
                "osm_id": 820419707,
                "tag": "shop=supermarket"
            }
        },
        {
            "type": "Feature",
            "geometry": {
                "type": "Point",
                "coordinates": [
                    130.4956071,
                    33.7700281
                ]
            },
            "properties": {
                "building": "yes",
                "name": "お肉の工場直売所 あんず",
                "shop": "supermarket",
                "source": "GSImaps/std",
                "osm_type": "way",
                "osm_id": 823628049,
                "tag": "shop=supermarket"
            }
        },
        {
            "type": "Feature",
            "geometry": {
                "type": "Point",
                "coordinates": [
                    130.5633544,
                    33.8099934
                ]
            },
            "properties": {
                "building": "retail",
                "name": "グリーンコープ",
                "shop": "supermarket",
                "source": "GSImaps/std",
                "osm_type": "way",
                "osm_id": 824816834,
                "tag": "shop=supermarket"
            }
        },
        {
            "type": "Feature",
            "geometry": {
                "type": "Point",
                "coordinates": [
                    130.6774129,
                    33.3417673
                ]
            },
            "properties": {
                "branch": "田主丸店",
                "building": "retail",
                "name": "ラ・ムー",
                "shop": "supermarket",
                "osm_type": "way",
                "osm_id": 829079349,
                "tag": "shop=supermarket"
            }
        },
        {
            "type": "Feature",
            "geometry": {
                "type": "Point",
                "coordinates": [
                    130.5591497,
                    33.3927588
                ]
            },
            "properties": {
                "branch": "小郡七夕通り",
                "brand": "マックスバリュ",
                "brand:en": "MaxValu",
                "brand:ja": "マックスバリュ",
                "brand:wikidata": "Q11340427",
                "building": "yes",
                "name": "マックスバリュ",
                "name:en": "MaxValu",
                "name:ja": "マックスバリュ",
                "shop": "supermarket",
                "source": "GSImaps/std",
                "website": "https://tenpo.aeon-kyushu.info/maxvalu/detail/mv-ogoritanabatado/",
                "osm_type": "way",
                "osm_id": 834358951,
                "tag": "shop=supermarket"
            }
        },
        {
            "type": "Feature",
            "geometry": {
                "type": "Point",
                "coordinates": [
                    130.3147833,
                    33.567275
                ]
            },
            "properties": {
                "brand": "ドン・キホーテ",
                "brand:en": "Don Quijote",
                "brand:ja": "ドン・キホーテ",
                "brand:wikidata": "Q1185381",
                "brand:wikipedia": "ja:ドン・キホーテ (企業)",
                "building": "retail",
                "building:levels": "3",
                "ele": "5.2",
                "height": "35.1",
                "layer": "1",
                "name": "MEGAドン・キホーテ福岡福重店",
                "name:en": "MEGA Don Quijote",
                "name:ja": "MEGAドン・キホーテ",
                "opening_hours": "08:00-24:00",
                "phone": "0570-097-511",
                "shop": "supermarket",
                "short_name": "MEGAドンキ",
                "short_name:en": "MegaDonki",
                "short_name:ja": "MEGAドンキ",
                "website": "https://www.donki.com/store/shop_detail.php?add=1&shop_id=573&pref=41&area=&pre=shop_list&parts=menu_detail",
                "osm_type": "way",
                "osm_id": 845813487,
                "tag": "shop=supermarket"
            }
        },
        {
            "type": "Feature",
            "geometry": {
                "type": "Point",
                "coordinates": [
                    130.5858478,
                    33.39775
                ]
            },
            "properties": {
                "building": "yes",
                "name": "業務スーパー小郡松崎店",
                "name:en": "Gyomu Super Ogori Matsuzaki",
                "shop": "supermarket",
                "source": "GSImaps/ort",
                "osm_type": "way",
                "osm_id": 881745755,
                "tag": "shop=supermarket"
            }
        },
        {
            "type": "Feature",
            "geometry": {
                "type": "Point",
                "coordinates": [
                    130.1410168,
                    33.1915614
                ]
            },
            "properties": {
                "building": "yes",
                "name": "スーパーモリナガ",
                "shop": "supermarket",
                "osm_type": "way",
                "osm_id": 901862440,
                "tag": "shop=supermarket"
            }
        },
        {
            "type": "Feature",
            "geometry": {
                "type": "Point",
                "coordinates": [
                    130.1408006,
                    33.1827204
                ]
            },
            "properties": {
                "brand": "エーコープ",
                "brand:en": "A-COOP",
                "brand:ja": "エーコープ",
                "brand:wikidata": "Q11291524",
                "brand:wikipedia": "ja:エーコープ",
                "building": "yes",
                "name": "エーコープ　しろいし点",
                "name:en": "A-COOP",
                "name:ja": "エーコープ",
                "organic": "only",
                "shop": "supermarket",
                "osm_type": "way",
                "osm_id": 902889556,
                "tag": "shop=supermarket"
            }
        },
        {
            "type": "Feature",
            "geometry": {
                "type": "Point",
                "coordinates": [
                    130.920991,
                    33.3235566
                ]
            },
            "properties": {
                "building": "yes",
                "shop": "supermarket",
                "osm_type": "way",
                "osm_id": 920661283,
                "tag": "shop=supermarket"
            }
        },
        {
            "type": "Feature",
            "geometry": {
                "type": "Point",
                "coordinates": [
                    130.8182437,
                    33.3341892
                ]
            },
            "properties": {
                "building": "yes",
                "layer": "1",
                "name": "道の駅　うきは",
                "shop": "supermarket",
                "wikidata": "Q11640652",
                "wikipedia": "ja:道の駅うきは",
                "osm_type": "way",
                "osm_id": 921172063,
                "tag": "shop=supermarket"
            }
        },
        {
            "type": "Feature",
            "geometry": {
                "type": "Point",
                "coordinates": [
                    130.4350075,
                    33.6702439
                ]
            },
            "properties": {
                "building": "retail",
                "building:levels": "2",
                "ele": "10.2",
                "height": "8",
                "name": "西鉄ストア",
                "shop": "supermarket",
                "source": "MLIT_PLATEAU bldg_cdf378fb-3683-45b9-9418-7ae4e667eb3c",
                "osm_type": "way",
                "osm_id": 922766255,
                "tag": "shop=supermarket"
            }
        },
        {
            "type": "Feature",
            "geometry": {
                "type": "Point",
                "coordinates": [
                    130.4812403,
                    33.7632103
                ]
            },
            "properties": {
                "branch": "福津店",
                "building": "yes",
                "name": "ゆめマート",
                "shop": "supermarket",
                "osm_type": "way",
                "osm_id": 939329843,
                "tag": "shop=supermarket"
            }
        },
        {
            "type": "Feature",
            "geometry": {
                "type": "Point",
                "coordinates": [
                    130.487598,
                    33.7598378
                ]
            },
            "properties": {
                "building": "yes",
                "name": "ミスターマックス",
                "shop": "supermarket",
                "osm_type": "way",
                "osm_id": 943443681,
                "tag": "shop=supermarket"
            }
        },
        {
            "type": "Feature",
            "geometry": {
                "type": "Point",
                "coordinates": [
                    130.3811495,
                    33.544536
                ]
            },
            "properties": {
                "building": "yes",
                "name": "サニー堤店",
                "opening_hours": "24/7",
                "shop": "supermarket",
                "osm_type": "way",
                "osm_id": 963824896,
                "tag": "shop=supermarket"
            }
        },
        {
            "type": "Feature",
            "geometry": {
                "type": "Point",
                "coordinates": [
                    130.380745,
                    33.5393071
                ]
            },
            "properties": {
                "branch": "東油山店",
                "building": "retail",
                "building:levels": "1",
                "ele": "20.8",
                "height": "9.3",
                "name": "マルキョウ",
                "shop": "supermarket",
                "source": "MLIT_PLATEAU bldg_74e43f34-45a6-4d3f-b067-cd92cfaa4e26",
                "osm_type": "way",
                "osm_id": 964054984,
                "tag": "shop=supermarket"
            }
        },
        {
            "type": "Feature",
            "geometry": {
                "type": "Point",
                "coordinates": [
                    130.3294006,
                    33.5657966
                ]
            },
            "properties": {
                "brand": "マックスバリュ",
                "brand:en": "Maxvalu Tokai",
                "brand:ja": "マックスバリュ",
                "brand:wikidata": "Q1960109",
                "brand:wikipedia": "en:MaxValu",
                "building": "retail",
                "building:levels": "1",
                "ele": "6.3",
                "height": "7.7",
                "name": "マックスバリュ",
                "name:en": "Maxvalu Tokai",
                "name:ja": "マックスバリュ",
                "opening_hours": "7:00-24:00",
                "shop": "supermarket",
                "source": "MLIT_PLATEAU bldg_4136977f-66ca-4a1e-ae14-ad705d909e94",
                "start_date": "2020",
                "website": "https://www.mv-kyushu.co.jp/shop/murozumi/",
                "osm_type": "way",
                "osm_id": 964202507,
                "tag": "shop=supermarket"
            }
        },
        {
            "type": "Feature",
            "geometry": {
                "type": "Point",
                "coordinates": [
                    130.3787611,
                    33.5935335
                ]
            },
            "properties": {
                "brand": "マックスバリュ",
                "brand:en": "MaxValu",
                "brand:ja": "マックスバリュ",
                "brand:wikidata": "Q11340427",
                "brand:wikipedia": "en:MaxValu",
                "building": "retail",
                "building:levels": "2",
                "ele": "2.1",
                "height": "11.9",
                "name": "マックスバリュ",
                "name:en": "MaxValu",
                "name:ja": "マックスバリュ",
                "opening_hours": "24/7",
                "phone": "092-781-0409",
                "shop": "supermarket",
                "source": "MLIT_PLATEAU bldg_da895aec-4390-4258-ba9b-accc4409dfb1",
                "website": "https://www.aeon-kyushu.info/shoplists#fukuoka",
                "osm_type": "way",
                "osm_id": 964452416,
                "tag": "shop=supermarket"
            }
        },
        {
            "type": "Feature",
            "geometry": {
                "type": "Point",
                "coordinates": [
                    130.336417,
                    33.5035207
                ]
            },
            "properties": {
                "brand": "マックスバリュ",
                "brand:en": "Maxvalu Tokai",
                "brand:ja": "マックスバリュ",
                "brand:wikidata": "Q1960109",
                "brand:wikipedia": "en:MaxValu",
                "building": "retail",
                "building:levels": "1",
                "ele": "53.2",
                "height": "7.6",
                "name": "マックスバリュ",
                "name:en": "Maxvalu Tokai",
                "name:ja": "マックスバリュ",
                "opening_hours": "8:00-23:00",
                "phone": "092-803-1726",
                "shop": "supermarket",
                "source": "MLIT_PLATEAU bldg_8c8d8412-6366-4cbc-8a33-b4b155f3b25c",
                "website": "https://www.mv-kyushu.co.jp/shop/uchino/",
                "osm_type": "way",
                "osm_id": 964477617,
                "tag": "shop=supermarket"
            }
        },
        {
            "type": "Feature",
            "geometry": {
                "type": "Point",
                "coordinates": [
                    130.3765072,
                    33.5741543
                ]
            },
            "properties": {
                "building": "retail",
                "building:levels": "1",
                "ele": "3.5",
                "name": "サニー梅光園店",
                "name:en": "Sunny",
                "name:ja": "サニー梅光園店",
                "opening_hours": "24/7",
                "shop": "supermarket",
                "source": "MLIT_PLATEAU bldg_d38d69f8-f729-431b-92c4-3608f663afd7",
                "osm_type": "way",
                "osm_id": 964509188,
                "tag": "shop=supermarket"
            }
        },
        {
            "type": "Feature",
            "geometry": {
                "type": "Point",
                "coordinates": [
                    130.3421829,
                    33.5642945
                ]
            },
            "properties": {
                "branch": "原店",
                "brand": "イオン",
                "brand:en": "AEON",
                "brand:ja": "イオン",
                "brand:wikidata": "Q11285951",
                "brand:wikipedia": "ja:イオン (店舗ブランド)",
                "building": "retail",
                "building:levels": "2",
                "ele": "4.8",
                "height": "18.6",
                "name": "イオン",
                "name:en": "AEON",
                "name:ja": "イオン",
                "note": "原イオンの北館の建物です",
                "shop": "supermarket",
                "source": "MLIT_PLATEAU bldg_c9251581-49dd-4933-9276-09a3969a11a6",
                "start_date": "2020",
                "wikidata": "Q11286241",
                "wikipedia": "ja:イオン原店",
                "osm_type": "way",
                "osm_id": 964514234,
                "tag": "shop=supermarket"
            }
        },
        {
            "type": "Feature",
            "geometry": {
                "type": "Point",
                "coordinates": [
                    130.7656346,
                    33.8610863
                ]
            },
            "properties": {
                "building": "retail",
                "name": "サンリブ黒崎店",
                "shop": "supermarket",
                "osm_type": "way",
                "osm_id": 973184476,
                "tag": "shop=supermarket"
            }
        },
        {
            "type": "Feature",
            "geometry": {
                "type": "Point",
                "coordinates": [
                    130.8090118,
                    33.8673925
                ]
            },
            "properties": {
                "building": "retail",
                "name": "ディスカウントドラッグ コスモス東田店",
                "shop": "supermarket",
                "osm_type": "way",
                "osm_id": 977526802,
                "tag": "shop=supermarket"
            }
        },
        {
            "type": "Feature",
            "geometry": {
                "type": "Point",
                "coordinates": [
                    130.000532,
                    33.1089524
                ]
            },
            "properties": {
                "building": "retail",
                "name": "スーパーセンタートライアル嬉野店",
                "shop": "supermarket",
                "osm_type": "way",
                "osm_id": 977752841,
                "tag": "shop=supermarket"
            }
        },
        {
            "type": "Feature",
            "geometry": {
                "type": "Point",
                "coordinates": [
                    130.0340875,
                    33.2010456
                ]
            },
            "properties": {
                "building": "retail",
                "name": "スーパートライアル武雄店",
                "shop": "supermarket",
                "osm_type": "way",
                "osm_id": 977778211,
                "tag": "shop=supermarket"
            }
        },
        {
            "type": "Feature",
            "geometry": {
                "type": "Point",
                "coordinates": [
                    130.9885996,
                    33.713944
                ]
            },
            "properties": {
                "branch": "行橋店",
                "building": "retail",
                "name": "トライアル",
                "shop": "supermarket",
                "source": "GSImaps/std",
                "osm_type": "way",
                "osm_id": 983843362,
                "tag": "shop=supermarket"
            }
        },
        {
            "type": "Feature",
            "geometry": {
                "type": "Point",
                "coordinates": [
                    130.0231131,
                    33.1925807
                ]
            },
            "properties": {
                "landuse": "retail",
                "name": "マルキョウ武雄店",
                "name:en": "Marukyo",
                "shop": "supermarket",
                "osm_type": "way",
                "osm_id": 984283343,
                "tag": "shop=supermarket"
            }
        },
        {
            "type": "Feature",
            "geometry": {
                "type": "Point",
                "coordinates": [
                    130.1910911,
                    33.2925201
                ]
            },
            "properties": {
                "amenity": "pharmacy",
                "building": "retail",
                "dispensing": "no",
                "name": "ドラッグストアモリ",
                "shop": "supermarket",
                "osm_type": "way",
                "osm_id": 998740324,
                "tag": "shop=supermarket"
            }
        },
        {
            "type": "Feature",
            "geometry": {
                "type": "Point",
                "coordinates": [
                    130.1997804,
                    33.2971028
                ]
            },
            "properties": {
                "amenity": "pharmacy",
                "dispensing": "no",
                "name": "ドラッグストアモリ",
                "shop": "supermarket",
                "osm_type": "way",
                "osm_id": 998740775,
                "tag": "shop=supermarket"
            }
        },
        {
            "type": "Feature",
            "geometry": {
                "type": "Point",
                "coordinates": [
                    130.2010318,
                    33.2969942
                ]
            },
            "properties": {
                "landuse": "retail",
                "name": "スーパーモリナガ",
                "shop": "supermarket",
                "osm_type": "way",
                "osm_id": 998740777,
                "tag": "shop=supermarket"
            }
        },
        {
            "type": "Feature",
            "geometry": {
                "type": "Point",
                "coordinates": [
                    130.4280496,
                    33.5563968
                ]
            },
            "properties": {
                "addr:block_number": "27",
                "addr:city": "福岡市",
                "addr:housenumber": "8",
                "addr:neighbourhood": "1",
                "addr:postcode": "8150033",
                "addr:province": "福岡県",
                "addr:quarter": "大橋",
                "addr:suburb": "南区",
                "building": "retail",
                "building:levels": "2",
                "ele": "11.1",
                "height": "18",
                "name": "マックスバリュエクスプレス大橋店",
                "shop": "supermarket",
                "smoking": "no",
                "source": "MLIT_PLATEAU bldg_bee6d3f4-22ce-4954-9aab-cd2026f63ad7",
                "osm_type": "way",
                "osm_id": 1006012623,
                "tag": "shop=supermarket"
            }
        },
        {
            "type": "Feature",
            "geometry": {
                "type": "Point",
                "coordinates": [
                    130.3166097,
                    33.2385689
                ]
            },
            "properties": {
                "building": "yes",
                "building:levels": "1",
                "name": "スーパーモリナガ 南佐賀店",
                "shop": "supermarket",
                "osm_type": "way",
                "osm_id": 1010461980,
                "tag": "shop=supermarket"
            }
        },
        {
            "type": "Feature",
            "geometry": {
                "type": "Point",
                "coordinates": [
                    130.319485,
                    33.1882523
                ]
            },
            "properties": {
                "building": "yes",
                "name": "まるしょうストアー",
                "shop": "supermarket",
                "osm_type": "way",
                "osm_id": 1015057918,
                "tag": "shop=supermarket"
            }
        },
        {
            "type": "Feature",
            "geometry": {
                "type": "Point",
                "coordinates": [
                    130.1344782,
                    33.2169622
                ]
            },
            "properties": {
                "branch": "大町店",
                "landuse": "retail",
                "name": "トライアル",
                "shop": "supermarket",
                "osm_type": "way",
                "osm_id": 1040131528,
                "tag": "shop=supermarket"
            }
        },
        {
            "type": "Feature",
            "geometry": {
                "type": "Point",
                "coordinates": [
                    130.3972956,
                    33.5693458
                ]
            },
            "properties": {
                "addr:city": "福岡市",
                "addr:postcode": "810-0014",
                "addr:province": "福岡県",
                "addr:suburb": "中央区",
                "building": "retail",
                "building:levels": "4",
                "ele": "7.8",
                "height": "10.6",
                "name": "makii",
                "name:en": "makii",
                "name:ja": "マキイ",
                "opening_hours": "24/7",
                "organic": "yes",
                "phone": "092-522-7000",
                "shop": "supermarket",
                "source": "MLIT_PLATEAU bldg_7761e326-394e-496d-bdf4-b26fcb290829",
                "website": "https://www.makii.com/",
                "osm_type": "way",
                "osm_id": 1046077401,
                "tag": "shop=supermarket"
            }
        },
        {
            "type": "Feature",
            "geometry": {
                "type": "Point",
                "coordinates": [
                    130.3897606,
                    33.5648399
                ]
            },
            "properties": {
                "branch": "小笹店",
                "building": "retail",
                "building:levels": "1",
                "ele": "11.6",
                "height": "15.7",
                "name": "マルキョウ",
                "shop": "supermarket",
                "source": "MLIT_PLATEAU bldg_36b00657-016a-4177-bdd4-f0c9f4ab3a4e",
                "osm_type": "way",
                "osm_id": 1046077426,
                "tag": "shop=supermarket"
            }
        },
        {
            "type": "Feature",
            "geometry": {
                "type": "Point",
                "coordinates": [
                    130.8901226,
                    33.8575744
                ]
            },
            "properties": {
                "building": "yes",
                "name": "マルショク重住店",
                "shop": "supermarket",
                "osm_type": "way",
                "osm_id": 1047071482,
                "tag": "shop=supermarket"
            }
        },
        {
            "type": "Feature",
            "geometry": {
                "type": "Point",
                "coordinates": [
                    130.8671624,
                    33.8845457
                ]
            },
            "properties": {
                "building": "yes",
                "name": "サンリブ 西小倉店",
                "opening_hours": "09:30-22:00",
                "payment:cash": "yes",
                "payment:credit_cards": "yes",
                "shop": "supermarket",
                "osm_type": "way",
                "osm_id": 1049523031,
                "tag": "shop=supermarket"
            }
        },
        {
            "type": "Feature",
            "geometry": {
                "type": "Point",
                "coordinates": [
                    130.06247,
                    33.2206153
                ]
            },
            "properties": {
                "building": "retail",
                "shop": "supermarket",
                "osm_type": "way",
                "osm_id": 1056907450,
                "tag": "shop=supermarket"
            }
        },
        {
            "type": "Feature",
            "geometry": {
                "type": "Point",
                "coordinates": [
                    130.0876491,
                    33.1106463
                ]
            },
            "properties": {
                "building": "retail",
                "building:colour": "white",
                "height": "4",
                "name": "モリナガ",
                "shop": "supermarket",
                "osm_type": "way",
                "osm_id": 1060259055,
                "tag": "shop=supermarket"
            }
        },
        {
            "type": "Feature",
            "geometry": {
                "type": "Point",
                "coordinates": [
                    130.3066809,
                    33.2135416
                ]
            },
            "properties": {
                "building": "yes",
                "name": "スーパーモリナガ 空港通り店",
                "shop": "supermarket",
                "osm_type": "way",
                "osm_id": 1064559340,
                "tag": "shop=supermarket"
            }
        },
        {
            "type": "Feature",
            "geometry": {
                "type": "Point",
                "coordinates": [
                    130.4650067,
                    33.7358843
                ]
            },
            "properties": {
                "building": "yes",
                "name": "ファディ",
                "shop": "supermarket",
                "source": "GSImaps/std",
                "osm_type": "way",
                "osm_id": 1076080707,
                "tag": "shop=supermarket"
            }
        },
        {
            "type": "Feature",
            "geometry": {
                "type": "Point",
                "coordinates": [
                    130.3974842,
                    33.1784304
                ]
            },
            "properties": {
                "brand": "トライアル",
                "brand:en": "Trial",
                "brand:ja": "トライアル",
                "brand:wikidata": "Q11321723",
                "building": "yes",
                "name": "トライアル",
                "name:en": "Trial",
                "name:ja": "トライアル",
                "shop": "supermarket",
                "osm_type": "way",
                "osm_id": 1076090405,
                "tag": "shop=supermarket"
            }
        },
        {
            "type": "Feature",
            "geometry": {
                "type": "Point",
                "coordinates": [
                    130.4242888,
                    33.1616557
                ]
            },
            "properties": {
                "brand": "ゆめタウン",
                "brand:en": "YouMe Town",
                "brand:ja": "ゆめタウン",
                "brand:wikidata": "Q11280900",
                "building": "yes",
                "name": "ゆめタウン",
                "name:en": "YouMe Town",
                "name:ja": "ゆめタウン",
                "shop": "supermarket",
                "osm_type": "way",
                "osm_id": 1076222282,
                "tag": "shop=supermarket"
            }
        },
        {
            "type": "Feature",
            "geometry": {
                "type": "Point",
                "coordinates": [
                    130.36437,
                    33.5746647
                ]
            },
            "properties": {
                "brand:website": "https://www.halloday.co.jp",
                "check_date": "2024-11-03",
                "name": "ハローディ",
                "name:en": "HalloDay",
                "opening_hours": "09:00-22:00",
                "payment:cash": "yes",
                "payment:credit_cards": "yes",
                "payment:debit_cards": "yes",
                "payment:qr_code": "yes",
                "shop": "supermarket",
                "wheelchair": "yes",
                "osm_type": "way",
                "osm_id": 1086214269,
                "tag": "shop=supermarket"
            }
        },
        {
            "type": "Feature",
            "geometry": {
                "type": "Point",
                "coordinates": [
                    130.9448766,
                    33.8513081
                ]
            },
            "properties": {
                "building": "yes",
                "shop": "supermarket",
                "osm_type": "way",
                "osm_id": 1093271363,
                "tag": "shop=supermarket"
            }
        },
        {
            "type": "Feature",
            "geometry": {
                "type": "Point",
                "coordinates": [
                    130.6767227,
                    33.5857792
                ]
            },
            "properties": {
                "building": "yes",
                "name": "スーパーセンタートライアル桂川店",
                "shop": "supermarket",
                "osm_type": "way",
                "osm_id": 1107275230,
                "tag": "shop=supermarket"
            }
        },
        {
            "type": "Feature",
            "geometry": {
                "type": "Point",
                "coordinates": [
                    130.8798823,
                    33.8854685
                ]
            },
            "properties": {
                "brand": "業務スーパー",
                "brand:en": "Gyomu Super",
                "brand:ja": "業務スーパー",
                "brand:ja-Latn": "Gyōmu sūpā",
                "brand:wikidata": "Q11590183",
                "building": "yes",
                "layer": "-1",
                "name": "業務スーパー",
                "name:en": "Gyomu Super",
                "name:ja": "業務スーパー",
                "name:ja-Latn": "Gyōmu sūpā",
                "shop": "supermarket",
                "osm_type": "way",
                "osm_id": 1118502004,
                "tag": "shop=supermarket"
            }
        },
        {
            "type": "Feature",
            "geometry": {
                "type": "Point",
                "coordinates": [
                    130.9511632,
                    34.0126524
                ]
            },
            "properties": {
                "branch": "下関店",
                "building": "yes",
                "building:levels": "1",
                "contact:website": "https://cms.mechao.tv/fadie01/store?id=035efb7df541581a3acec5f75f6e6ce5",
                "name": "ファディ",
                "roof:shape": "flat",
                "shop": "supermarket",
                "stroller": "yes",
                "wheelchair": "yes",
                "osm_type": "way",
                "osm_id": 1126822282,
                "tag": "shop=supermarket"
            }
        },
        {
            "type": "Feature",
            "geometry": {
                "type": "Point",
                "coordinates": [
                    130.3880823,
                    33.5514486
                ]
            },
            "properties": {
                "branch": "長尾店",
                "building": "retail",
                "building:levels": "3",
                "ele": "13.7",
                "height": "13.1",
                "name": "カフェファディーズ",
                "shop": "supermarket",
                "source": "MLIT_PLATEAU bldg_31faeb85-779a-4b5e-849c-fd22d6b0baeb",
                "osm_type": "way",
                "osm_id": 1126980965,
                "tag": "shop=supermarket"
            }
        },
        {
            "type": "Feature",
            "geometry": {
                "type": "Point",
                "coordinates": [
                    130.4468911,
                    33.7106866
                ]
            },
            "properties": {
                "building": "retail",
                "name": "ゆめマート 新宮店",
                "name:en": "You me Mart Shingu Shop",
                "phone": "+81 92 940 6600",
                "shop": "supermarket",
                "source": "GSImaps/std",
                "osm_type": "way",
                "osm_id": 1128433096,
                "tag": "shop=supermarket"
            }
        },
        {
            "type": "Feature",
            "geometry": {
                "type": "Point",
                "coordinates": [
                    130.5425604,
                    33.4948769
                ]
            },
            "properties": {
                "building": "yes",
                "name": "グリーンコープ生協ふくおか 高雄店",
                "name:en": "Green co-op",
                "shop": "supermarket",
                "osm_type": "way",
                "osm_id": 1150585604,
                "tag": "shop=supermarket"
            }
        },
        {
            "type": "Feature",
            "geometry": {
                "type": "Point",
                "coordinates": [
                    130.5112817,
                    33.5045044
                ]
            },
            "properties": {
                "building": "yes",
                "name": "明治屋食品ジャンボ市 太宰府店",
                "shop": "supermarket",
                "osm_type": "way",
                "osm_id": 1151126821,
                "tag": "shop=supermarket"
            }
        },
        {
            "type": "Feature",
            "geometry": {
                "type": "Point",
                "coordinates": [
                    130.5047007,
                    33.4981305
                ]
            },
            "properties": {
                "building": "yes",
                "name": "TRIALsmart 筑紫野店",
                "shop": "supermarket",
                "osm_type": "way",
                "osm_id": 1153633085,
                "tag": "shop=supermarket"
            }
        },
        {
            "type": "Feature",
            "geometry": {
                "type": "Point",
                "coordinates": [
                    130.5332178,
                    33.4838546
                ]
            },
            "properties": {
                "building": "yes",
                "name": "Reganet 朝倉街道店",
                "shop": "supermarket",
                "osm_type": "way",
                "osm_id": 1155133420,
                "tag": "shop=supermarket"
            }
        },
        {
            "type": "Feature",
            "geometry": {
                "type": "Point",
                "coordinates": [
                    130.3646425,
                    33.1912654
                ]
            },
            "properties": {
                "building": "yes",
                "name": "植木商店一木店",
                "shop": "supermarket",
                "osm_type": "way",
                "osm_id": 1156367793,
                "tag": "shop=supermarket"
            }
        },
        {
            "type": "Feature",
            "geometry": {
                "type": "Point",
                "coordinates": [
                    130.3756033,
                    33.2050414
                ]
            },
            "properties": {
                "building": "yes",
                "name": "原田商店",
                "shop": "supermarket",
                "osm_type": "way",
                "osm_id": 1156517638,
                "tag": "shop=supermarket"
            }
        },
        {
            "type": "Feature",
            "geometry": {
                "type": "Point",
                "coordinates": [
                    130.4027953,
                    33.1762066
                ]
            },
            "properties": {
                "brand": "業務スーパー",
                "brand:en": "Gyomu Super",
                "brand:ja": "業務スーパー",
                "brand:ja-Latn": "Gyōmu sūpā",
                "brand:wikidata": "Q105687460",
                "building": "yes",
                "name": "業務スーパー",
                "name:en": "Gyomu Super",
                "name:ja": "業務スーパー",
                "name:ja-Latn": "Gyōmu sūpā",
                "shop": "supermarket",
                "osm_type": "way",
                "osm_id": 1156686507,
                "tag": "shop=supermarket"
            }
        },
        {
            "type": "Feature",
            "geometry": {
                "type": "Point",
                "coordinates": [
                    130.4806125,
                    33.5111884
                ]
            },
            "properties": {
                "building": "yes",
                "name": "マルキョウ 南大利店",
                "shop": "supermarket",
                "osm_type": "way",
                "osm_id": 1157237929,
                "tag": "shop=supermarket"
            }
        },
        {
            "type": "Feature",
            "geometry": {
                "type": "Point",
                "coordinates": [
                    130.3913845,
                    33.5446401
                ]
            },
            "properties": {
                "building": "retail",
                "name": "マルキョウ 桧原店",
                "shop": "supermarket",
                "osm_type": "way",
                "osm_id": 1158836881,
                "tag": "shop=supermarket"
            }
        },
        {
            "type": "Feature",
            "geometry": {
                "type": "Point",
                "coordinates": [
                    130.4947681,
                    33.5924216
                ]
            },
            "properties": {
                "branch": "スーパーセンター須恵店",
                "building": "retail",
                "name": "トライアル",
                "name:en": "TRIAL",
                "name:ja": "トライアル",
                "opening_hours": "24/7",
                "shop": "supermarket",
                "osm_type": "way",
                "osm_id": 1162777094,
                "tag": "shop=supermarket"
            }
        },
        {
            "type": "Feature",
            "geometry": {
                "type": "Point",
                "coordinates": [
                    130.4976815,
                    33.5251707
                ]
            },
            "properties": {
                "building": "yes",
                "name": "マルキョウ 水城店",
                "shop": "supermarket",
                "osm_type": "way",
                "osm_id": 1175845804,
                "tag": "shop=supermarket"
            }
        },
        {
            "type": "Feature",
            "geometry": {
                "type": "Point",
                "coordinates": [
                    130.4038716,
                    33.1822564
                ]
            },
            "properties": {
                "building": "yes",
                "name": "アスタラビスタ柳川西店",
                "shop": "supermarket",
                "osm_type": "way",
                "osm_id": 1196109594,
                "tag": "shop=supermarket"
            }
        },
        {
            "type": "Feature",
            "geometry": {
                "type": "Point",
                "coordinates": [
                    130.6121198,
                    33.849873
                ]
            },
            "properties": {
                "building": "yes",
                "name": "ハローデイ　岡垣店",
                "shop": "supermarket",
                "osm_type": "way",
                "osm_id": 1204660312,
                "tag": "shop=supermarket"
            }
        },
        {
            "type": "Feature",
            "geometry": {
                "type": "Point",
                "coordinates": [
                    130.791993,
                    33.3321513
                ]
            },
            "properties": {
                "addr:block_number": "584",
                "addr:city": "うきは市",
                "addr:housenumber": "1",
                "addr:neighbourhood": "浮羽町朝田",
                "branch": "うきは店",
                "brand": "エーコープ",
                "brand:en": "A-COOP",
                "brand:ja": "エーコープ",
                "brand:wikidata": "Q11291524",
                "building": "retail",
                "building:levels": "2",
                "building:levels:underground": "0",
                "ele": "46.2",
                "height": "8.4",
                "name": "エーコープ",
                "name:en": "A-COOP",
                "name:ja": "エーコープ",
                "organic": "only",
                "phone": "+81 943 77 5439",
                "shop": "supermarket",
                "osm_type": "way",
                "osm_id": 1212541484,
                "tag": "shop=supermarket"
            }
        },
        {
            "type": "Feature",
            "geometry": {
                "type": "Point",
                "coordinates": [
                    130.7664411,
                    33.3469127
                ]
            },
            "properties": {
                "branch": "うきは",
                "brand:wikidata": "Q11280947",
                "building": "retail",
                "name": "ゆめマート",
                "name:ja": "ゆめマート",
                "shop": "supermarket",
                "osm_type": "way",
                "osm_id": 1214232227,
                "tag": "shop=supermarket"
            }
        },
        {
            "type": "Feature",
            "geometry": {
                "type": "Point",
                "coordinates": [
                    130.4386673,
                    33.6521383
                ]
            },
            "properties": {
                "building": "commercial",
                "name": "ハローデイ ハローパーク千早店",
                "shop": "supermarket",
                "osm_type": "way",
                "osm_id": 1215634576,
                "tag": "shop=supermarket"
            }
        },
        {
            "type": "Feature",
            "geometry": {
                "type": "Point",
                "coordinates": [
                    130.3486846,
                    33.5762699
                ]
            },
            "properties": {
                "branch": "紅葉店",
                "building": "yes",
                "name": "ザ・大黒天",
                "opening_hours": "Mo-Su 08:00-22:00",
                "shop": "supermarket",
                "osm_type": "way",
                "osm_id": 1279603332,
                "tag": "shop=supermarket"
            }
        },
        {
            "type": "Feature",
            "geometry": {
                "type": "Point",
                "coordinates": [
                    130.3534234,
                    33.5746888
                ]
            },
            "properties": {
                "building": "commercial",
                "building:levels": "2",
                "check_date": "2024-03-24",
                "level": "0",
                "name": "マルショク",
                "note": "2024年2月オープンのようです。以前は独自ブランドサトウ食選館でした。",
                "shop": "supermarket",
                "source": "survey;local knowledge",
                "osm_type": "way",
                "osm_id": 1279603360,
                "tag": "shop=supermarket"
            }
        },
        {
            "type": "Feature",
            "geometry": {
                "type": "Point",
                "coordinates": [
                    130.4155146,
                    33.6644078
                ]
            },
            "properties": {
                "brand": "トライアル",
                "brand:en": "Trial",
                "brand:ja": "トライアル",
                "brand:wikidata": "Q11321723",
                "building": "retail",
                "building:levels": "1",
                "ele": "2",
                "height": "8",
                "name": "トライアル",
                "name:en": "Trial",
                "name:ja": "トライアル",
                "shop": "supermarket",
                "source": "MLIT_PLATEAU bldg_698fca14-fc89-4143-9e28-2804dc671c5e",
                "start_date": "2018",
                "osm_type": "way",
                "osm_id": 1338144344,
                "tag": "shop=supermarket"
            }
        },
        {
            "type": "Feature",
            "geometry": {
                "type": "Point",
                "coordinates": [
                    130.8161959,
                    33.8706484
                ]
            },
            "properties": {
                "building": "yes",
                "name": "マルショク山王店",
                "shop": "supermarket",
                "osm_type": "way",
                "osm_id": 1377706395,
                "tag": "shop=supermarket"
            }
        },
        {
            "type": "Feature",
            "geometry": {
                "type": "Point",
                "coordinates": [
                    130.7371715,
                    33.8332457
                ]
            },
            "properties": {
                "building": "yes",
                "name": "三ヶ森綜合ストア",
                "shop": "supermarket",
                "osm_type": "way",
                "osm_id": 1383099685,
                "tag": "shop=supermarket"
            }
        },
        {
            "type": "Feature",
            "geometry": {
                "type": "Point",
                "coordinates": [
                    130.7238016,
                    33.8441332
                ]
            },
            "properties": {
                "branch": "鷹見台店",
                "building": "yes",
                "name": "スピナ",
                "shop": "supermarket",
                "osm_type": "way",
                "osm_id": 1385104213,
                "tag": "shop=supermarket"
            }
        },
        {
            "type": "Feature",
            "geometry": {
                "type": "Point",
                "coordinates": [
                    130.0251655,
                    33.3444408
                ]
            },
            "properties": {
                "branch": "相知店",
                "building": "retail",
                "name": "ドラッグストアコスモス",
                "name:en": "Drug Cosmos",
                "name:ja": "ドラッグストアコスモス",
                "operator": "コスモス薬品",
                "operator:wikidata": "Q11302127",
                "shop": "supermarket",
                "osm_type": "way",
                "osm_id": 1414952016,
                "tag": "shop=supermarket"
            }
        },
        {
            "type": "Feature",
            "geometry": {
                "type": "Point",
                "coordinates": [
                    130.7340598,
                    33.7696002
                ]
            },
            "properties": {
                "addr:block_number": "1967",
                "addr:city": "直方市",
                "addr:neighbourhood": "大字感田",
                "addr:postcode": "822-0001",
                "addr:province": "福岡県",
                "branch": "直方店",
                "brand": "トライアル",
                "brand:en": "Trial",
                "brand:ja": "トライアル",
                "brand:wikidata": "Q11321723",
                "building": "yes",
                "name": "トライアル",
                "name:en": "Trial",
                "name:ja": "トライアル",
                "opening_hours": "24/7",
                "phone": "+81-949-26-8889",
                "shop": "supermarket",
                "website": "https://www.trial-net.co.jp/shops/11/#info",
                "osm_type": "way",
                "osm_id": 1443218140,
                "tag": "shop=supermarket"
            }
        },
        {
            "type": "Feature",
            "geometry": {
                "type": "Point",
                "coordinates": [
                    130.4795138,
                    33.5298884
                ]
            },
            "properties": {
                "building": "yes",
                "name": "エルショップ",
                "shop": "supermarket",
                "osm_type": "way",
                "osm_id": 1457263758,
                "tag": "shop=supermarket"
            }
        },
        {
            "type": "Feature",
            "geometry": {
                "type": "Point",
                "coordinates": [
                    130.1838495,
                    33.549484
                ]
            },
            "properties": {
                "branch": "smart糸島荻浦店",
                "brand": "トライアル",
                "brand:en": "Trial",
                "brand:ja": "トライアル",
                "brand:wikidata": "Q11321723",
                "building": "yes",
                "name": "トライアル",
                "name:en": "Trial",
                "name:ja": "トライアル",
                "opening_hours": "24/7",
                "phone": "+81-92-332-1311",
                "shop": "supermarket",
                "website": "https://www.trial-net.co.jp/shops/717/?y_source=1_MTA4Njc4MTg5OC03MTUtbG9jYXRpb24ud2Vic2l0ZQ%3D%3D",
                "osm_type": "way",
                "osm_id": 1465010934,
                "tag": "shop=supermarket"
            }
        },
        {
            "type": "Feature",
            "geometry": {
                "type": "Point",
                "coordinates": [
                    130.8874359,
                    33.8766425
                ]
            },
            "properties": {
                "brand": "イオン",
                "brand:en": "AEON",
                "brand:ja": "イオン",
                "brand:wikidata": "Q11285951",
                "building": "yes",
                "name": "イオン",
                "name:en": "AEON",
                "name:ja": "イオン",
                "shop": "supermarket",
                "osm_type": "way",
                "osm_id": 1485720843,
                "tag": "shop=supermarket"
            }
        }
    ]
}
